Genome,Scheme,ST,pgm,gltA,uncA,tkt,glnA,aspA,glyA
GCF_000752375.fna.gz,cjejuni,50,2,12,5,1,1,2,3
GCF_001230585.fna.gz,cjejuni,50,2,12,5,1,1,2,3
GCF_001231005.fna.gz,cjejuni,5,10,5,6,3,2,7,2
GCF_001239445.fna.gz,cjejuni,51,23,2,12,3,17,7,15
GCF_001292025.fna.gz,cjejuni,814,141,4,1,34,75,2,48
GCF_001407455.fna.gz,cjejuni,464,10,2,1,3,2,24,2
GCF_001237345.fna.gz,cjejuni,5731,10,2,12,3,2,24,2
GCF_001232325.fna.gz,cjejuni,572,2,5,5,1,4,62,2
GCF_001225025.fna.gz,cjejuni,441,2,2,6,3,1,7,83
GCF_001417165.fna.gz,cjejuni,222,59,5,5,1,21,2,2
GCF_001418855.fna.gz,cjejuni,8171,127,2,6,3,21,14,10
GCF_001233685.fna.gz,cjejuni,50,2,12,5,1,1,2,3
GCF_001235625.fna.gz,cjejuni,1301,127,57,35,29,115,2,26
GCF_001236085.fna.gz,cjejuni,51,23,2,12,3,17,7,15
GCF_001226745.fna.gz,cjejuni,21,2,1,5,1,1,2,3
GCF_001228745.fna.gz,cjejuni,48,7,1,5,1,4,2,2
GCF_001229065.fna.gz,cjejuni,1044,19,2,6,3,10,2,4
GCF_000752795.fna.gz,cjejuni,50,2,12,5,1,1,2,3
GCF_001239485.fna.gz,cjejuni,3534,134,111,16,153,81,64,143
GCF_001291965.fna.gz,cjejuni,5,10,5,6,3,2,7,2
GCF_001230605.fna.gz,cjejuni,42,5,3,3,9,2,1,4
GCF_001225045.fna.gz,cjejuni,48,7,1,5,1,4,2,2
GCF_001407475.fna.gz,cjejuni,1707,11,5,1,3,2,9,2
GCF_001407575.fna.gz,cjejuni,42,5,3,3,9,2,1,4
GCF_001235765.fna.gz,cjejuni,5728,10,4,35,488,59,2,38
GCF_001228805.fna.gz,cjejuni,464,10,2,1,3,2,24,2
GCF_001237385.fna.gz,cjejuni,572,2,5,5,1,4,62,2
GCF_001237605.fna.gz,cjejuni,257,4,4,6,5,2,9,62
GCF_001233745.fna.gz,cjejuni,21,2,1,5,1,1,2,3
GCF_001226825.fna.gz,cjejuni,3029,363,4,35,3,53,22,28
GCF_001417285.fna.gz,cjejuni,2934,167,5,6,67,112,7,2
GCF_001418905.fna.gz,cjejuni,2109,10,10,1,7,7,4,4
GCF_001232365.fna.gz,cjejuni,904,23,5,1,3,2,24,53
GCF_001239645.fna.gz,cjejuni,5730,22,5,1,5,17,7,2
GCF_001291805.fna.gz,cjejuni,814,141,4,1,34,75,2,48
GCF_001235825.fna.gz,cjejuni,257,4,4,6,5,2,9,62
GCF_001225065.fna.gz,cjejuni,233,1,10,1,7,7,2,4
GCF_000753015.fna.gz,cjejuni,50,2,12,5,1,1,2,3
GCF_001230685.fna.gz,cjejuni,21,2,1,5,1,1,2,3
GCF_001230905.fna.gz,cjejuni,354,11,2,6,12,10,8,2
GCF_001407495.fna.gz,cjejuni,45,1,10,1,7,7,4,4
GCF_001407655.fna.gz,cjejuni,48,7,1,5,1,4,2,2
GCF_001228825.fna.gz,cjejuni,990,4,4,6,133,2,9,62
GCF_001237465.fna.gz,cjejuni,5,10,5,6,3,2,7,2
GCF_001237645.fna.gz,cjejuni,658,19,2,6,3,4,2,4
GCF_001233765.fna.gz,cjejuni,45,1,10,1,7,7,4,4
GCF_001226845.fna.gz,cjejuni,2030,4,4,12,5,2,9,62
GCF_001418835.fna.gz,cjejuni,2140,11,2,3,3,53,9,53
GCF_001418915.fna.gz,cjejuni,2109,10,10,1,7,7,4,4
GCF_001232405.fna.gz,cjejuni,257,4,4,6,5,2,9,62
GCF_001239685.fna.gz,cjejuni,986,169,42,8,9,2,91,4
GCF_001291825.fna.gz,cjejuni,132,12,22,1,28,6,1,24
GCF_001235925.fna.gz,cjejuni,2030,4,4,12,5,2,9,62
GCF_001230705.fna.gz,cjejuni,21,2,1,5,1,1,2,3
GCF_000753095.fna.gz,cjejuni,50,2,12,5,1,1,2,3
GCF_001225105.fna.gz,cjejuni,273,60,5,5,1,21,2,37
GCF_001225205.fna.gz,cjejuni,1044,19,2,6,3,10,2,4
GCF_001407515.fna.gz,cjejuni,47,2,1,5,1,1,2,5
GCF_001228865.fna.gz,cjejuni,614,86,2,6,3,21,73,10
GCF_001237545.fna.gz,cjejuni,574,11,2,3,3,53,7,10
GCF_001237745.fna.gz,cjejuni,354,11,2,6,12,10,8,2
GCF_001233805.fna.gz,cjejuni,5758,11,5,6,3,422,7,10
GCF_001226945.fna.gz,cjejuni,574,11,2,3,3,53,7,10
GCF_001420455.fna.gz,cjejuni,9676,141,600,1,34,75,37,48
GCF_001441735.fna.gz,cjejuni,8177,303,29,35,25,222,3,250
GCF_001232425.fna.gz,cjejuni,42,5,3,3,9,2,1,4
GCF_001291505.fna.gz,cjejuni,814,141,4,1,34,75,2,48
GCF_001291925.fna.gz,cjejuni,45,1,10,1,7,7,4,4
GCF_001235965.fna.gz,cjejuni,21,2,1,5,1,1,2,3
GCF_001237565.fna.gz,cjejuni,21,2,1,5,1,1,2,3
GCF_001237785.fna.gz,cjejuni,45,1,10,1,7,7,4,4
GCF_001233905.fna.gz,cjejuni,583,42,10,1,51,7,4,4
GCF_001227065.fna.gz,cjejuni,21,2,1,5,1,1,2,3
GCF_001407535.fna.gz,cjejuni,441,2,2,6,3,1,7,83
GCF_001407595.fna.gz,cjejuni,122,2,5,5,1,4,6,2
GCF_001228945.fna.gz,cjejuni,19,2,5,5,1,1,2,3
GCF_001420485.fna.gz,cjejuni,-,86,4,1,59,75,7,64
GCF_001441755.fna.gz,cjejuni,6052,22,1,5,1,4,2,2
GCF_000753175.fna.gz,cjejuni,50,2,12,5,1,1,2,3
GCF_001232465.fna.gz,cjejuni,464,10,2,1,3,2,24,2
GCF_001232545.fna.gz,cjejuni,353,10,5,6,3,17,7,2
GCF_001230725.fna.gz,cjejuni,51,23,2,12,3,17,7,15
GCF_001225165.fna.gz,cjejuni,21,2,1,5,1,1,2,3
GCF_001235985.fna.gz,cjejuni,19,2,5,5,1,1,2,3
GCF_001236105.fna.gz,cjejuni,21,2,1,5,1,1,2,3
GCF_001432345.fna.gz,cjejuni,3579,11,27,6,1,4,7,68
GCF_001442025.fna.gz,cjejuni,353,10,5,6,3,17,7,2
GCF_001291585.fna.gz,cjejuni,52,22,2,6,3,25,9,10
GCF_001292145.fna.gz,cjejuni,814,141,4,1,34,75,2,48
GCF_001237585.fna.gz,cjejuni,52,22,2,6,3,25,9,10
GCF_001229025.fna.gz,cjejuni,21,2,1,5,1,1,2,3
GCF_001407555.fna.gz,cjejuni,122,2,5,5,1,4,6,2
GCF_001407635.fna.gz,cjejuni,354,11,2,6,12,10,8,2
GCF_001233965.fna.gz,cjejuni,21,2,1,5,1,1,2,3
GCF_000753295.fna.gz,cjejuni,50,2,12,5,1,1,2,3
GCF_001230865.fna.gz,cjejuni,21,2,1,5,1,1,2,3
GCF_001230945.fna.gz,cjejuni,48,7,1,5,1,4,2,2
GCF_001232485.fna.gz,cjejuni,51,23,2,12,3,17,7,15
GCF_001232565.fna.gz,cjejuni,3769,2,12,12,1,1,2,3
GCF_001225185.fna.gz,cjejuni,-,,,5,1,4,2,2
GCF_001227125.fna.gz,cjejuni,904,23,5,1,3,2,24,53
GCF_001227265.fna.gz,cjejuni,5,10,5,6,3,2,7,2
GCF_000759575.fna.gz,cjejuni,44,2,6,1,1,1,8,3
GCF_001225325.fna.gz,cjejuni,48,7,1,5,1,4,2,2
GCF_001225565.fna.gz,cjejuni,48,7,1,5,1,4,2,2
GCF_001231085.fna.gz,cjejuni,572,2,5,5,1,4,62,2
GCF_001231245.fna.gz,cjejuni,5,10,5,6,3,2,7,2
GCF_001232745.fna.gz,cjejuni,50,2,12,5,1,1,2,3
GCF_001236125.fna.gz,cjejuni,5756,86,2,6,3,21,73,465
GCF_001236345.fna.gz,cjejuni,50,2,12,5,1,1,2,3
GCF_001238105.fna.gz,cjejuni,2274,350,5,3,3,17,9,10
GCF_001238765.fna.gz,cjejuni,3102,11,12,5,1,84,2,3
GCF_001229085.fna.gz,cjejuni,2274,350,5,3,3,17,9,10
GCF_001488115.fna.gz,cjejuni,48,7,1,5,1,4,2,2
GCF_001494015.fna.gz,cjejuni,262,2,1,3,1,1,2,3
GCF_001292285.fna.gz,cjejuni,814,141,4,1,34,75,2,48
GCF_001406935.fna.gz,cjejuni,52,22,2,6,3,25,9,10
GCF_001407755.fna.gz,cjejuni,572,2,5,5,1,4,62,2
GCF_001227285.fna.gz,cjejuni,21,2,1,5,1,1,2,3
GCF_001233985.fna.gz,cjejuni,2314,332,4,23,7,61,2,64
GCF_001234285.fna.gz,cjejuni,50,2,12,5,1,1,2,3
GCF_000772225.fna.gz,cjejuni,3644,11,27,6,3,4,7,68
GCF_001225265.fna.gz,cjejuni,1709,74,4,23,25,15,22,64
GCF_001225465.fna.gz,cjejuni,356,11,5,6,3,17,14,2
GCF_001231045.fna.gz,cjejuni,882,93,5,46,3,4,7,68
GCF_001231205.fna.gz,cjejuni,5739,13,5,26,1,112,315,2
GCF_001232705.fna.gz,cjejuni,45,1,10,1,7,7,4,4
GCF_001232945.fna.gz,cjejuni,257,4,4,6,5,2,9,62
GCF_001457695.fna.gz,cjejuni,403,10,16,7,5,27,10,19
GCF_001491675.fna.gz,cjejuni,8333,134,20,16,204,22,64,97
GCF_001292385.fna.gz,cjejuni,814,141,4,1,34,75,2,48
GCF_001406955.fna.gz,cjejuni,22,3,6,3,3,3,1,4
GCF_001236305.fna.gz,cjejuni,354,11,2,6,12,10,8,2
GCF_001229145.fna.gz,cjejuni,1900,19,2,6,1,4,7,2
GCF_001237865.fna.gz,cjejuni,50,2,12,5,1,1,2,3
GCF_001238165.fna.gz,cjejuni,883,2,2,5,1,17,2,3
GCF_001234065.fna.gz,cjejuni,464,10,2,1,3,2,24,2
GCF_001407675.fna.gz,cjejuni,45,1,10,1,7,7,4,4
GCF_001407775.fna.gz,cjejuni,443,23,2,12,3,17,24,15
GCF_001227425.fna.gz,cjejuni,400,10,5,6,59,17,8,2
GCF_001442185.fna.gz,cjejuni,3510,13,5,6,3,17,7,2
GCF_001488675.fna.gz,cjejuni,8333,134,20,16,204,22,64,97
GCF_001494515.fna.gz,cjejuni,257,4,4,6,5,2,9,62
GCF_001231105.fna.gz,cjejuni,45,1,10,1,7,7,4,4
GCF_000830775.fna.gz,cjejuni,43,4,5,5,1,1,2,3
GCF_001232585.fna.gz,cjejuni,61,6,2,17,3,4,1,2
GCF_001232885.fna.gz,cjejuni,50,2,12,5,1,1,2,3
GCF_001292185.fna.gz,cjejuni,814,141,4,1,34,75,2,48
GCF_001292485.fna.gz,cjejuni,257,4,4,6,5,2,9,62
GCF_001229225.fna.gz,cjejuni,53,2,21,5,1,1,2,3
GCF_001236165.fna.gz,cjejuni,50,2,12,5,1,1,2,3
GCF_001236385.fna.gz,cjejuni,53,2,21,5,1,1,2,3
GCF_001234085.fna.gz,cjejuni,45,1,10,1,7,7,4,4
GCF_001237885.fna.gz,cjejuni,403,10,16,7,5,27,10,19
GCF_001238185.fna.gz,cjejuni,21,2,1,5,1,1,2,3
GCF_001225345.fna.gz,cjejuni,22,3,6,3,3,3,1,4
GCF_001407695.fna.gz,cjejuni,2180,11,2,5,3,4,2,25
GCF_001407795.fna.gz,cjejuni,356,11,5,6,3,17,14,2
GCF_001442255.fna.gz,cjejuni,462,11,5,6,3,17,7,2
GCF_001489095.fna.gz,cjejuni,262,2,1,3,1,1,2,3
GCF_001496075.fna.gz,cjejuni,257,4,4,6,5,2,9,62
GCF_001223725.fna.gz,cjejuni,61,6,2,17,3,4,1,2
GCF_001227305.fna.gz,cjejuni,677,120,50,52,76,81,10,99
GCF_001227465.fna.gz,cjejuni,574,11,2,3,3,53,7,10
GCF_001292205.fna.gz,cjejuni,574,11,2,3,3,53,7,10
GCF_001299565.fna.gz,cjejuni,362,11,49,8,66,2,1,4
GCF_001229245.fna.gz,cjejuni,50,2,12,5,1,1,2,3
GCF_001236205.fna.gz,cjejuni,1911,119,5,26,178,84,7,10
GCF_001236445.fna.gz,cjejuni,45,1,10,1,7,7,4,4
GCF_001234145.fna.gz,cjejuni,50,2,12,5,1,1,2,3
GCF_001237965.fna.gz,cjejuni,572,2,5,5,1,4,62,2
GCF_001238245.fna.gz,cjejuni,21,2,1,5,1,1,2,3
GCF_001231165.fna.gz,cjejuni,5136,10,2,3,3,2,24,2
GCF_001232665.fna.gz,cjejuni,464,10,2,1,3,2,24,2
GCF_001232905.fna.gz,cjejuni,50,2,12,5,1,1,2,3
GCF_001225385.fna.gz,cjejuni,5,10,5,6,3,2,7,2
GCF_001407715.fna.gz,cjejuni,61,6,2,17,3,4,1,2
GCF_001407815.fna.gz,cjejuni,904,23,5,1,3,2,24,53
GCF_001442295.fna.gz,cjejuni,48,7,1,5,1,4,2,2
GCF_001490635.fna.gz,cjejuni,677,120,50,52,76,81,10,99
GCF_001498975.fna.gz,cjejuni,45,1,10,1,7,7,4,4
GCF_001223745.fna.gz,cjejuni,21,2,1,5,1,1,2,3
GCF_001227345.fna.gz,cjejuni,475,19,1,5,62,4,2,4
GCF_001227485.fna.gz,cjejuni,403,10,16,7,5,27,10,19
GCF_001292245.fna.gz,cjejuni,4279,43,22,31,86,22,27,376
GCF_001299595.fna.gz,cjejuni,362,11,49,8,66,2,1,4
GCF_001229325.fna.gz,cjejuni,21,2,1,5,1,1,2,3
GCF_001236225.fna.gz,cjejuni,50,2,12,5,1,1,2,3
GCF_001236525.fna.gz,cjejuni,573,17,4,12,34,28,7,28
GCF_001234165.fna.gz,cjejuni,257,4,4,6,5,2,9,62
GCF_001232825.fna.gz,cjejuni,21,2,1,5,1,1,2,3
GCF_001238065.fna.gz,cjejuni,50,2,12,5,1,1,2,3
GCF_001238565.fna.gz,cjejuni,2030,4,4,12,5,2,9,62
GCF_001231185.fna.gz,cjejuni,1709,74,4,23,25,15,22,64
GCF_001225405.fna.gz,cjejuni,53,2,21,5,1,1,2,3
GCF_001407735.fna.gz,cjejuni,47,2,1,5,1,1,2,5
GCF_001407855.fna.gz,cjejuni,262,2,1,3,1,1,2,3
GCF_001442335.fna.gz,cjejuni,8813,798,512,6,3,2,7,2
GCF_001491455.fna.gz,cjejuni,574,11,2,3,3,53,7,10
GCF_001506185.fna.gz,cjejuni,677,120,50,52,76,81,10,99
GCF_001223765.fna.gz,cjejuni,50,2,12,5,1,1,2,3
GCF_001227405.fna.gz,cjejuni,53,2,21,5,1,1,2,3
GCF_001227525.fna.gz,cjejuni,48,7,1,5,1,4,2,2
GCF_001292265.fna.gz,cjejuni,50,2,12,5,1,1,2,3
GCF_001314285.fna.gz,cjejuni,50,2,12,5,1,1,2,3
GCF_001236325.fna.gz,cjejuni,508,12,60,1,28,6,1,24
GCF_001234225.fna.gz,cjejuni,21,2,1,5,1,1,2,3
GCF_001229365.fna.gz,cjejuni,61,6,2,17,3,4,1,2
GCF_001232725.fna.gz,cjejuni,267,42,40,1,51,7,4,4
GCF_001232925.fna.gz,cjejuni,48,7,1,5,1,4,2,2
GCF_001238125.fna.gz,cjejuni,45,1,10,1,7,7,4,4
GCF_001238785.fna.gz,cjejuni,573,17,4,12,34,28,7,28
GCF_001225425.fna.gz,cjejuni,574,11,2,3,3,53,7,10
GCF_001407995.fna.gz,cjejuni,42,5,3,3,9,2,1,4
GCF_001231425.fna.gz,cjejuni,21,2,1,5,1,1,2,3
GCF_001506205.fna.gz,cjejuni,677,120,50,52,76,81,10,99
GCF_001506265.fna.gz,cjejuni,794,120,50,52,76,81,10,87
GCF_001506405.fna.gz,cjejuni,794,120,50,52,76,81,10,87
GCF_001223845.fna.gz,cjejuni,658,19,2,6,3,4,2,4
GCF_001227605.fna.gz,cjejuni,353,10,5,6,3,17,7,2
GCF_001228005.fna.gz,cjejuni,137,42,10,1,7,7,4,4
GCF_001406975.fna.gz,cjejuni,148,2,6,5,1,1,2,3
GCF_001407095.fna.gz,cjejuni,464,10,2,1,3,2,24,2
GCF_001236725.fna.gz,cjejuni,2401,94,20,16,103,105,64,287
GCF_001229445.fna.gz,cjejuni,5,10,5,6,3,2,7,2
GCF_001225645.fna.gz,cjejuni,5,10,5,6,3,2,7,2
GCF_001407895.fna.gz,cjejuni,2123,2,42,8,25,2,1,4
GCF_001408015.fna.gz,cjejuni,19,2,5,5,1,1,2,3
GCF_001234305.fna.gz,cjejuni,2274,350,5,3,3,17,9,10
GCF_001233005.fna.gz,cjejuni,2258,2,2,5,68,84,2,68
GCF_001238805.fna.gz,cjejuni,42,5,3,3,9,2,1,4
GCF_001238985.fna.gz,cjejuni,573,17,4,12,34,28,7,28
GCF_001231505.fna.gz,cjejuni,81,6,2,17,3,4,2,2
GCF_001506225.fna.gz,cjejuni,677,120,50,52,76,81,10,99
GCF_001506285.fna.gz,cjejuni,677,120,50,52,76,81,10,99
GCF_001506425.fna.gz,cjejuni,677,120,50,52,76,81,10,99
GCF_001223885.fna.gz,cjejuni,585,97,61,48,89,74,69,6
GCF_001227665.fna.gz,cjejuni,861,148,42,5,1,1,2,3
GCF_001228125.fna.gz,cjejuni,5729,2,2,6,3,114,7,83
GCF_001236545.fna.gz,cjejuni,21,2,1,5,1,1,2,3
GCF_001236765.fna.gz,cjejuni,48,7,1,5,1,4,2,2
GCF_001406995.fna.gz,cjejuni,904,23,5,1,3,2,24,53
GCF_001407115.fna.gz,cjejuni,824,11,2,6,5,2,9,2
GCF_001229465.fna.gz,cjejuni,53,2,21,5,1,1,2,3
GCF_001225685.fna.gz,cjejuni,61,6,2,17,3,4,1,2
GCF_001232965.fna.gz,cjejuni,21,2,1,5,1,1,2,3
GCF_001233105.fna.gz,cjejuni,137,42,10,1,7,7,4,4
GCF_001238965.fna.gz,cjejuni,5,10,5,6,3,2,7,2
GCF_001239205.fna.gz,cjejuni,464,10,2,1,3,2,24,2
GCF_001407975.fna.gz,cjejuni,45,1,10,1,7,7,4,4
GCF_001408135.fna.gz,cjejuni,429,11,5,5,1,4,7,2
GCF_001234325.fna.gz,cjejuni,132,12,22,1,28,6,1,24
GCF_001231585.fna.gz,cjejuni,257,4,4,6,5,2,9,62
GCF_001506245.fna.gz,cjejuni,677,120,50,52,76,81,10,99
GCF_001506385.fna.gz,cjejuni,677,120,50,52,76,81,10,99
GCF_001223925.fna.gz,cjejuni,50,2,12,5,1,1,2,3
GCF_001227765.fna.gz,cjejuni,572,2,5,5,1,4,62,2
GCF_001228165.fna.gz,cjejuni,50,2,12,5,1,1,2,3
GCF_001236605.fna.gz,cjejuni,574,11,2,3,3,53,7,10
GCF_001236785.fna.gz,cjejuni,51,23,2,12,3,17,7,15
GCF_001407015.fna.gz,cjejuni,47,2,1,5,1,1,2,5
GCF_001407135.fna.gz,cjejuni,48,7,1,5,1,4,2,2
GCF_001229485.fna.gz,cjejuni,257,4,4,6,5,2,9,62
GCF_001225745.fna.gz,cjejuni,1040,11,1,6,3,84,7,10
GCF_001238825.fna.gz,cjejuni,267,42,40,1,51,7,4,4
GCF_001239025.fna.gz,cjejuni,5727,2,12,5,1,1,2,462
GCF_001233025.fna.gz,cjejuni,19,2,5,5,1,1,2,3
GCF_001231605.fna.gz,cjejuni,572,2,5,5,1,4,62,2
GCF_001407915.fna.gz,cjejuni,583,42,10,1,51,7,4,4
GCF_001408055.fna.gz,cjejuni,7546,385,80,212,25,257,2,243
GCF_001506305.fna.gz,cjejuni,677,120,50,52,76,81,10,99
GCF_001506445.fna.gz,cjejuni,677,120,50,52,76,81,10,99
GCF_001234425.fna.gz,cjejuni,132,12,22,1,28,6,1,24
GCF_001224005.fna.gz,cjejuni,861,148,42,5,1,1,2,3
GCF_001227785.fna.gz,cjejuni,5726,2,5,5,1,1,2,462
GCF_001228225.fna.gz,cjejuni,2030,4,4,12,5,2,9,62
GCF_001236645.fna.gz,cjejuni,464,10,2,1,3,2,24,2
GCF_001236805.fna.gz,cjejuni,267,42,40,1,51,7,4,4
GCF_001407035.fna.gz,cjejuni,51,23,2,12,3,17,7,15
GCF_001407195.fna.gz,cjejuni,122,2,5,5,1,4,6,2
GCF_001229505.fna.gz,cjejuni,53,2,21,5,1,1,2,3
GCF_001225785.fna.gz,cjejuni,48,7,1,5,1,4,2,2
GCF_001231345.fna.gz,cjejuni,19,2,5,5,1,1,2,3
GCF_001231625.fna.gz,cjejuni,51,23,2,12,3,17,7,15
GCF_001407935.fna.gz,cjejuni,48,7,1,5,1,4,2,2
GCF_001408095.fna.gz,cjejuni,441,2,2,6,3,1,7,83
GCF_001233065.fna.gz,cjejuni,51,23,2,12,3,17,7,15
GCF_001238885.fna.gz,cjejuni,21,2,1,5,1,1,2,3
GCF_001239045.fna.gz,cjejuni,449,11,5,6,67,71,7,62
GCF_001506345.fna.gz,cjejuni,677,120,50,52,76,81,10,99
GCF_001506465.fna.gz,cjejuni,677,120,50,52,76,81,10,99
GCF_001234505.fna.gz,cjejuni,5717,332,4,23,7,421,2,64
GCF_001224025.fna.gz,cjejuni,227,2,5,5,1,4,2,2
GCF_001227805.fna.gz,cjejuni,572,2,5,5,1,4,62,2
GCF_001228245.fna.gz,cjejuni,206,2,5,5,1,21,2,37
GCF_001236665.fna.gz,cjejuni,354,11,2,6,12,10,8,2
GCF_001236845.fna.gz,cjejuni,48,7,1,5,1,4,2,2
GCF_001407055.fna.gz,cjejuni,45,1,10,1,7,7,4,4
GCF_001407315.fna.gz,cjejuni,50,2,12,5,1,1,2,3
GCF_001229545.fna.gz,cjejuni,206,2,5,5,1,21,2,37
GCF_001225805.fna.gz,cjejuni,257,4,4,6,5,2,9,62
GCF_001231385.fna.gz,cjejuni,48,7,1,5,1,4,2,2
GCF_001231685.fna.gz,cjejuni,257,4,4,6,5,2,9,62
GCF_001407955.fna.gz,cjejuni,883,2,2,5,1,17,2,3
GCF_001408115.fna.gz,cjejuni,2364,11,5,6,3,249,14,2
GCF_001233085.fna.gz,cjejuni,2135,2,6,12,1,1,8,3
GCF_001238945.fna.gz,cjejuni,933,10,59,7,5,1,10,19
GCF_001239105.fna.gz,cjejuni,572,2,5,5,1,4,62,2
GCF_001506365.fna.gz,cjejuni,677,120,50,52,76,81,10,99
GCF_001506485.fna.gz,cjejuni,677,120,50,52,76,81,10,99
GCF_001234565.fna.gz,cjejuni,51,23,2,12,3,17,7,15
GCF_001224105.fna.gz,cjejuni,47,2,1,5,1,1,2,5
GCF_001227845.fna.gz,cjejuni,1947,3,6,3,3,94,1,4
GCF_001228305.fna.gz,cjejuni,2274,350,5,3,3,17,9,10
GCF_001236705.fna.gz,cjejuni,52,22,2,6,3,25,9,10
GCF_001236865.fna.gz,cjejuni,45,1,10,1,7,7,4,4
GCF_001407075.fna.gz,cjejuni,356,11,5,6,3,17,14,2
GCF_001407345.fna.gz,cjejuni,51,23,2,12,3,17,7,15
GCF_001229645.fna.gz,cjejuni,50,2,12,5,1,1,2,3
GCF_001225845.fna.gz,cjejuni,61,6,2,17,3,4,1,2
GCF_001231405.fna.gz,cjejuni,573,17,4,12,34,28,7,28
GCF_001231705.fna.gz,cjejuni,61,6,2,17,3,4,1,2
GCF_000009085.fna.gz,cjejuni,43,4,5,5,1,1,2,3
GCF_001233245.fna.gz,cjejuni,257,4,4,6,5,2,9,62
GCF_001239265.fna.gz,cjejuni,573,17,4,12,34,28,7,28
GCF_001408175.fna.gz,cjejuni,52,22,2,6,3,25,9,10
GCF_001418935.fna.gz,cjejuni,50,2,12,5,1,1,2,3
GCF_001419475.fna.gz,cjejuni,2109,10,10,1,7,7,4,4
GCF_001506605.fna.gz,cjejuni,794,120,50,52,76,81,10,87
GCF_001234605.fna.gz,cjejuni,2030,4,4,12,5,2,9,62
GCF_001224125.fna.gz,cjejuni,21,2,1,5,1,1,2,3
GCF_001228425.fna.gz,cjejuni,222,59,5,5,1,21,2,2
GCF_001228585.fna.gz,cjejuni,22,3,6,3,3,3,1,4
GCF_001236905.fna.gz,cjejuni,50,2,12,5,1,1,2,3
GCF_001237205.fna.gz,cjejuni,132,12,22,1,28,6,1,24
GCF_001412295.fna.gz,cjejuni,137,42,10,1,7,7,4,4
GCF_001419195.fna.gz,cjejuni,2109,10,10,1,7,7,4,4
GCF_001229665.fna.gz,cjejuni,122,2,5,5,1,4,6,2
GCF_001225885.fna.gz,cjejuni,21,2,1,5,1,1,2,3
GCF_001231745.fna.gz,cjejuni,273,60,5,5,1,21,2,37
GCF_001232125.fna.gz,cjejuni,354,11,2,6,12,10,8,2
GCF_001233185.fna.gz,cjejuni,257,4,4,6,5,2,9,62
GCF_001233465.fna.gz,cjejuni,50,2,12,5,1,1,2,3
GCF_001418985.fna.gz,cjejuni,-,,10,1,7,7,4,4
GCF_001419505.fna.gz,cjejuni,22,3,6,3,3,3,1,4
GCF_001239325.fna.gz,cjejuni,508,12,60,1,28,6,1,24
GCF_001506505.fna.gz,cjejuni,677,120,50,52,76,81,10,99
GCF_001506625.fna.gz,cjejuni,677,120,50,52,76,81,10,99
GCF_001234665.fna.gz,cjejuni,61,6,2,17,3,4,1,2
GCF_001224205.fna.gz,cjejuni,904,23,5,1,3,2,24,53
GCF_001228445.fna.gz,cjejuni,1709,74,4,23,25,15,22,64
GCF_001228605.fna.gz,cjejuni,21,2,1,5,1,1,2,3
GCF_001236945.fna.gz,cjejuni,45,1,10,1,7,7,4,4
GCF_001237265.fna.gz,cjejuni,50,2,12,5,1,1,2,3
GCF_001416835.fna.gz,cjejuni,7729,741,5,6,67,112,7,2
GCF_001419245.fna.gz,cjejuni,6091,11,5,5,203,4,2,25
GCF_001229685.fna.gz,cjejuni,42,5,3,3,9,2,1,4
GCF_001225925.fna.gz,cjejuni,5,10,5,6,3,2,7,2
GCF_001231765.fna.gz,cjejuni,5732,10,2,1,59,2,24,2
GCF_001232145.fna.gz,cjejuni,354,11,2,6,12,10,8,2
GCF_001233225.fna.gz,cjejuni,5738,13,5,5,3,84,160,10
GCF_001233545.fna.gz,cjejuni,5597,90,42,8,25,2,10,4
GCF_001419025.fna.gz,cjejuni,8812,694,292,469,25,490,37,28
GCF_001419625.fna.gz,cjejuni,8814,799,12,1,7,7,4,4
GCF_001239345.fna.gz,cjejuni,122,2,5,5,1,4,6,2
GCF_001506545.fna.gz,cjejuni,677,120,50,52,76,81,10,99
GCF_001506665.fna.gz,cjejuni,677,120,50,52,76,81,10,99
GCF_001234685.fna.gz,cjejuni,429,11,5,5,1,4,7,2
GCF_001224265.fna.gz,cjejuni,50,2,12,5,1,1,2,3
GCF_001228485.fna.gz,cjejuni,19,2,5,5,1,1,2,3
GCF_001228625.fna.gz,cjejuni,312,19,2,6,3,45,14,4
GCF_001237005.fna.gz,cjejuni,574,11,2,3,3,53,7,10
GCF_001407365.fna.gz,cjejuni,21,2,1,5,1,1,2,3
GCF_001419065.fna.gz,cjejuni,1233,10,5,6,177,17,7,10
GCF_001419635.fna.gz,cjejuni,2109,10,10,1,7,7,4,4
GCF_001229825.fna.gz,cjejuni,2274,350,5,3,3,17,9,10
GCF_001226005.fna.gz,cjejuni,51,23,2,12,3,17,7,15
GCF_001231785.fna.gz,cjejuni,48,7,1,5,1,4,2,2
GCF_001232165.fna.gz,cjejuni,22,3,6,3,3,3,1,4
GCF_001418925.fna.gz,cjejuni,2109,10,10,1,7,7,4,4
GCF_001419295.fna.gz,cjejuni,5453,40,137,3,478,6,1,176
GCF_001239365.fna.gz,cjejuni,572,2,5,5,1,4,62,2
GCF_001233285.fna.gz,cjejuni,844,7,1,5,1,4,2,3
GCF_001506525.fna.gz,cjejuni,677,120,50,52,76,81,10,99
GCF_001506645.fna.gz,cjejuni,794,120,50,52,76,81,10,87
GCF_001234745.fna.gz,cjejuni,2844,2,2,6,59,21,24,2
GCF_001224325.fna.gz,cjejuni,21,2,1,5,1,1,2,3
GCF_001228525.fna.gz,cjejuni,50,2,12,5,1,1,2,3
GCF_001228665.fna.gz,cjejuni,21,2,1,5,1,1,2,3
GCF_001237085.fna.gz,cjejuni,262,2,1,3,1,1,2,3
GCF_001407415.fna.gz,cjejuni,572,2,5,5,1,4,62,2
GCF_001419085.fna.gz,cjejuni,48,7,1,5,1,4,2,2
GCF_001419645.fna.gz,cjejuni,2109,10,10,1,7,7,4,4
GCF_001229945.fna.gz,cjejuni,845,1,73,1,7,7,4,4
GCF_001226025.fna.gz,cjejuni,986,169,42,8,9,2,91,4
GCF_001231845.fna.gz,cjejuni,5,10,5,6,3,2,7,2
GCF_001232205.fna.gz,cjejuni,48,7,1,5,1,4,2,2
GCF_001408155.fna.gz,cjejuni,367,4,4,6,5,2,2,62
GCF_001408235.fna.gz,cjejuni,50,2,12,5,1,1,2,3
GCF_001419185.fna.gz,cjejuni,2109,10,10,1,7,7,4,4
GCF_001233305.fna.gz,cjejuni,523,11,1,6,3,4,2,93
GCF_001506565.fna.gz,cjejuni,677,120,50,52,76,81,10,99
GCF_001506685.fna.gz,cjejuni,677,120,50,52,76,81,10,99
GCF_001234865.fna.gz,cjejuni,61,6,2,17,3,4,1,2
GCF_001224345.fna.gz,cjejuni,572,2,5,5,1,4,62,2
GCF_001228545.fna.gz,cjejuni,1044,19,2,6,3,10,2,4
GCF_001230085.fna.gz,cjejuni,21,2,1,5,1,1,2,3
GCF_001237125.fna.gz,cjejuni,5136,10,2,3,3,2,24,2
GCF_001407435.fna.gz,cjejuni,148,2,6,5,1,1,2,3
GCF_001419105.fna.gz,cjejuni,50,2,12,5,1,1,2,3
GCF_001420435.fna.gz,cjejuni,1953,86,2,1,3,17,7,2
GCF_001229985.fna.gz,cjejuni,2361,23,2,12,3,254,7,15
GCF_001226045.fna.gz,cjejuni,42,5,3,3,9,2,1,4
GCF_001231905.fna.gz,cjejuni,5018,492,1,5,1,1,2,3
GCF_001232265.fna.gz,cjejuni,45,1,10,1,7,7,4,4
GCF_001239305.fna.gz,cjejuni,50,2,12,5,1,1,2,3
GCF_001408195.fna.gz,cjejuni,904,23,5,1,3,2,24,53
GCF_001419125.fna.gz,cjejuni,8180,11,27,6,3,53,181,10
GCF_001506705.fna.gz,cjejuni,677,120,50,52,76,81,10,99
GCF_001233325.fna.gz,cjejuni,354,11,2,6,12,10,8,2
GCF_001234825.fna.gz,cjejuni,220,40,29,3,32,6,1,2
GCF_001234885.fna.gz,cjejuni,257,4,4,6,5,2,9,62
GCF_001506585.fna.gz,cjejuni,794,120,50,52,76,81,10,87
GCF_001506725.fna.gz,cjejuni,677,120,50,52,76,81,10,99
GCF_001224385.fna.gz,cjejuni,51,23,2,12,3,17,7,15
GCF_001228565.fna.gz,cjejuni,50,2,12,5,1,1,2,3
GCF_001230125.fna.gz,cjejuni,5018,492,1,5,1,1,2,3
GCF_001237145.fna.gz,cjejuni,48,7,1,5,1,4,2,2
GCF_001408215.fna.gz,cjejuni,45,1,10,1,7,7,4,4
GCF_001419165.fna.gz,cjejuni,2109,10,10,1,7,7,4,4
GCF_001506745.fna.gz,cjejuni,677,120,50,52,76,81,10,99
GCF_001230045.fna.gz,cjejuni,1073,89,2,6,12,10,8,2
GCF_001226065.fna.gz,cjejuni,51,23,2,12,3,17,7,15
GCF_001231985.fna.gz,cjejuni,50,2,12,5,1,1,2,3
GCF_001233405.fna.gz,cjejuni,61,6,2,17,3,4,1,2
GCF_000011865.fna.gz,cjejuni,354,11,2,6,12,10,8,2
GCF_001516485.fna.gz,cjejuni,22,3,6,3,3,3,1,4
GCF_001563565.fna.gz,cjejuni,1471,89,2,6,59,171,24,2
GCF_001761865.fna.gz,cjejuni,448,2,22,47,74,70,61,18
GCF_001233625.fna.gz,cjejuni,22,3,6,3,3,3,1,4
GCF_001761585.fna.gz,cjejuni,448,2,22,47,74,70,61,18
GCF_001762595.fna.gz,cjejuni,8822,319,22,47,388,70,18,97
GCF_001235165.fna.gz,cjejuni,464,10,2,1,3,2,24,2
GCF_001224405.fna.gz,cjejuni,21,2,1,5,1,1,2,3
GCF_001230165.fna.gz,cjejuni,464,10,2,1,3,2,24,2
GCF_001507025.fna.gz,cjejuni,677,120,50,52,76,81,10,99
GCF_001507205.fna.gz,cjejuni,794,120,50,52,76,81,10,87
GCF_001516505.fna.gz,cjejuni,22,3,6,3,3,3,1,4
GCF_001761665.fna.gz,cjejuni,9281,43,583,31,350,2,485,104
GCF_001762635.fna.gz,cjejuni,8823,139,22,16,175,70,18,104
GCF_001230405.fna.gz,cjejuni,45,1,10,1,7,7,4,4
GCF_001226085.fna.gz,cjejuni,354,11,2,6,12,10,8,2
GCF_001587015.fna.gz,cjejuni,50,2,12,5,1,1,2,3
GCF_001761885.fna.gz,cjejuni,9282,43,584,31,109,33,1,104
GCF_001233645.fna.gz,cjejuni,42,5,3,3,9,2,1,4
GCF_001587035.fna.gz,cjejuni,50,2,12,5,1,1,2,3
GCF_001761905.fna.gz,cjejuni,8819,134,22,16,101,22,4,189
GCF_001233665.fna.gz,cjejuni,257,4,4,6,5,2,9,62
GCF_001686905.fna.gz,cjejuni,22,3,6,3,3,3,1,4
GCF_001762125.fna.gz,cjejuni,2109,10,10,1,7,7,4,4
GCF_001235245.fna.gz,cjejuni,572,2,5,5,1,4,62,2
GCF_001224465.fna.gz,cjejuni,2135,2,6,12,1,1,8,3
GCF_001230205.fna.gz,cjejuni,19,2,5,5,1,1,2,3
GCF_001507045.fna.gz,cjejuni,677,120,50,52,76,81,10,99
GCF_001507225.fna.gz,cjejuni,677,120,50,52,76,81,10,99
GCF_001516515.fna.gz,cjejuni,5233,2,5,5,1,17,2,3
GCF_001761685.fna.gz,cjejuni,508,12,60,1,28,6,1,24
GCF_001762655.fna.gz,cjejuni,4209,43,263,31,398,2,18,104
GCF_001230525.fna.gz,cjejuni,658,19,2,6,3,4,2,4
GCF_001226145.fna.gz,cjejuni,22,3,6,3,3,3,1,4
GCF_001717625.fna.gz,cjejuni,1839,303,29,35,25,222,2,250
GCF_001762145.fna.gz,cjejuni,45,1,10,1,7,7,4,4
GCF_001234945.fna.gz,cjejuni,5136,10,2,3,3,2,24,2
GCF_001721945.fna.gz,cjejuni,8789,497,12,5,1,1,2,3
GCF_001762165.fna.gz,cjejuni,45,1,10,1,7,7,4,4
GCF_001235365.fna.gz,cjejuni,587,90,42,8,25,2,1,4
GCF_001721965.fna.gz,cjejuni,460,89,2,6,59,30,24,2
GCF_001762175.fna.gz,cjejuni,45,1,10,1,7,7,4,4
GCF_001235565.fna.gz,cjejuni,267,42,40,1,51,7,4,4
GCF_001224485.fna.gz,cjejuni,595,10,1,6,3,2,7,2
GCF_001230245.fna.gz,cjejuni,904,23,5,1,3,2,24,53
GCF_001507085.fna.gz,cjejuni,677,120,50,52,76,81,10,99
GCF_001507265.fna.gz,cjejuni,794,120,50,52,76,81,10,87
GCF_001547595.fna.gz,cjejuni,3930,11,42,8,12,78,7,4
GCF_001761725.fna.gz,cjejuni,5473,115,164,47,86,22,18,97
GCF_001230545.fna.gz,cjejuni,50,2,12,5,1,1,2,3
GCF_001721985.fna.gz,cjejuni,1911,119,5,26,178,84,7,10
GCF_001762255.fna.gz,cjejuni,403,10,16,7,5,27,10,19
GCF_001235585.fna.gz,cjejuni,48,7,1,5,1,4,2,2
GCF_001226225.fna.gz,cjejuni,51,23,2,12,3,17,7,15
GCF_001507185.fna.gz,cjejuni,677,120,50,52,76,81,10,99
GCF_001516495.fna.gz,cjejuni,22,3,6,3,3,3,1,4
GCF_001761645.fna.gz,cjejuni,448,2,22,47,74,70,61,18
GCF_001762615.fna.gz,cjejuni,448,2,22,47,74,70,61,18
GCF_001234965.fna.gz,cjejuni,-,6,52,17,3,4,1,2
GCF_001235065.fna.gz,cjejuni,2030,4,4,12,5,2,9,62
GCF_001762305.fna.gz,cjejuni,448,2,22,47,74,70,61,18
GCF_001224585.fna.gz,cjejuni,48,7,1,5,1,4,2,2
GCF_001230285.fna.gz,cjejuni,122,2,5,5,1,4,6,2
GCF_001507065.fna.gz,cjejuni,677,120,50,52,76,81,10,99
GCF_001507245.fna.gz,cjejuni,677,120,50,52,76,81,10,99
GCF_001516565.fna.gz,cjejuni,45,1,10,1,7,7,4,4
GCF_001761705.fna.gz,cjejuni,3322,205,78,188,86,22,15,18
GCF_001762675.fna.gz,cjejuni,5473,115,164,47,86,22,18,97
GCF_001230565.fna.gz,cjejuni,19,2,5,5,1,1,2,3
GCF_001226245.fna.gz,cjejuni,50,2,12,5,1,1,2,3
GCF_001233585.fna.gz,cjejuni,583,42,10,1,51,7,4,4
GCF_001506865.fna.gz,cjejuni,794,120,50,52,76,81,10,87
GCF_001506945.fna.gz,cjejuni,677,120,50,52,76,81,10,99
GCF_001507105.fna.gz,cjejuni,794,120,50,52,76,81,10,87
GCF_001516405.fna.gz,cjejuni,5233,2,5,5,1,17,2,3
GCF_001547605.fna.gz,cjejuni,1232,11,5,6,3,17,7,10
GCF_001761745.fna.gz,cjejuni,9282,43,584,31,109,33,1,104
GCF_001235005.fna.gz,cjejuni,21,2,1,5,1,1,2,3
GCF_001235125.fna.gz,cjejuni,141,2,10,5,1,1,2,3
GCF_001762555.fna.gz,cjejuni,1888,11,2,6,68,1,3,10
GCF_001224625.fna.gz,cjejuni,464,10,2,1,3,2,24,2
GCF_001230345.fna.gz,cjejuni,904,23,5,1,3,2,24,53
GCF_001506885.fna.gz,cjejuni,677,120,50,52,76,81,10,99
GCF_001506965.fna.gz,cjejuni,677,120,50,52,76,81,10,99
GCF_001507125.fna.gz,cjejuni,677,120,50,52,76,81,10,99
GCF_001516415.fna.gz,cjejuni,51,23,2,12,3,17,7,15
GCF_001547615.fna.gz,cjejuni,2328,153,2,147,253,2,8,212
GCF_001761765.fna.gz,cjejuni,9282,43,584,31,109,33,1,104
GCF_001226345.fna.gz,cjejuni,233,1,10,1,7,7,2,4
GCF_001506825.fna.gz,cjejuni,677,120,50,52,76,81,10,99
GCF_001506905.fna.gz,cjejuni,677,120,50,52,76,81,10,99
GCF_001506985.fna.gz,cjejuni,677,120,50,52,76,81,10,99
GCF_001507145.fna.gz,cjejuni,677,120,50,52,76,81,10,99
GCF_001516425.fna.gz,cjejuni,22,3,6,3,3,3,1,4
GCF_001547625.fna.gz,cjejuni,653,11,2,6,12,17,9,2
GCF_001761785.fna.gz,cjejuni,42,5,3,3,9,2,1,4
GCF_001235045.fna.gz,cjejuni,4811,89,52,5,282,4,6,2
GCF_001235145.fna.gz,cjejuni,356,11,5,6,3,17,14,2
GCF_001762575.fna.gz,cjejuni,1888,11,2,6,68,1,3,10
GCF_001224665.fna.gz,cjejuni,45,1,10,1,7,7,4,4
GCF_001230365.fna.gz,cjejuni,353,10,5,6,3,17,7,2
GCF_001506765.fna.gz,cjejuni,794,120,50,52,76,81,10,87
GCF_001506785.fna.gz,cjejuni,794,120,50,52,76,81,10,87
GCF_001506805.fna.gz,cjejuni,677,120,50,52,76,81,10,99
GCF_001506845.fna.gz,cjejuni,677,120,50,52,76,81,10,99
GCF_001506925.fna.gz,cjejuni,794,120,50,52,76,81,10,87
GCF_001507005.fna.gz,cjejuni,677,120,50,52,76,81,10,99
GCF_001507165.fna.gz,cjejuni,677,120,50,52,76,81,10,99
GCF_001516435.fna.gz,cjejuni,2049,11,16,6,12,10,8,2
GCF_001547675.fna.gz,cjejuni,2274,350,5,3,3,17,9,10
GCF_001761805.fna.gz,cjejuni,448,2,22,47,74,70,61,18
GCF_001857005.fna.gz,cjejuni,161,86,2,6,3,21,14,10
GCF_001226385.fna.gz,cjejuni,273,60,5,5,1,21,2,37
GCF_001764495.fna.gz,cjejuni,460,89,2,6,59,30,24,2
GCF_001764765.fna.gz,cjejuni,583,42,10,1,51,7,4,4
GCF_001764995.fna.gz,cjejuni,354,11,2,6,12,10,8,2
GCF_001765235.fna.gz,cjejuni,50,2,12,5,1,1,2,3
GCF_001856915.fna.gz,cjejuni,8844,11,2,1,37,17,7,2
GCF_001865415.fna.gz,cjejuni,607,11,5,1,3,2,8,53
GCF_001224805.fna.gz,cjejuni,464,10,2,1,3,2,24,2
GCF_001762975.fna.gz,cjejuni,448,2,22,47,74,70,61,18
GCF_001763015.fna.gz,cjejuni,448,2,22,47,74,70,61,18
GCF_001763275.fna.gz,cjejuni,45,1,10,1,7,7,4,4
GCF_001763385.fna.gz,cjejuni,5679,133,22,149,86,100,85,18
GCF_001763515.fna.gz,cjejuni,6676,89,95,6,59,30,24,2
GCF_001763625.fna.gz,cjejuni,9278,931,22,16,108,99,64,104
GCF_001763865.fna.gz,cjejuni,9262,10,89,593,5,27,1,19
GCF_001764215.fna.gz,cjejuni,8,2,1,6,1,1,2,3
GCF_001764405.fna.gz,cjejuni,1212,11,5,105,3,2,8,53
GCF_001764675.fna.gz,cjejuni,474,2,1,5,1,4,2,2
GCF_001764895.fna.gz,cjejuni,474,2,1,5,1,4,2,2
GCF_001765115.fna.gz,cjejuni,5671,23,351,12,3,17,7,15
GCF_001765355.fna.gz,cjejuni,919,11,2,3,3,53,7,15
GCF_001857065.fna.gz,cjejuni,8,2,1,6,1,1,2,3
GCF_001226425.fna.gz,cjejuni,42,5,3,3,9,2,1,4
GCF_001764925.fna.gz,cjejuni,7262,11,5,1,3,2,9,10
GCF_001765155.fna.gz,cjejuni,8838,11,1,3,3,53,9,53
GCF_001765395.fna.gz,cjejuni,5666,151,5,6,3,17,9,53
GCF_001857095.fna.gz,cjejuni,8,2,1,6,1,1,2,3
GCF_001224845.fna.gz,cjejuni,5718,11,2,6,487,10,8,2
GCF_001763045.fna.gz,cjejuni,9282,43,584,31,109,33,1,104
GCF_001763335.fna.gz,cjejuni,9289,935,388,31,101,22,18,24
GCF_001763475.fna.gz,cjejuni,8840,43,22,278,109,33,161,104
GCF_001763595.fna.gz,cjejuni,782,1,10,1,7,2,4,4
GCF_001763755.fna.gz,cjejuni,50,2,12,5,1,1,2,3
GCF_001764135.fna.gz,cjejuni,5,10,5,6,3,2,7,2
GCF_001764315.fna.gz,cjejuni,9259,933,8,4,2,2,17,5
GCF_001764535.fna.gz,cjejuni,8,2,1,6,1,1,2,3
GCF_001764795.fna.gz,cjejuni,1517,11,149,6,12,10,8,2
GCF_001765015.fna.gz,cjejuni,5,10,5,6,3,2,7,2
GCF_001765255.fna.gz,cjejuni,1919,10,2,5,3,2,9,10
GCF_001856925.fna.gz,cjejuni,5,10,5,6,3,2,7,2
GCF_001865435.fna.gz,cjejuni,462,11,5,6,3,17,7,2
GCF_001226485.fna.gz,cjejuni,19,2,5,5,1,1,2,3
GCF_001764595.fna.gz,cjejuni,61,6,2,17,3,4,1,2
GCF_001764815.fna.gz,cjejuni,21,2,1,5,1,1,2,3
GCF_001765035.fna.gz,cjejuni,1953,86,2,1,3,17,7,2
GCF_001765265.fna.gz,cjejuni,464,10,2,1,3,2,24,2
GCF_001856945.fna.gz,cjejuni,51,23,2,12,3,17,7,15
GCF_001865595.fna.gz,cjejuni,353,10,5,6,3,17,7,2
GCF_001224865.fna.gz,cjejuni,21,2,1,5,1,1,2,3
GCF_001763435.fna.gz,cjejuni,997,43,78,31,109,33,76,104
GCF_001763535.fna.gz,cjejuni,4161,477,95,147,32,172,1,62
GCF_001763675.fna.gz,cjejuni,9274,146,165,16,729,22,76,98
GCF_001763965.fna.gz,cjejuni,9261,936,21,51,224,172,7,49
GCF_001764275.fna.gz,cjejuni,48,7,1,5,1,4,2,2
GCF_001764475.fna.gz,cjejuni,8,2,1,6,1,1,2,3
GCF_001764735.fna.gz,cjejuni,474,2,1,5,1,4,2,2
GCF_001764955.fna.gz,cjejuni,6238,11,27,1,3,2,8,53
GCF_001765165.fna.gz,cjejuni,1232,11,5,6,3,17,7,10
GCF_001767215.fna.gz,cjejuni,22,3,6,3,3,3,1,4
GCF_001857115.fna.gz,cjejuni,8,2,1,6,1,1,2,3
GCF_001226545.fna.gz,cjejuni,45,1,10,1,7,7,4,4
GCF_001764175.fna.gz,cjejuni,8,2,1,6,1,1,2,3
GCF_001764355.fna.gz,cjejuni,8819,134,22,16,101,22,4,189
GCF_001764655.fna.gz,cjejuni,50,2,12,5,1,1,2,3
GCF_001764845.fna.gz,cjejuni,257,4,4,6,5,2,9,62
GCF_001765075.fna.gz,cjejuni,2140,11,2,3,3,53,9,53
GCF_001765315.fna.gz,cjejuni,2948,22,52,6,3,17,7,72
GCF_001857015.fna.gz,cjejuni,587,90,42,8,25,2,1,4
GCF_001224905.fna.gz,cjejuni,464,10,2,1,3,2,24,2
GCF_001763445.fna.gz,cjejuni,4881,43,78,31,109,70,76,104
GCF_001763575.fna.gz,cjejuni,929,4,4,17,5,2,9,62
GCF_001763695.fna.gz,cjejuni,6674,10,16,7,5,25,10,19
GCF_001764095.fna.gz,cjejuni,403,10,16,7,5,27,10,19
GCF_001764295.fna.gz,cjejuni,9259,933,8,4,2,2,17,5
GCF_001764485.fna.gz,cjejuni,8,2,1,6,1,1,2,3
GCF_001764745.fna.gz,cjejuni,422,2,5,5,5,1,2,3
GCF_001764975.fna.gz,cjejuni,50,2,12,5,1,1,2,3
GCF_001765215.fna.gz,cjejuni,354,11,2,6,12,10,8,2
GCF_001856905.fna.gz,cjejuni,2921,11,1,1,3,2,166,10
GCF_001865395.fna.gz,cjejuni,3647,431,2,6,3,25,9,10
GCF_001226665.fna.gz,cjejuni,19,2,5,5,1,1,2,3
GCF_001764195.fna.gz,cjejuni,8,2,1,6,1,1,2,3
GCF_001764375.fna.gz,cjejuni,9287,586,100,6,715,22,18,18
GCF_001764665.fna.gz,cjejuni,42,5,3,3,9,2,1,4
GCF_001764875.fna.gz,cjejuni,45,1,10,1,7,7,4,4
GCF_001765085.fna.gz,cjejuni,1919,10,2,5,3,2,9,10
GCF_001765335.fna.gz,cjejuni,2276,10,2,5,59,2,9,10
GCF_001857025.fna.gz,cjejuni,8839,10,2,5,5,25,9,10
GCF_001224965.fna.gz,cjejuni,50,2,12,5,1,1,2,3
GCF_001762695.fna.gz,cjejuni,6307,43,22,31,109,33,27,104
GCF_001762895.fna.gz,cjejuni,8819,134,22,16,101,22,4,189
GCF_001762915.fna.gz,cjejuni,448,2,22,47,74,70,61,18
GCF_001762935.fna.gz,cjejuni,448,2,22,47,74,70,61,18
GCF_001762945.fna.gz,cjejuni,4467,43,284,31,285,105,76,104
GCF_001762995.fna.gz,cjejuni,8821,134,20,16,101,22,64,189
GCF_001763035.fna.gz,cjejuni,448,2,22,47,74,70,61,18
GCF_001763315.fna.gz,cjejuni,5673,410,22,16,103,22,18,18
GCF_001763415.fna.gz,cjejuni,8840,43,22,278,109,33,161,104
GCF_001763525.fna.gz,cjejuni,5473,115,164,47,86,22,18,97
GCF_001763645.fna.gz,cjejuni,9278,931,22,16,108,99,64,104
GCF_001763915.fna.gz,cjejuni,6674,10,16,7,5,25,10,19
GCF_001764225.fna.gz,cjejuni,8,2,1,6,1,1,2,3
GCF_001764455.fna.gz,cjejuni,8,2,1,6,1,1,2,3
GCF_001764715.fna.gz,cjejuni,53,2,21,5,1,1,2,3
GCF_001764915.fna.gz,cjejuni,45,1,10,1,7,7,4,4
GCF_001765125.fna.gz,cjejuni,2276,10,2,5,59,2,9,10
GCF_001765365.fna.gz,cjejuni,1919,10,2,5,3,2,9,10
GCF_001857085.fna.gz,cjejuni,8,2,1,6,1,1,2,3
GCF_001224985.fna.gz,cjejuni,257,4,4,6,5,2,9,62
GCF_001763495.fna.gz,cjejuni,9278,931,22,16,108,99,64,104
GCF_001763615.fna.gz,cjejuni,782,1,10,1,7,2,4,4
GCF_001763855.fna.gz,cjejuni,9261,936,21,51,224,172,7,49
GCF_001764155.fna.gz,cjejuni,8,2,1,6,1,1,2,3
GCF_001764335.fna.gz,cjejuni,508,12,60,1,28,6,1,24
GCF_001764635.fna.gz,cjejuni,190,2,5,5,3,1,2,3
GCF_001764825.fna.gz,cjejuni,474,2,1,5,1,4,2,2
GCF_001765055.fna.gz,cjejuni,8837,309,2,147,253,2,8,2
GCF_001765295.fna.gz,cjejuni,5,10,5,6,3,2,7,2
GCF_001856985.fna.gz,cjejuni,2927,151,5,1,3,2,166,10
GCF_001870085.fna.gz,cjejuni,1212,11,5,105,3,2,8,53
GCF_000015525.fna.gz,cjejuni,604,5,3,3,9,2,1,27
GCF_001877445.fna.gz,cjejuni,982,2,2,5,1,1,2,3
GCF_001877575.fna.gz,cjejuni,982,2,2,5,1,1,2,3
GCF_001877695.fna.gz,cjejuni,1244,225,2,17,3,1,1,2
GCF_001877865.fna.gz,cjejuni,922,2,2,6,3,1,1,83
GCF_001878065.fna.gz,cjejuni,51,23,2,12,3,17,7,15
GCF_001878185.fna.gz,cjejuni,922,2,2,6,3,1,1,83
GCF_001878295.fna.gz,cjejuni,459,5,3,3,9,2,1,3
GCF_001878435.fna.gz,cjejuni,922,2,2,6,3,1,1,83
GCF_001878545.fna.gz,cjejuni,8,2,1,6,1,1,2,3
GCF_001913005.fna.gz,cjejuni,354,11,2,6,12,10,8,2
GCF_001225005.fna.gz,cjejuni,5,10,5,6,3,2,7,2
GCF_001870105.fna.gz,cjejuni,1212,11,5,105,3,2,8,53
GCF_001870565.fna.gz,cjejuni,997,43,78,31,109,33,76,104
GCF_001877095.fna.gz,cjejuni,922,2,2,6,3,1,1,83
GCF_001877105.fna.gz,cjejuni,922,2,2,6,3,1,1,83
GCF_001877115.fna.gz,cjejuni,922,2,2,6,3,1,1,83
GCF_001877125.fna.gz,cjejuni,-,2,2,6,3,1,,83
GCF_001877175.fna.gz,cjejuni,922,2,2,6,3,1,1,83
GCF_001877185.fna.gz,cjejuni,8419,2,12,5,1,3,2,3
GCF_001877195.fna.gz,cjejuni,934,10,59,7,5,1,1,2
GCF_001877205.fna.gz,cjejuni,922,2,2,6,3,1,1,83
GCF_001877255.fna.gz,cjejuni,934,10,59,7,5,1,1,2
GCF_001877265.fna.gz,cjejuni,459,5,3,3,9,2,1,3
GCF_001877285.fna.gz,cjejuni,-,5,3,3,9,2,1,
GCF_001877305.fna.gz,cjejuni,2219,1,10,1,7,7,10,4
GCF_001877335.fna.gz,cjejuni,459,5,3,3,9,2,1,3
GCF_001877355.fna.gz,cjejuni,22,3,6,3,3,3,1,4
GCF_001877365.fna.gz,cjejuni,8,2,1,6,1,1,2,3
GCF_001877395.fna.gz,cjejuni,459,5,3,3,9,2,1,3
GCF_001877415.fna.gz,cjejuni,459,5,3,3,9,2,1,3
GCF_001877435.fna.gz,cjejuni,459,5,3,3,9,2,1,3
GCF_001877465.fna.gz,cjejuni,982,2,2,5,1,1,2,3
GCF_001877595.fna.gz,cjejuni,8,2,1,6,1,1,2,3
GCF_001877705.fna.gz,cjejuni,1244,225,2,17,3,1,1,2
GCF_001877895.fna.gz,cjejuni,922,2,2,6,3,1,1,83
GCF_001877935.fna.gz,cjejuni,922,2,2,6,3,1,1,83
GCF_001878025.fna.gz,cjejuni,922,2,2,6,3,1,1,83
GCF_001878155.fna.gz,cjejuni,22,3,6,3,3,3,1,4
GCF_001878275.fna.gz,cjejuni,22,3,6,3,3,3,1,4
GCF_001878385.fna.gz,cjejuni,922,2,2,6,3,1,1,83
GCF_001878515.fna.gz,cjejuni,922,2,2,6,3,1,1,83
GCF_001878625.fna.gz,cjejuni,8,2,1,6,1,1,2,3
GCF_001912835.fna.gz,cjejuni,6629,40,404,3,180,6,1,176
GCF_001912925.fna.gz,cjejuni,113,11,2,6,3,30,24,2
GCF_001951235.fna.gz,cjejuni,861,148,42,5,1,1,2,3
GCF_002177455.fna.gz,cjejuni,806,140,1,5,3,1,2,3
GCF_002178265.fna.gz,cjejuni,922,2,2,6,3,1,1,83
GCF_002178355.fna.gz,cjejuni,929,4,4,17,5,2,9,62
GCF_002179215.fna.gz,cjejuni,45,1,10,1,7,7,4,4
GCF_002179335.fna.gz,cjejuni,440,23,2,12,3,17,24,10
GCF_003048165.fna.gz,cjejuni,660,54,6,3,91,3,1,4
GCF_003095715.fna.gz,cjejuni,45,1,10,1,7,7,4,4
GCF_001877495.fna.gz,cjejuni,982,2,2,5,1,1,2,3
GCF_001877615.fna.gz,cjejuni,8,2,1,6,1,1,2,3
GCF_001877715.fna.gz,cjejuni,1244,225,2,17,3,1,1,2
GCF_001877905.fna.gz,cjejuni,922,2,2,6,3,1,1,83
GCF_001877945.fna.gz,cjejuni,922,2,2,6,3,1,1,83
GCF_001878035.fna.gz,cjejuni,51,23,2,12,3,17,7,15
GCF_001878175.fna.gz,cjejuni,22,3,6,3,3,3,1,4
GCF_001878285.fna.gz,cjejuni,22,3,6,3,3,3,1,4
GCF_001878395.fna.gz,cjejuni,922,2,2,6,3,1,1,83
GCF_001878525.fna.gz,cjejuni,982,2,2,5,1,1,2,3
GCF_001878635.fna.gz,cjejuni,1244,225,2,17,3,1,1,2
GCF_001912845.fna.gz,cjejuni,1962,125,21,51,83,172,55,49
GCF_001912945.fna.gz,cjejuni,574,11,2,3,3,53,7,10
GCF_001951255.fna.gz,cjejuni,45,1,10,1,7,7,4,4
GCF_002177465.fna.gz,cjejuni,9354,19,2,147,231,654,180,213
GCF_002178285.fna.gz,cjejuni,679,1,70,1,7,7,4,4
GCF_002178365.fna.gz,cjejuni,61,6,2,17,3,4,1,2
GCF_002179235.fna.gz,cjejuni,2521,7,1,5,1,4,150,2
GCF_002179345.fna.gz,cjejuni,924,11,5,1,3,2,7,53
GCF_003048185.fna.gz,cjejuni,587,90,42,8,25,2,1,4
GCF_003095725.fna.gz,cjejuni,-,89,52,5,282,,,2
GCF_001877515.fna.gz,cjejuni,982,2,2,5,1,1,2,3
GCF_001877625.fna.gz,cjejuni,8,2,1,6,1,1,2,3
GCF_001877725.fna.gz,cjejuni,1244,225,2,17,3,1,1,2
GCF_001877975.fna.gz,cjejuni,922,2,2,6,3,1,1,83
GCF_001878095.fna.gz,cjejuni,45,1,10,1,7,7,4,4
GCF_001878205.fna.gz,cjejuni,922,2,2,6,3,1,1,83
GCF_001878335.fna.gz,cjejuni,929,4,4,17,5,2,9,62
GCF_001878455.fna.gz,cjejuni,922,2,2,6,3,1,1,83
GCF_001878575.fna.gz,cjejuni,8,2,1,6,1,1,2,3
GCF_001879185.fna.gz,cjejuni,8536,2,1,6,1,1,40,3
GCF_001912855.fna.gz,cjejuni,1224,115,22,47,175,22,18,97
GCF_001913065.fna.gz,cjejuni,2276,10,2,5,59,2,9,10
GCF_002178295.fna.gz,cjejuni,48,7,1,5,1,4,2,2
GCF_002178405.fna.gz,cjejuni,21,2,1,5,1,1,2,3
GCF_002177475.fna.gz,cjejuni,459,5,3,3,9,2,1,3
GCF_001912985.fna.gz,cjejuni,257,4,4,6,5,2,9,62
GCF_002179245.fna.gz,cjejuni,922,2,2,6,3,1,1,83
GCF_002179285.fna.gz,cjejuni,21,2,1,5,1,1,2,3
GCF_003060725.fna.gz,cjejuni,53,2,21,5,1,1,2,3
GCF_003060765.fna.gz,cjejuni,5843,394,5,233,88,1,1,48
GCF_001877525.fna.gz,cjejuni,982,2,2,5,1,1,2,3
GCF_001877655.fna.gz,cjejuni,8,2,1,6,1,1,2,3
GCF_001877775.fna.gz,cjejuni,922,2,2,6,3,1,1,83
GCF_001877985.fna.gz,cjejuni,922,2,2,6,3,1,1,83
GCF_001878105.fna.gz,cjejuni,459,5,3,3,9,2,1,3
GCF_001878235.fna.gz,cjejuni,8419,2,12,5,1,3,2,3
GCF_001878355.fna.gz,cjejuni,22,3,6,3,3,3,1,4
GCF_001878465.fna.gz,cjejuni,922,2,2,6,3,1,1,83
GCF_001878595.fna.gz,cjejuni,8,2,1,6,1,1,2,3
GCF_001912825.fna.gz,cjejuni,8845,123,164,60,101,22,64,98
GCF_001912915.fna.gz,cjejuni,3630,11,42,253,9,2,9,4
GCF_001913075.fna.gz,cjejuni,2276,10,2,5,59,2,9,10
GCF_002177515.fna.gz,cjejuni,459,5,3,3,9,2,1,3
GCF_002177535.fna.gz,cjejuni,4186,40,137,3,180,6,1,176
GCF_002178325.fna.gz,cjejuni,48,7,1,5,1,4,2,2
GCF_001912995.fna.gz,cjejuni,5525,586,229,6,86,22,18,24
GCF_002179265.fna.gz,cjejuni,21,2,1,5,1,1,2,3
GCF_002179315.fna.gz,cjejuni,-,4,,17,,2,9,62
GCF_003060745.fna.gz,cjejuni,21,2,1,5,1,1,2,3
GCF_003060785.fna.gz,cjejuni,50,2,12,5,1,1,2,3
GCF_001877555.fna.gz,cjejuni,982,2,2,5,1,1,2,3
GCF_001877675.fna.gz,cjejuni,1244,225,2,17,3,1,1,2
GCF_001877855.fna.gz,cjejuni,922,2,2,6,3,1,1,83
GCF_001878015.fna.gz,cjejuni,922,2,2,6,3,1,1,83
GCF_001878125.fna.gz,cjejuni,459,5,3,3,9,2,1,3
GCF_001878255.fna.gz,cjejuni,459,5,3,3,9,2,1,3
GCF_001878375.fna.gz,cjejuni,922,2,2,6,3,1,1,83
GCF_001878485.fna.gz,cjejuni,922,2,2,6,3,1,1,83
GCF_001878615.fna.gz,cjejuni,8,2,1,6,1,1,2,3
GCF_001913015.fna.gz,cjejuni,464,10,2,1,3,2,24,2
GCF_002178175.fna.gz,cjejuni,982,2,2,5,1,1,2,3
GCF_002178635.fna.gz,cjejuni,929,4,4,17,5,2,9,62
GCF_002178915.fna.gz,cjejuni,-,2,12,5,1,1,2,
GCF_002178195.fna.gz,cjejuni,982,2,2,5,1,1,2,3
GCF_002179375.fna.gz,cjejuni,9506,2,12,6,1,1,7,3
GCF_002179485.fna.gz,cjejuni,1219,11,5,1,61,17,7,10
GCF_002178225.fna.gz,cjejuni,21,2,1,5,1,1,2,3
GCF_003095755.fna.gz,cjejuni,45,1,10,1,7,7,4,4
GCF_003095875.fna.gz,cjejuni,21,2,1,5,1,1,2,3
GCF_001951275.fna.gz,cjejuni,45,1,10,1,7,7,4,4
GCF_002024325.fna.gz,cjejuni,5843,394,5,233,88,1,1,48
GCF_002110635.fna.gz,cjejuni,883,2,2,5,1,17,2,3
GCF_002110775.fna.gz,cjejuni,50,2,12,5,1,1,2,3
GCF_002110905.fna.gz,cjejuni,1948,2,12,5,1,71,2,3
GCF_002120285.fna.gz,cjejuni,48,7,1,5,1,4,2,2
GCF_002177375.fna.gz,cjejuni,-,,,,,,,
GCF_002177545.fna.gz,cjejuni,267,42,40,1,51,7,4,4
GCF_002177675.fna.gz,cjejuni,-,,,,,,,
GCF_002177885.fna.gz,cjejuni,991,107,57,23,29,52,37,26
GCF_002178085.fna.gz,cjejuni,45,1,10,1,7,7,4,4
GCF_002178545.fna.gz,cjejuni,922,2,2,6,3,1,1,83
GCF_002178665.fna.gz,cjejuni,45,1,10,1,7,7,4,4
GCF_002179085.fna.gz,cjejuni,538,42,10,1,25,7,4,4
GCF_002178235.fna.gz,cjejuni,982,2,2,5,1,1,2,3
GCF_002179395.fna.gz,cjejuni,929,4,4,17,5,2,9,62
GCF_002179615.fna.gz,cjejuni,45,1,10,1,7,7,4,4
GCF_002178725.fna.gz,cjejuni,924,11,5,1,3,2,7,53
GCF_003095775.fna.gz,cjejuni,1911,119,5,26,178,84,7,10
GCF_003095895.fna.gz,cjejuni,21,2,1,5,1,1,2,3
GCF_001951295.fna.gz,cjejuni,21,2,1,5,1,1,2,3
GCF_002028305.fna.gz,cjejuni,5843,394,5,233,88,1,1,48
GCF_002110685.fna.gz,cjejuni,141,2,10,5,1,1,2,3
GCF_002110805.fna.gz,cjejuni,50,2,12,5,1,1,2,3
GCF_002111525.fna.gz,cjejuni,50,2,12,5,1,1,2,3
GCF_002168235.fna.gz,cjejuni,21,2,1,5,1,1,2,3
GCF_002177385.fna.gz,cjejuni,933,10,59,7,5,1,10,19
GCF_002177555.fna.gz,cjejuni,267,42,40,1,51,7,4,4
GCF_002177685.fna.gz,cjejuni,991,107,57,23,29,52,37,26
GCF_002177905.fna.gz,cjejuni,8,2,1,6,1,1,2,3
GCF_002178105.fna.gz,cjejuni,922,2,2,6,3,1,1,83
GCF_002178575.fna.gz,cjejuni,45,1,10,1,7,7,4,4
GCF_002178675.fna.gz,cjejuni,460,89,2,6,59,30,24,2
GCF_002179115.fna.gz,cjejuni,8,2,1,6,1,1,2,3
GCF_002177775.fna.gz,cjejuni,45,1,10,1,7,7,4,4
GCF_002177985.fna.gz,cjejuni,61,6,2,17,3,4,1,2
GCF_002179005.fna.gz,cjejuni,45,1,10,1,7,7,4,4
GCF_002179455.fna.gz,cjejuni,982,2,2,5,1,1,2,3
GCF_002197915.fna.gz,cjejuni,8853,205,22,6,17,420,18,18
GCF_003095855.fna.gz,cjejuni,21,2,1,5,1,1,2,3
GCF_003095975.fna.gz,cjejuni,45,1,10,1,7,7,4,4
GCF_001951315.fna.gz,cjejuni,21,2,1,5,1,1,2,3
GCF_002101355.fna.gz,cjejuni,982,2,2,5,1,1,2,3
GCF_002110695.fna.gz,cjejuni,50,2,12,5,1,1,2,3
GCF_002110815.fna.gz,cjejuni,50,2,12,5,1,1,2,3
GCF_002118115.fna.gz,cjejuni,5731,10,2,12,3,2,24,2
GCF_002177255.fna.gz,cjejuni,21,2,1,5,1,1,2,3
GCF_002177435.fna.gz,cjejuni,459,5,3,3,9,2,1,3
GCF_002177805.fna.gz,cjejuni,991,107,57,23,29,52,37,26
GCF_002178035.fna.gz,cjejuni,45,1,10,1,7,7,4,4
GCF_002178435.fna.gz,cjejuni,137,42,10,1,7,7,4,4
GCF_002178655.fna.gz,cjejuni,460,89,2,6,59,30,24,2
GCF_002179075.fna.gz,cjejuni,45,1,10,1,7,7,4,4
GCF_002177835.fna.gz,cjejuni,459,5,3,3,9,2,1,3
GCF_002178055.fna.gz,cjejuni,538,42,10,1,25,7,4,4
GCF_002179015.fna.gz,cjejuni,267,42,40,1,51,7,4,4
GCF_002179475.fna.gz,cjejuni,21,2,1,5,1,1,2,3
GCF_002197935.fna.gz,cjejuni,793,1,68,16,17,33,64,98
GCF_002178735.fna.gz,cjejuni,48,7,1,5,1,4,2,2
GCF_003095795.fna.gz,cjejuni,45,1,10,1,7,7,4,4
GCF_003095915.fna.gz,cjejuni,677,120,50,52,76,81,10,99
GCF_001951335.fna.gz,cjejuni,21,2,1,5,1,1,2,3
GCF_002110605.fna.gz,cjejuni,50,2,12,5,1,1,2,3
GCF_002110705.fna.gz,cjejuni,50,2,12,5,1,1,2,3
GCF_002110825.fna.gz,cjejuni,50,2,12,5,1,1,2,3
GCF_002120145.fna.gz,cjejuni,637,43,22,31,82,33,10,49
GCF_002177315.fna.gz,cjejuni,45,1,10,1,7,7,4,4
GCF_002177595.fna.gz,cjejuni,4186,40,137,3,180,6,1,176
GCF_002177615.fna.gz,cjejuni,267,42,40,1,51,7,4,4
GCF_002177695.fna.gz,cjejuni,267,42,40,1,51,7,4,4
GCF_002177935.fna.gz,cjejuni,8,2,1,6,1,1,2,3
GCF_002178135.fna.gz,cjejuni,45,1,10,1,7,7,4,4
GCF_002178445.fna.gz,cjejuni,262,2,1,3,1,1,2,3
GCF_002178495.fna.gz,cjejuni,21,2,1,5,1,1,2,3
GCF_002178585.fna.gz,cjejuni,21,2,1,5,1,1,2,3
GCF_002178775.fna.gz,cjejuni,45,1,10,1,7,7,4,4
GCF_002179415.fna.gz,cjejuni,45,1,10,1,7,7,4,4
GCF_002179635.fna.gz,cjejuni,-,,,,,,,
GCF_002178795.fna.gz,cjejuni,21,2,1,5,1,1,2,3
GCF_003095815.fna.gz,cjejuni,22,3,6,3,3,3,1,4
GCF_003095935.fna.gz,cjejuni,45,1,10,1,7,7,4,4
GCF_002000335.fna.gz,cjejuni,982,2,2,5,1,1,2,3
GCF_002110615.fna.gz,cjejuni,21,2,1,5,1,1,2,3
GCF_002110715.fna.gz,cjejuni,50,2,12,5,1,1,2,3
GCF_002110835.fna.gz,cjejuni,50,2,12,5,1,1,2,3
GCF_002120155.fna.gz,cjejuni,48,7,1,5,1,4,2,2
GCF_002177345.fna.gz,cjejuni,-,,,,,,,
GCF_002177625.fna.gz,cjejuni,538,42,10,1,25,7,4,4
GCF_002177655.fna.gz,cjejuni,929,4,4,17,5,2,9,62
GCF_002177735.fna.gz,cjejuni,9353,17,4,23,25,15,2,48
GCF_002177955.fna.gz,cjejuni,693,13,4,57,24,29,2,48
GCF_002178155.fna.gz,cjejuni,61,6,2,17,3,4,1,2
GCF_002178475.fna.gz,cjejuni,222,59,5,5,1,21,2,2
GCF_002178505.fna.gz,cjejuni,1209,2,137,5,1,1,2,3
GCF_002178595.fna.gz,cjejuni,-,11,,1,3,2,7,53
GCF_002178805.fna.gz,cjejuni,61,6,2,17,3,4,1,2
GCF_002179425.fna.gz,cjejuni,460,89,2,6,59,30,24,2
GCF_002197895.fna.gz,cjejuni,683,121,9,21,46,43,35,5
GCF_002177865.fna.gz,cjejuni,929,4,4,17,5,2,9,62
GCF_002178075.fna.gz,cjejuni,4186,40,137,3,180,6,1,176
GCF_002179045.fna.gz,cjejuni,267,42,40,1,51,7,4,4
GCF_003095835.fna.gz,cjejuni,50,2,12,5,1,1,2,3
GCF_003095955.fna.gz,cjejuni,21,2,1,5,1,1,2,3
GCF_002110625.fna.gz,cjejuni,50,2,12,5,1,1,2,3
GCF_002110765.fna.gz,cjejuni,50,2,12,5,1,1,2,3
GCF_002110885.fna.gz,cjejuni,50,2,12,5,1,1,2,3
GCF_002120165.fna.gz,cjejuni,48,7,1,5,1,4,2,2
GCF_002177365.fna.gz,cjejuni,9355,40,61,3,180,6,200,147
GCF_002177745.fna.gz,cjejuni,45,1,10,1,7,7,4,4
GCF_002177965.fna.gz,cjejuni,61,6,2,17,3,4,1,2
GCF_002178815.fna.gz,cjejuni,45,1,10,1,7,7,4,4
GCF_002804945.fna.gz,cjejuni,8748,4,5,44,61,21,7,2
GCF_002805075.fna.gz,cjejuni,8741,11,5,6,3,17,2,10
GCF_002805225.fna.gz,cjejuni,353,10,5,6,3,17,7,2
GCF_002805365.fna.gz,cjejuni,463,23,2,12,12,17,24,15
GCF_002805525.fna.gz,cjejuni,403,10,16,7,5,27,10,19
GCF_002805665.fna.gz,cjejuni,403,10,16,7,5,27,10,19
GCF_002805865.fna.gz,cjejuni,403,10,16,7,5,27,10,19
GCF_002805995.fna.gz,cjejuni,2304,11,5,5,3,4,2,25
GCF_002806125.fna.gz,cjejuni,353,10,5,6,3,17,7,2
GCF_002806285.fna.gz,cjejuni,475,19,1,5,62,4,2,4
GCF_003095995.fna.gz,cjejuni,21,2,1,5,1,1,2,3
GCF_003368145.fna.gz,cjejuni,52,22,2,6,3,25,9,10
GCF_002179125.fna.gz,cjejuni,929,4,4,17,5,2,9,62
GCF_002179165.fna.gz,cjejuni,-,,228,,,267,203,443
GCF_002224325.fna.gz,cjejuni,43,4,5,5,1,1,2,3
GCF_002587225.fna.gz,cjejuni,354,11,2,6,12,10,8,2
GCF_002804445.fna.gz,cjejuni,6091,11,5,5,203,4,2,25
GCF_002804545.fna.gz,cjejuni,353,10,5,6,3,17,7,2
GCF_002804635.fna.gz,cjejuni,353,10,5,6,3,17,7,2
GCF_002804735.fna.gz,cjejuni,332,74,5,5,1,4,62,2
GCF_002804865.fna.gz,cjejuni,354,11,2,6,12,10,8,2
GCF_002804975.fna.gz,cjejuni,353,10,5,6,3,17,7,2
GCF_002805145.fna.gz,cjejuni,1359,2,5,5,1,1,2,10
GCF_002805275.fna.gz,cjejuni,6257,11,2,6,5,2,7,2
GCF_002805445.fna.gz,cjejuni,1775,10,59,7,5,27,10,19
GCF_002805565.fna.gz,cjejuni,469,5,3,6,9,2,1,4
GCF_002805765.fna.gz,cjejuni,1398,11,5,6,3,4,2,93
GCF_002805915.fna.gz,cjejuni,475,19,1,5,62,4,2,4
GCF_002806055.fna.gz,cjejuni,51,23,2,12,3,17,7,15
GCF_002806205.fna.gz,cjejuni,52,22,2,6,3,25,9,10
GCF_002806335.fna.gz,cjejuni,403,10,16,7,5,27,10,19
GCF_003368085.fna.gz,cjejuni,230,42,41,1,7,7,4,4
GCF_003368205.fna.gz,cjejuni,1332,58,29,58,25,1,2,28
GCF_002179155.fna.gz,cjejuni,45,1,10,1,7,7,4,4
GCF_002179195.fna.gz,cjejuni,51,23,2,12,3,17,7,15
GCF_002224385.fna.gz,cjejuni,604,5,3,3,9,2,1,27
GCF_002804365.fna.gz,cjejuni,1398,11,5,6,3,4,2,93
GCF_002804455.fna.gz,cjejuni,8752,11,5,6,3,17,7,724
GCF_002804555.fna.gz,cjejuni,8749,11,5,6,3,1,3,10
GCF_002804645.fna.gz,cjejuni,475,19,1,5,62,4,2,4
GCF_002804745.fna.gz,cjejuni,353,10,5,6,3,17,7,2
GCF_002804875.fna.gz,cjejuni,9084,482,5,6,3,17,2,10
GCF_002805025.fna.gz,cjejuni,8741,11,5,6,3,17,2,10
GCF_002805155.fna.gz,cjejuni,353,10,5,6,3,17,7,2
GCF_002805305.fna.gz,cjejuni,8741,11,5,6,3,17,2,10
GCF_002805465.fna.gz,cjejuni,3997,457,3,3,9,2,1,4
GCF_002805605.fna.gz,cjejuni,8746,11,2,6,37,21,55,10
GCF_002805805.fna.gz,cjejuni,8744,882,5,5,1,4,2,2
GCF_002805945.fna.gz,cjejuni,353,10,5,6,3,17,7,2
GCF_002806085.fna.gz,cjejuni,51,23,2,12,3,17,7,15
GCF_002806225.fna.gz,cjejuni,403,10,16,7,5,27,10,19
GCF_002806365.fna.gz,cjejuni,791,135,5,26,68,97,7,2
GCF_003368105.fna.gz,cjejuni,5673,410,22,16,103,22,18,18
GCF_003368225.fna.gz,cjejuni,1972,11,5,1,67,71,7,62
GCF_002209065.fna.gz,cjejuni,583,42,10,1,51,7,4,4
GCF_002407125.fna.gz,cjejuni,222,59,5,5,1,21,2,2
GCF_002804405.fna.gz,cjejuni,353,10,5,6,3,17,7,2
GCF_002804495.fna.gz,cjejuni,475,19,1,5,62,4,2,4
GCF_002804595.fna.gz,cjejuni,463,23,2,12,12,17,24,15
GCF_002804705.fna.gz,cjejuni,52,22,2,6,3,25,9,10
GCF_002804805.fna.gz,cjejuni,8751,11,5,46,3,4,462,10
GCF_002804955.fna.gz,cjejuni,353,10,5,6,3,17,7,2
GCF_002805105.fna.gz,cjejuni,353,10,5,6,3,17,7,2
GCF_002805235.fna.gz,cjejuni,1359,2,5,5,1,1,2,10
GCF_002805385.fna.gz,cjejuni,463,23,2,12,12,17,24,15
GCF_002805545.fna.gz,cjejuni,403,10,16,7,5,27,10,19
GCF_002805675.fna.gz,cjejuni,8745,11,52,6,3,4,2,93
GCF_002805885.fna.gz,cjejuni,660,54,6,3,91,3,1,4
GCF_002806025.fna.gz,cjejuni,51,23,2,12,3,17,7,15
GCF_002806165.fna.gz,cjejuni,353,10,5,6,3,17,7,2
GCF_002806295.fna.gz,cjejuni,475,19,1,5,62,4,2,4
GCF_003368045.fna.gz,cjejuni,137,42,10,1,7,7,4,4
GCF_003368165.fna.gz,cjejuni,5671,23,351,12,3,17,7,15
GCF_002209025.fna.gz,cjejuni,43,4,5,5,1,1,2,3
GCF_002209045.fna.gz,cjejuni,48,7,1,5,1,4,2,2
GCF_002234455.fna.gz,cjejuni,45,1,10,1,7,7,4,4
GCF_002804375.fna.gz,cjejuni,-,10,5,26,11,,9,2
GCF_002804485.fna.gz,cjejuni,353,10,5,6,3,17,7,2
GCF_002804585.fna.gz,cjejuni,8741,11,5,6,3,17,2,10
GCF_002804655.fna.gz,cjejuni,1962,125,21,51,83,172,55,49
GCF_002804785.fna.gz,cjejuni,354,11,2,6,12,10,8,2
GCF_002804885.fna.gz,cjejuni,8741,11,5,6,3,17,2,10
GCF_002805045.fna.gz,cjejuni,8741,11,5,6,3,17,2,10
GCF_002805185.fna.gz,cjejuni,8741,11,5,6,3,17,2,10
GCF_002805315.fna.gz,cjejuni,21,2,1,5,1,1,2,3
GCF_002805475.fna.gz,cjejuni,8747,11,5,6,12,17,8,2
GCF_002805625.fna.gz,cjejuni,8745,11,52,6,3,4,2,93
GCF_002805815.fna.gz,cjejuni,8744,882,5,5,1,4,2,2
GCF_002805955.fna.gz,cjejuni,353,10,5,6,3,17,7,2
GCF_002806105.fna.gz,cjejuni,353,10,5,6,3,17,7,2
GCF_002806245.fna.gz,cjejuni,52,22,2,6,3,25,9,10
GCF_002806375.fna.gz,cjejuni,353,10,5,6,3,17,7,2
GCF_003368125.fna.gz,cjejuni,45,1,10,1,7,7,4,4
GCF_003368245.fna.gz,cjejuni,508,12,60,1,28,6,1,24
GCF_002214785.fna.gz,cjejuni,22,3,6,3,3,3,1,4
GCF_002587105.fna.gz,cjejuni,883,2,2,5,1,17,2,3
GCF_002804425.fna.gz,cjejuni,353,10,5,6,3,17,7,2
GCF_002804525.fna.gz,cjejuni,660,54,6,3,91,3,1,4
GCF_002804625.fna.gz,cjejuni,8741,11,5,6,3,17,2,10
GCF_002804715.fna.gz,cjejuni,52,22,2,6,3,25,9,10
GCF_002804815.fna.gz,cjejuni,353,10,5,6,3,17,7,2
GCF_002804965.fna.gz,cjejuni,8741,11,5,6,3,17,2,10
GCF_002805115.fna.gz,cjejuni,1071,11,5,46,3,84,83,10
GCF_002805265.fna.gz,cjejuni,463,23,2,12,12,17,24,15
GCF_002805395.fna.gz,cjejuni,1398,11,5,6,3,4,2,93
GCF_002805555.fna.gz,cjejuni,475,19,1,5,62,4,2,4
GCF_002805755.fna.gz,cjejuni,2042,90,42,8,25,2,2,4
GCF_002805905.fna.gz,cjejuni,45,1,10,1,7,7,4,4
GCF_002806035.fna.gz,cjejuni,2304,11,5,5,3,4,2,25
GCF_002806185.fna.gz,cjejuni,52,22,2,6,3,25,9,10
GCF_002806325.fna.gz,cjejuni,1522,11,5,6,203,84,7,2
GCF_003368065.fna.gz,cjejuni,45,1,10,1,7,7,4,4
GCF_003368185.fna.gz,cjejuni,3140,10,2,1,3,2,33,2
GCF_002804795.fna.gz,cjejuni,463,23,2,12,12,17,24,15
GCF_002804895.fna.gz,cjejuni,463,23,2,12,12,17,24,15
GCF_002805065.fna.gz,cjejuni,353,10,5,6,3,17,7,2
GCF_002805195.fna.gz,cjejuni,8741,11,5,6,3,17,2,10
GCF_002805345.fna.gz,cjejuni,8741,11,5,6,3,17,2,10
GCF_002805485.fna.gz,cjejuni,8748,4,5,44,61,21,7,2
GCF_002805635.fna.gz,cjejuni,475,19,1,5,62,4,2,4
GCF_002805845.fna.gz,cjejuni,8744,882,5,5,1,4,2,2
GCF_002805985.fna.gz,cjejuni,3852,11,2,6,345,2,8,2
GCF_002806115.fna.gz,cjejuni,1723,11,2,6,12,17,8,2
GCF_002806265.fna.gz,cjejuni,8742,10,2,1,3,2,9,10
GCF_002806405.fna.gz,cjejuni,9083,89,571,6,710,17,7,2
GCF_003961245.fna.gz,cjejuni,7813,134,20,16,593,89,64,98
GCF_003961415.fna.gz,cjejuni,7806,134,203,16,591,22,64,100
GCF_003961535.fna.gz,cjejuni,19,2,5,5,1,1,2,3
GCF_002895835.fna.gz,cjejuni,22,3,6,3,3,3,1,4
GCF_002964895.fna.gz,cjejuni,42,5,3,3,9,2,1,4
GCF_003959835.fna.gz,cjejuni,7809,13,4,23,25,59,2,27
GCF_003959945.fna.gz,cjejuni,2314,332,4,23,7,61,2,64
GCF_003960075.fna.gz,cjejuni,995,126,84,57,25,4,2,105
GCF_003960185.fna.gz,cjejuni,692,127,57,23,29,52,37,26
GCF_003960295.fna.gz,cjejuni,8816,652,85,60,54,105,64,98
GCF_003960435.fna.gz,cjejuni,7837,122,212,16,301,22,64,97
GCF_003960545.fna.gz,cjejuni,4875,123,22,16,86,70,64,103
GCF_003960655.fna.gz,cjejuni,7840,194,476,60,101,162,396,100
GCF_003960775.fna.gz,cjejuni,7835,134,20,171,101,22,64,100
GCF_003960895.fna.gz,cjejuni,6460,94,22,16,17,33,64,98
GCF_003961035.fna.gz,cjejuni,7820,134,203,60,94,288,64,189
GCF_003961145.fna.gz,cjejuni,7821,134,31,16,103,22,64,100
GCF_003961275.fna.gz,cjejuni,8808,134,212,560,54,22,76,614
GCF_003961425.fna.gz,cjejuni,7805,134,85,16,101,22,64,98
GCF_003961565.fna.gz,cjejuni,995,126,84,57,25,4,2,105
GCF_002895865.fna.gz,cjejuni,22,3,6,3,3,3,1,4
GCF_002964945.fna.gz,cjejuni,3647,431,2,6,3,25,9,10
GCF_003959845.fna.gz,cjejuni,991,107,57,23,29,52,37,26
GCF_003959965.fna.gz,cjejuni,1299,74,4,23,57,61,2,134
GCF_003960085.fna.gz,cjejuni,2839,380,4,23,99,52,37,131
GCF_003960215.fna.gz,cjejuni,692,127,57,23,29,52,37,26
GCF_003960305.fna.gz,cjejuni,7851,134,71,60,187,22,64,100
GCF_003960445.fna.gz,cjejuni,7849,134,310,16,94,22,64,100
GCF_003960575.fna.gz,cjejuni,7847,134,203,60,187,288,64,189
GCF_003960665.fna.gz,cjejuni,1483,134,20,16,94,22,64,100
GCF_003960795.fna.gz,cjejuni,1282,194,20,60,101,162,64,100
GCF_003960935.fna.gz,cjejuni,4565,511,5,304,420,98,270,397
GCF_003961045.fna.gz,cjejuni,7826,134,475,6,285,235,18,18
GCF_003961175.fna.gz,cjejuni,7820,134,203,60,94,288,64,189
GCF_003961315.fna.gz,cjejuni,7811,134,203,60,160,133,64,142
GCF_003961435.fna.gz,cjejuni,7804,336,207,131,590,174,258,193
GCF_003961595.fna.gz,cjejuni,995,126,84,57,25,4,2,105
GCF_002806415.fna.gz,cjejuni,9082,11,5,5,1,669,7,2
GCF_002806465.fna.gz,cjejuni,607,11,5,1,3,2,8,53
GCF_002806565.fna.gz,cjejuni,50,2,12,5,1,1,2,3
GCF_002834105.fna.gz,cjejuni,2282,2,5,5,1,84,2,68
GCF_002914605.fna.gz,cjejuni,995,126,84,57,25,4,2,105
GCF_003048115.fna.gz,cjejuni,985,10,89,7,132,27,10,19
GCF_003959915.fna.gz,cjejuni,995,126,84,57,25,4,2,105
GCF_003960035.fna.gz,cjejuni,2354,13,4,23,25,4,37,48
GCF_003960145.fna.gz,cjejuni,2314,332,4,23,7,61,2,64
GCF_003960275.fna.gz,cjejuni,7895,138,77,16,101,584,64,100
GCF_003960385.fna.gz,cjejuni,7893,134,68,518,593,22,64,100
GCF_003960495.fna.gz,cjejuni,1282,194,20,60,101,162,64,100
GCF_003960625.fna.gz,cjejuni,5543,194,22,16,17,22,18,18
GCF_003960745.fna.gz,cjejuni,7836,336,207,229,314,174,258,193
GCF_003960855.fna.gz,cjejuni,1282,194,20,60,101,162,64,100
GCF_003960995.fna.gz,cjejuni,7830,134,121,16,270,22,64,100
GCF_003961095.fna.gz,cjejuni,7822,652,71,16,94,288,64,98
GCF_003961225.fna.gz,cjejuni,7813,134,20,16,593,89,64,98
GCF_003961365.fna.gz,cjejuni,6518,124,311,390,86,165,216,100
GCF_003961505.fna.gz,cjejuni,19,2,5,5,1,1,2,3
GCF_003961625.fna.gz,cjejuni,991,107,57,23,29,52,37,26
GCF_002806445.fna.gz,cjejuni,9081,11,52,5,1,1,2,10
GCF_002806475.fna.gz,cjejuni,660,54,6,3,91,3,1,4
GCF_002806575.fna.gz,cjejuni,353,10,5,6,3,17,7,2
GCF_002834185.fna.gz,cjejuni,52,22,2,6,3,25,9,10
GCF_002914625.fna.gz,cjejuni,-,126,84,,25,4,,105
GCF_003959815.fna.gz,cjejuni,6228,122,77,16,86,89,18,98
GCF_003959935.fna.gz,cjejuni,1030,13,4,57,25,4,37,48
GCF_003960045.fna.gz,cjejuni,2314,332,4,23,7,61,2,64
GCF_003960175.fna.gz,cjejuni,7842,380,57,23,29,52,37,26
GCF_003960285.fna.gz,cjejuni,5543,194,22,16,17,22,18,18
GCF_003960395.fna.gz,cjejuni,3218,123,22,16,86,70,64,98
GCF_003960535.fna.gz,cjejuni,7889,574,497,131,615,174,258,193
GCF_003960645.fna.gz,cjejuni,7841,511,5,304,596,98,270,397
GCF_003960755.fna.gz,cjejuni,1319,134,20,16,103,33,64,111
GCF_003960865.fna.gz,cjejuni,1282,194,20,60,101,162,64,100
GCF_003961005.fna.gz,cjejuni,1483,134,20,16,94,22,64,100
GCF_003961135.fna.gz,cjejuni,6589,134,20,16,101,89,64,100
GCF_003961235.fna.gz,cjejuni,7815,134,203,16,94,105,64,100
GCF_003961385.fna.gz,cjejuni,7808,122,77,16,101,22,18,98
GCF_003961515.fna.gz,cjejuni,19,2,5,5,1,1,2,3
GCF_003961665.fna.gz,cjejuni,7844,126,4,23,597,4,2,27
GCF_002806535.fna.gz,cjejuni,8741,11,5,6,3,17,2,10
GCF_002806625.fna.gz,cjejuni,2289,11,1,46,3,84,83,10
GCF_002895875.fna.gz,cjejuni,51,23,2,12,3,17,7,15
GCF_003030185.fna.gz,cjejuni,6238,11,27,1,3,2,8,53
GCF_003959855.fna.gz,cjejuni,704,10,4,57,25,29,2,27
GCF_003959975.fna.gz,cjejuni,2314,332,4,23,7,61,2,64
GCF_003960095.fna.gz,cjejuni,991,107,57,23,29,52,37,26
GCF_003960225.fna.gz,cjejuni,4776,129,4,23,29,52,37,26
GCF_003960345.fna.gz,cjejuni,7893,134,68,518,593,22,64,100
GCF_003960475.fna.gz,cjejuni,7848,241,474,131,314,174,258,193
GCF_003960585.fna.gz,cjejuni,7839,134,85,16,101,89,64,189
GCF_003960705.fna.gz,cjejuni,7831,652,85,60,270,22,64,98
GCF_003960835.fna.gz,cjejuni,7833,134,203,16,103,22,64,100
GCF_003960945.fna.gz,cjejuni,1752,122,20,16,254,22,18,98
GCF_003961055.fna.gz,cjejuni,7808,122,77,16,101,22,18,98
GCF_003961185.fna.gz,cjejuni,4875,123,22,16,86,70,64,103
GCF_003961325.fna.gz,cjejuni,1282,194,20,60,101,162,64,100
GCF_003961465.fna.gz,cjejuni,1282,194,20,60,101,162,64,100
GCF_003961605.fna.gz,cjejuni,704,10,4,57,25,29,2,27
GCF_002806455.fna.gz,cjejuni,353,10,5,6,3,17,7,2
GCF_002806525.fna.gz,cjejuni,353,10,5,6,3,17,7,2
GCF_002806605.fna.gz,cjejuni,2086,11,5,5,1,4,2,25
GCF_002834205.fna.gz,cjejuni,353,10,5,6,3,17,7,2
GCF_002964885.fna.gz,cjejuni,50,2,12,5,1,1,2,3
GCF_003574945.fna.gz,cjejuni,356,11,5,6,3,17,14,2
GCF_003950275.fna.gz,cjejuni,354,11,2,6,12,10,8,2
GCF_003959725.fna.gz,cjejuni,19,2,5,5,1,1,2,3
GCF_003959745.fna.gz,cjejuni,19,2,5,5,1,1,2,3
GCF_003959755.fna.gz,cjejuni,19,2,5,5,1,1,2,3
GCF_003959765.fna.gz,cjejuni,19,2,5,5,1,1,2,3
GCF_003959865.fna.gz,cjejuni,995,126,84,57,25,4,2,105
GCF_003959995.fna.gz,cjejuni,2839,380,4,23,99,52,37,131
GCF_003960135.fna.gz,cjejuni,2839,380,4,23,99,52,37,131
GCF_003960235.fna.gz,cjejuni,7896,194,499,60,101,162,64,100
GCF_003960375.fna.gz,cjejuni,7837,122,212,16,301,22,64,97
GCF_003960485.fna.gz,cjejuni,6427,514,20,60,101,95,64,100
GCF_003960595.fna.gz,cjejuni,7882,122,22,16,303,583,64,111
GCF_003960735.fna.gz,cjejuni,7837,122,212,16,301,22,64,97
GCF_003960845.fna.gz,cjejuni,7834,122,77,16,101,89,18,98
GCF_003960955.fna.gz,cjejuni,7832,122,20,16,103,89,64,77
GCF_003961085.fna.gz,cjejuni,7825,753,474,131,595,174,258,193
GCF_003961215.fna.gz,cjejuni,7819,652,71,16,94,133,64,98
GCF_003961335.fna.gz,cjejuni,7808,122,77,16,101,22,18,98
GCF_003961495.fna.gz,cjejuni,19,2,5,5,1,1,2,3
GCF_003961615.fna.gz,cjejuni,2314,332,4,23,7,61,2,64
GCF_003961695.fna.gz,cjejuni,1030,13,4,57,25,4,37,48
GCF_003961705.fna.gz,cjejuni,693,13,4,57,24,29,2,48
GCF_003961715.fna.gz,cjejuni,693,13,4,57,24,29,2,48
GCF_003961735.fna.gz,cjejuni,7843,410,72,16,103,22,18,18
GCF_003961745.fna.gz,cjejuni,1299,74,4,23,57,61,2,134
GCF_003961795.fna.gz,cjejuni,4776,129,4,23,29,52,37,26
GCF_003961815.fna.gz,cjejuni,6788,58,4,58,29,1,2,28
GCF_003961825.fna.gz,cjejuni,2839,380,4,23,99,52,37,131
GCF_003961835.fna.gz,cjejuni,7850,134,71,60,118,22,64,189
GCF_003961855.fna.gz,cjejuni,1282,194,20,60,101,162,64,100
GCF_003961875.fna.gz,cjejuni,7891,774,498,31,285,99,27,104
GCF_003961905.fna.gz,cjejuni,6428,123,22,16,86,70,344,98
GCF_003961935.fna.gz,cjejuni,4875,123,22,16,86,70,64,103
GCF_003961945.fna.gz,cjejuni,6390,134,20,16,160,133,64,100
GCF_003961955.fna.gz,cjejuni,7881,116,496,31,109,70,76,104
GCF_003961965.fna.gz,cjejuni,1539,242,22,16,204,22,64,100
GCF_003962015.fna.gz,cjejuni,6460,94,22,16,17,33,64,98
GCF_003962025.fna.gz,cjejuni,6590,134,77,16,94,95,64,98
GCF_003962045.fna.gz,cjejuni,7831,652,85,60,270,22,64,98
GCF_003962055.fna.gz,cjejuni,1539,242,22,16,204,22,64,100
GCF_003962075.fna.gz,cjejuni,7828,754,20,16,101,19,64,98
GCF_003962115.fna.gz,cjejuni,6460,94,22,16,17,33,64,98
GCF_003962125.fna.gz,cjejuni,7824,134,85,16,54,226,64,100
GCF_003962145.fna.gz,cjejuni,4875,123,22,16,86,70,64,103
GCF_003962165.fna.gz,cjejuni,7823,134,203,16,258,22,64,100
GCF_003962175.fna.gz,cjejuni,7817,752,460,60,187,22,64,351
GCF_003962215.fna.gz,cjejuni,7815,134,203,16,94,105,64,100
GCF_003962225.fna.gz,cjejuni,7814,652,71,16,594,89,80,98
GCF_003962245.fna.gz,cjejuni,7810,751,460,60,592,22,76,100
GCF_003962255.fna.gz,cjejuni,4875,123,22,16,86,70,64,103
GCF_003962275.fna.gz,cjejuni,6460,94,22,16,17,33,64,98
GCF_003962455.fna.gz,cjejuni,7803,134,20,16,94,22,64,351
GCF_003962465.fna.gz,cjejuni,6460,94,22,16,17,33,64,98
GCF_003971585.fna.gz,cjejuni,221,2,5,5,1,21,2,2
GCF_004195085.fna.gz,cjejuni,22,3,6,3,3,3,1,4
GCF_004195125.fna.gz,cjejuni,22,3,6,3,3,3,1,4
GCF_004195185.fna.gz,cjejuni,-,3,6,3,3,,1,4
GCF_004195195.fna.gz,cjejuni,22,3,6,3,3,3,1,4
GCF_004328905.fna.gz,cjejuni,6849,11,2,6,1,17,8,2
GCF_004357885.fna.gz,cjejuni,2654,101,95,1,134,31,10,268
GCF_004924295.fna.gz,cjejuni,-,127,4,6,,61,37,734
GCF_006345835.fna.gz,cjejuni,-,4,,5,1,1,2,3
GCF_006345845.fna.gz,cjejuni,43,4,5,5,1,1,2,3
GCF_006345885.fna.gz,cjejuni,43,4,5,5,1,1,2,3
GCF_006345895.fna.gz,cjejuni,43,4,5,5,1,1,2,3
GCF_006345905.fna.gz,cjejuni,43,4,5,5,1,1,2,3
GCF_006345955.fna.gz,cjejuni,-,4,,5,1,1,2,3
GCF_006345965.fna.gz,cjejuni,43,4,5,5,1,1,2,3
GCF_006345975.fna.gz,cjejuni,43,4,5,5,1,1,2,3
GCF_006345985.fna.gz,cjejuni,43,4,5,5,1,1,2,3
GCF_006346035.fna.gz,cjejuni,43,4,5,5,1,1,2,3
GCF_006346075.fna.gz,cjejuni,-,4,,5,1,1,2,3
GCF_006346145.fna.gz,cjejuni,-,4,,5,1,1,2,3
GCF_006346195.fna.gz,cjejuni,43,4,5,5,1,1,2,3
GCF_006346205.fna.gz,cjejuni,43,4,5,5,1,1,2,3
GCF_006346215.fna.gz,cjejuni,43,4,5,5,1,1,2,3
GCF_006346235.fna.gz,cjejuni,43,4,5,5,1,1,2,3
GCF_006346585.fna.gz,cjejuni,257,4,4,6,5,2,9,62
GCF_006346765.fna.gz,cjejuni,5,10,5,6,3,2,7,2
GCF_006347185.fna.gz,cjejuni,-,10,5,6,59,,8,2
GCF_006347235.fna.gz,cjejuni,50,2,12,5,1,1,2,3
GCF_006347985.fna.gz,cjejuni,257,4,4,6,5,2,9,62
GCF_006348065.fna.gz,cjejuni,-,151,1,1,3,,166,10
GCF_007844205.fna.gz,cjejuni,50,2,12,5,1,1,2,3
GCF_006348905.fna.gz,cjejuni,-,2,5,5,1,4,,2
GCF_006346045.fna.gz,cjejuni,43,4,5,5,1,1,2,3
GCF_006346125.fna.gz,cjejuni,43,4,5,5,1,1,2,3
GCF_006346525.fna.gz,cjejuni,48,7,1,5,1,4,2,2
GCF_006346705.fna.gz,cjejuni,353,10,5,6,3,17,7,2
GCF_006346895.fna.gz,cjejuni,257,4,4,6,5,2,9,62
GCF_017352015.fna.gz,cjejuni,21,2,1,5,1,1,2,3
GCF_017356785.fna.gz,cjejuni,22,3,6,3,3,3,1,4
GCF_014397185.fna.gz,cjejuni,1701,1,10,1,51,7,4,4
GCF_012224905.fna.gz,cjejuni,10086,23,292,412,29,490,37,26
GCF_006346275.fna.gz,cjejuni,43,4,5,5,1,1,2,3
GCF_006346605.fna.gz,cjejuni,52,22,2,6,3,25,9,10
GCF_006346775.fna.gz,cjejuni,-,1,10,1,7,7,4,
GCF_006347205.fna.gz,cjejuni,45,1,10,1,7,7,4,4
GCF_006347285.fna.gz,cjejuni,814,141,4,1,34,75,2,48
GCF_006348015.fna.gz,cjejuni,257,4,4,6,5,2,9,62
GCF_006348105.fna.gz,cjejuni,206,2,5,5,1,21,2,37
GCF_007845775.fna.gz,cjejuni,2988,10,2,6,12,10,8,2
GCF_006348925.fna.gz,cjejuni,257,4,4,6,5,2,9,62
GCF_006346065.fna.gz,cjejuni,-,4,,5,1,1,2,3
GCF_006346135.fna.gz,cjejuni,43,4,5,5,1,1,2,3
GCF_006346535.fna.gz,cjejuni,824,11,2,6,5,2,9,2
GCF_006346715.fna.gz,cjejuni,52,22,2,6,3,25,9,10
GCF_006346925.fna.gz,cjejuni,22,3,6,3,3,3,1,4
GCF_017356685.fna.gz,cjejuni,22,3,6,3,3,3,1,4
GCF_017356805.fna.gz,cjejuni,22,3,6,3,3,3,1,4
GCF_014397205.fna.gz,cjejuni,1701,1,30,17,51,7,4,4
GCF_012225065.fna.gz,cjejuni,10086,23,292,412,29,490,37,26
GCF_006346285.fna.gz,cjejuni,-,,5,5,1,1,2,
GCF_006346615.fna.gz,cjejuni,45,1,10,1,7,7,4,4
GCF_006346785.fna.gz,cjejuni,21,2,1,5,1,1,2,3
GCF_006347215.fna.gz,cjejuni,-,7,1,5,1,,2,2
GCF_006347305.fna.gz,cjejuni,50,2,12,5,1,1,2,3
GCF_006348025.fna.gz,cjejuni,122,2,5,5,1,4,6,2
GCF_006348145.fna.gz,cjejuni,21,2,1,5,1,1,2,3
GCF_007845785.fna.gz,cjejuni,2988,10,2,6,12,10,8,2
GCF_006370335.fna.gz,cjejuni,10362,153,57,35,58,15,22,64
GCF_006346505.fna.gz,cjejuni,19,2,5,5,1,1,2,3
GCF_006346625.fna.gz,cjejuni,50,2,12,5,1,1,2,3
GCF_006346825.fna.gz,cjejuni,2153,67,2,6,48,21,7,62
GCF_017356745.fna.gz,cjejuni,22,3,6,3,3,3,1,4
GCF_017356765.fna.gz,cjejuni,22,3,6,3,3,3,1,4
GCF_006346745.fna.gz,cjejuni,257,4,4,6,5,2,9,62
GCF_014527495.fna.gz,cjejuni,137,42,10,1,7,7,4,4
GCF_014874875.fna.gz,cjejuni,50,2,12,5,1,1,2,3
GCF_012225225.fna.gz,cjejuni,-,188,,541,29,367,7,
GCF_006346515.fna.gz,cjejuni,6522,23,389,12,3,17,24,10
GCF_006346665.fna.gz,cjejuni,-,2,1,5,1,,2,3
GCF_006346835.fna.gz,cjejuni,21,2,1,5,1,1,2,3
GCF_006347225.fna.gz,cjejuni,-,2,1,,1,1,2,3
GCF_006347315.fna.gz,cjejuni,658,19,2,6,3,4,2,4
GCF_007845825.fna.gz,cjejuni,2988,10,2,6,12,10,8,2
GCF_007845845.fna.gz,cjejuni,2988,10,2,6,12,10,8,2
GCF_006348185.fna.gz,cjejuni,48,7,1,5,1,4,2,2
GCF_006370385.fna.gz,cjejuni,6,45,27,7,5,34,63,33
GCF_007670315.fna.gz,cjejuni,567,3,6,1,3,3,1,4
GCF_006347065.fna.gz,cjejuni,19,2,5,5,1,1,2,3
GCF_006347725.fna.gz,cjejuni,22,3,6,3,3,3,1,4
GCF_006348385.fna.gz,cjejuni,353,10,5,6,3,17,7,2
GCF_017356905.fna.gz,cjejuni,22,3,6,3,3,3,1,4
GCF_017644695.fna.gz,cjejuni,137,42,10,1,7,7,4,4
GCF_006347925.fna.gz,cjejuni,48,7,1,5,1,4,2,2
GCF_015245165.fna.gz,cjejuni,42,5,3,3,9,2,1,4
GCF_015831895.fna.gz,cjejuni,42,5,3,3,9,2,1,4
GCF_006347935.fna.gz,cjejuni,-,2,5,5,1,4,6,
GCF_012225445.fna.gz,cjejuni,-,188,,541,29,367,7,
GCF_013363775.fna.gz,cjejuni,4774,74,4,35,99,28,22,28
GCF_006347565.fna.gz,cjejuni,-,,1,5,1,4,2,
GCF_006347745.fna.gz,cjejuni,48,7,1,5,1,4,2,2
GCF_006348405.fna.gz,cjejuni,45,1,10,1,7,7,4,4
GCF_007845945.fna.gz,cjejuni,2988,10,2,6,12,10,8,2
GCF_007846055.fna.gz,cjejuni,2988,10,2,6,12,10,8,2
GCF_006348195.fna.gz,cjejuni,48,7,1,5,1,4,2,2
GCF_006508225.fna.gz,cjejuni,604,5,3,3,9,2,1,27
GCF_007670345.fna.gz,cjejuni,538,42,10,1,25,7,4,4
GCF_006347945.fna.gz,cjejuni,475,19,1,5,62,4,2,4
GCF_017356825.fna.gz,cjejuni,22,3,6,3,3,3,1,4
GCF_017356945.fna.gz,cjejuni,22,3,6,3,3,3,1,4
GCF_006347075.fna.gz,cjejuni,61,6,2,17,3,4,1,2
GCF_006347765.fna.gz,cjejuni,-,,4,6,133,2,9,62
GCF_006348425.fna.gz,cjejuni,48,7,1,5,1,4,2,2
GCF_012225685.fna.gz,cjejuni,-,188,,541,29,367,7,
GCF_013390525.fna.gz,cjejuni,51,23,2,12,3,17,7,15
GCF_006347575.fna.gz,cjejuni,21,2,1,5,1,1,2,3
GCF_006347775.fna.gz,cjejuni,19,2,5,5,1,1,2,3
GCF_006348435.fna.gz,cjejuni,21,2,1,5,1,1,2,3
GCF_015687655.fna.gz,cjejuni,3015,11,45,215,3,84,7,10
GCF_015831945.fna.gz,cjejuni,50,2,12,5,1,1,2,3
GCF_006348155.fna.gz,cjejuni,5,10,5,6,3,2,7,2
GCF_007845865.fna.gz,cjejuni,8149,11,5,3,3,53,9,53
GCF_007845975.fna.gz,cjejuni,2988,10,2,6,12,10,8,2
GCF_007107025.fna.gz,cjejuni,353,10,5,6,3,17,7,2
GCF_006348235.fna.gz,cjejuni,48,7,1,5,1,4,2,2
GCF_017356845.fna.gz,cjejuni,22,3,6,3,3,3,1,4
GCF_017356965.fna.gz,cjejuni,22,3,6,3,3,3,1,4
GCF_006346945.fna.gz,cjejuni,-,2,1,5,1,,2,3
GCF_006346995.fna.gz,cjejuni,257,4,4,6,5,2,9,62
GCF_006347145.fna.gz,cjejuni,48,7,1,5,1,4,2,2
GCF_006347835.fna.gz,cjejuni,51,23,2,12,3,17,7,15
GCF_006348565.fna.gz,cjejuni,61,6,2,17,3,4,1,2
GCF_013177475.fna.gz,cjejuni,50,2,12,5,1,1,2,3
GCF_013392775.fna.gz,cjejuni,43,4,5,5,1,1,2,3
GCF_006347605.fna.gz,cjejuni,814,141,4,1,34,75,2,48
GCF_006347785.fna.gz,cjejuni,2030,4,4,12,5,2,9,62
GCF_006348505.fna.gz,cjejuni,48,7,1,5,1,4,2,2
GCF_015687675.fna.gz,cjejuni,760,2,52,5,100,1,2,3
GCF_015831955.fna.gz,cjejuni,604,5,3,3,9,2,1,27
GCF_006348265.fna.gz,cjejuni,1519,2,5,1,1,1,8,3
GCF_007845875.fna.gz,cjejuni,2988,10,2,6,12,10,8,2
GCF_007846005.fna.gz,cjejuni,2988,10,2,6,12,10,8,2
GCF_007142665.fna.gz,cjejuni,6424,40,29,3,32,6,343,512
GCF_006348275.fna.gz,cjejuni,-,2,1,5,1,1,,5
GCF_017356865.fna.gz,cjejuni,660,54,6,3,91,3,1,4
GCF_017357025.fna.gz,cjejuni,22,3,6,3,3,3,1,4
GCF_006348305.fna.gz,cjejuni,137,42,10,1,7,7,4,4
GCF_013350425.fna.gz,cjejuni,137,42,10,1,7,7,4,4
GCF_013389575.fna.gz,cjejuni,2827,226,2,221,59,25,24,2
GCF_006346965.fna.gz,cjejuni,137,42,10,1,7,7,4,4
GCF_006347045.fna.gz,cjejuni,-,,5,6,3,17,9,10
GCF_006347365.fna.gz,cjejuni,42,5,3,3,9,2,1,4
GCF_006347385.fna.gz,cjejuni,50,2,12,5,1,1,2,3
GCF_006347465.fna.gz,cjejuni,432,6,2,17,1,4,1,2
GCF_006347535.fna.gz,cjejuni,257,4,4,6,5,2,9,62
GCF_006347695.fna.gz,cjejuni,21,2,1,5,1,1,2,3
GCF_006348325.fna.gz,cjejuni,50,2,12,5,1,1,2,3
GCF_015687695.fna.gz,cjejuni,3015,11,45,215,3,84,7,10
GCF_015831915.fna.gz,cjejuni,604,5,3,3,9,2,1,27
GCF_007670275.fna.gz,cjejuni,49,11,5,6,11,1,3,17
GCF_006348345.fna.gz,cjejuni,334,42,40,1,7,7,4,4
GCF_007845885.fna.gz,cjejuni,2988,10,2,6,12,10,8,2
GCF_007846035.fna.gz,cjejuni,2988,10,2,6,12,10,8,2
GCF_017356925.fna.gz,cjejuni,262,2,1,3,1,1,2,3
GCF_017644725.fna.gz,cjejuni,230,42,41,1,7,7,4,4
GCF_006346975.fna.gz,cjejuni,267,42,40,1,51,7,4,4
GCF_006347055.fna.gz,cjejuni,574,11,2,3,3,53,7,10
GCF_006347615.fna.gz,cjejuni,21,2,1,5,1,1,2,3
GCF_006347845.fna.gz,cjejuni,-,10,5,6,3,2,7,
GCF_006348575.fna.gz,cjejuni,-,42,40,1,51,7,4,85
GCF_013363815.fna.gz,cjejuni,21,2,1,5,1,1,2,3
GCF_013392785.fna.gz,cjejuni,122,2,5,5,1,4,6,2
GCF_006347425.fna.gz,cjejuni,441,2,2,6,3,1,7,83
GCF_006347495.fna.gz,cjejuni,-,,4,1,34,75,,
GCF_006347655.fna.gz,cjejuni,48,7,1,5,1,4,2,2
GCF_006347865.fna.gz,cjejuni,148,2,6,5,1,1,2,3
GCF_006348595.fna.gz,cjejuni,61,6,2,17,3,4,1,2
GCF_015831865.fna.gz,cjejuni,50,2,12,5,1,1,2,3
GCF_015831985.fna.gz,cjejuni,604,5,3,3,9,2,1,27
GCF_007670295.fna.gz,cjejuni,9823,11,5,1,3,17,8,2
GCF_007845935.fna.gz,cjejuni,2988,10,2,6,12,10,8,2
GCF_007846045.fna.gz,cjejuni,2988,10,2,6,12,10,8,2
GCF_006348355.fna.gz,cjejuni,2274,350,5,3,3,17,9,10
GCF_017356885.fna.gz,cjejuni,22,3,6,3,3,3,1,4
GCF_017357085.fna.gz,cjejuni,61,6,2,17,3,4,1,2
GCF_006347125.fna.gz,cjejuni,266,2,5,5,54,1,2,3
GCF_006347825.fna.gz,cjejuni,-,11,5,,3,17,,2
GCF_006348535.fna.gz,cjejuni,50,2,12,5,1,1,2,3
GCF_013389555.fna.gz,cjejuni,459,5,3,3,9,2,1,3
GCF_013390965.fna.gz,cjejuni,51,23,2,12,3,17,7,15
GCF_006347135.fna.gz,cjejuni,257,4,4,6,5,2,9,62
GCF_006347375.fna.gz,cjejuni,51,23,2,12,3,17,7,15
GCF_006347445.fna.gz,cjejuni,-,7,1,5,1,4,,2
GCF_006347525.fna.gz,cjejuni,50,2,12,5,1,1,2,3
GCF_006347675.fna.gz,cjejuni,670,89,2,6,59,30,77,2
GCF_006347905.fna.gz,cjejuni,51,23,2,12,3,17,7,15
GCF_006348615.fna.gz,cjejuni,19,2,5,5,1,1,2,3
GCF_015831885.fna.gz,cjejuni,354,11,2,6,12,10,8,2
GCF_007845955.fna.gz,cjejuni,2988,10,2,6,12,10,8,2
GCF_007670485.fna.gz,cjejuni,50,2,12,5,1,1,2,3
GCF_007670795.fna.gz,cjejuni,9818,1004,34,3,293,2,531,803
GCF_013393085.fna.gz,cjejuni,50,2,12,5,1,1,2,3
GCF_017644735.fna.gz,cjejuni,257,4,4,6,5,2,9,62
GCF_017644865.fna.gz,cjejuni,45,1,10,1,7,7,4,4
GCF_007670525.fna.gz,cjejuni,137,42,10,1,7,7,4,4
GCF_007670805.fna.gz,cjejuni,9817,1003,5,3,293,6,1,176
GCF_013392795.fna.gz,cjejuni,122,2,5,5,1,4,6,2
GCF_013392905.fna.gz,cjejuni,1367,171,50,112,194,119,10,126
GCF_014151305.fna.gz,cjejuni,10086,23,292,412,29,490,37,26
GCF_006348645.fna.gz,cjejuni,61,6,2,17,3,4,1,2
GCF_006348845.fna.gz,cjejuni,21,2,1,5,1,1,2,3
GCF_007670605.fna.gz,cjejuni,9817,1003,5,3,293,6,1,176
GCF_009939705.fna.gz,cjejuni,6964,11,2,6,12,2,7,2
GCF_014151465.fna.gz,cjejuni,2140,11,2,3,3,53,9,53
GCF_016458425.fna.gz,cjejuni,52,22,2,6,3,25,9,10
GCF_016600925.fna.gz,cjejuni,354,11,2,6,12,10,8,2
GCF_008727435.fna.gz,cjejuni,10356,10,5,257,3,17,7,2
GCF_009906985.fna.gz,cjejuni,42,5,3,3,9,2,1,4
GCF_013393785.fna.gz,cjejuni,464,10,2,1,3,2,24,2
GCF_007670535.fna.gz,cjejuni,137,42,10,1,7,7,4,4
GCF_007844165.fna.gz,cjejuni,475,19,1,5,62,4,2,4
GCF_013393805.fna.gz,cjejuni,50,2,12,5,1,1,2,3
GCF_017644765.fna.gz,cjejuni,137,42,10,1,7,7,4,4
GCF_017644875.fna.gz,cjejuni,934,10,59,7,5,1,1,2
GCF_007670565.fna.gz,cjejuni,1723,11,2,6,12,17,8,2
GCF_007844175.fna.gz,cjejuni,353,10,5,6,3,17,7,2
GCF_013392845.fna.gz,cjejuni,464,10,2,1,3,2,24,2
GCF_013392915.fna.gz,cjejuni,267,42,40,1,51,7,4,4
GCF_014151665.fna.gz,cjejuni,2140,11,2,3,3,53,9,53
GCF_007670585.fna.gz,cjejuni,9820,261,5,3,7,6,1,92
GCF_009906995.fna.gz,cjejuni,42,5,3,3,9,2,1,4
GCF_013394995.fna.gz,cjejuni,1212,11,5,105,3,2,8,53
GCF_016350125.fna.gz,cjejuni,354,11,2,6,12,10,8,2
GCF_016458865.fna.gz,cjejuni,429,11,5,5,1,4,7,2
GCF_007670595.fna.gz,cjejuni,51,23,2,12,3,17,7,15
GCF_007923225.fna.gz,cjejuni,572,2,5,5,1,4,62,2
GCF_008386335.fna.gz,cjejuni,44,2,6,1,1,1,8,3
GCF_008727415.fna.gz,cjejuni,5453,40,137,3,478,6,1,176
GCF_009767615.fna.gz,cjejuni,43,4,5,5,1,1,2,3
GCF_013392985.fna.gz,cjejuni,4899,11,2,6,59,2,9,2
GCF_014152565.fna.gz,cjejuni,2140,11,2,3,3,53,9,53
GCF_017644845.fna.gz,cjejuni,61,6,2,17,3,4,1,2
GCF_006348655.fna.gz,cjejuni,51,23,2,12,3,17,7,15
GCF_006348885.fna.gz,cjejuni,51,23,2,12,3,17,7,15
GCF_007670635.fna.gz,cjejuni,9817,1003,5,3,293,6,1,176
GCF_009939725.fna.gz,cjejuni,6964,11,2,6,12,2,7,2
GCF_013392865.fna.gz,cjejuni,122,2,5,5,1,4,6,2
GCF_013393015.fna.gz,cjejuni,5207,19,4,23,24,187,37,28
GCF_014243315.fna.gz,cjejuni,7268,188,358,1,3,2,7,2
GCF_006348675.fna.gz,cjejuni,61,6,2,17,3,4,1,2
GCF_007670365.fna.gz,cjejuni,658,19,2,6,3,4,2,4
GCF_007670665.fna.gz,cjejuni,9817,1003,5,3,293,6,1,176
GCF_011380075.fna.gz,cjejuni,48,7,1,5,1,4,2,2
GCF_014151825.fna.gz,cjejuni,10075,2,5,5,1,4,7,3
GCF_016458455.fna.gz,cjejuni,222,59,5,5,1,21,2,2
GCF_016807145.fna.gz,cjejuni,2993,11,42,8,9,2,1,4
GCF_007923345.fna.gz,cjejuni,262,2,1,3,1,1,2,3
GCF_008727335.fna.gz,cjejuni,441,2,2,6,3,1,7,83
GCF_009649035.fna.gz,cjejuni,222,59,5,5,1,21,2,2
GCF_012220765.fna.gz,cjejuni,10317,127,57,23,668,620,8,28
GCF_014151925.fna.gz,cjejuni,10075,2,5,5,1,4,7,3
GCF_017644805.fna.gz,cjejuni,934,10,59,7,5,1,1,2
GCF_017644945.fna.gz,cjejuni,814,141,4,1,34,75,2,48
GCF_006348695.fna.gz,cjejuni,19,2,5,5,1,1,2,3
GCF_007670385.fna.gz,cjejuni,227,2,5,5,1,4,2,2
GCF_007670675.fna.gz,cjejuni,9817,1003,5,3,293,6,1,176
GCF_012220945.fna.gz,cjejuni,10086,23,292,412,29,490,37,26
GCF_013392875.fna.gz,cjejuni,122,2,5,5,1,4,6,2
GCF_013393025.fna.gz,cjejuni,1044,19,2,6,3,10,2,4
GCF_014243325.fna.gz,cjejuni,10087,127,4,19,24,490,8,668
GCF_006348725.fna.gz,cjejuni,61,6,2,17,3,4,1,2
GCF_007670395.fna.gz,cjejuni,21,2,1,5,1,1,2,3
GCF_007670695.fna.gz,cjejuni,9817,1003,5,3,293,6,1,176
GCF_012224585.fna.gz,cjejuni,10314,470,80,6,99,61,8,64
GCF_014152105.fna.gz,cjejuni,2140,11,2,3,3,53,9,53
GCF_016458485.fna.gz,cjejuni,41,3,16,8,9,2,16,62
GCF_016807155.fna.gz,cjejuni,2993,11,42,8,9,2,1,4
GCF_008727455.fna.gz,cjejuni,2109,10,10,1,7,7,4,4
GCF_009939125.fna.gz,cjejuni,2282,2,5,5,1,84,2,68
GCF_013466235.fna.gz,cjejuni,2993,11,42,8,9,2,1,4
GCF_017644775.fna.gz,cjejuni,267,42,40,1,51,7,4,4
GCF_017644895.fna.gz,cjejuni,575,5,1,3,9,2,1,4
GCF_013393065.fna.gz,cjejuni,50,2,12,5,1,1,2,3
GCF_006348745.fna.gz,cjejuni,42,5,3,3,9,2,1,4
GCF_007670415.fna.gz,cjejuni,50,2,12,5,1,1,2,3
GCF_007670715.fna.gz,cjejuni,-,1005,617,647,293,45,10,804
GCF_012224765.fna.gz,cjejuni,10313,470,80,6,25,364,8,64
GCF_013432125.fna.gz,cjejuni,2274,350,5,3,3,17,9,10
GCF_013465795.fna.gz,cjejuni,2993,11,42,8,9,2,1,4
GCF_014243335.fna.gz,cjejuni,7268,188,358,1,3,2,7,2
GCF_006348775.fna.gz,cjejuni,42,5,3,3,9,2,1,4
GCF_007670435.fna.gz,cjejuni,45,1,10,1,7,7,4,4
GCF_007670735.fna.gz,cjejuni,128,1,10,1,7,73,4,4
GCF_013392925.fna.gz,cjejuni,572,2,5,5,1,4,62,2
GCF_014152305.fna.gz,cjejuni,305,11,2,3,3,53,9,10
GCF_016458695.fna.gz,cjejuni,52,22,2,6,3,25,9,10
GCF_016807195.fna.gz,cjejuni,2993,11,42,8,9,2,1,4
GCF_008802045.fna.gz,cjejuni,403,10,16,7,5,27,10,19
GCF_009939645.fna.gz,cjejuni,6964,11,2,6,12,2,7,2
GCF_014082005.fna.gz,cjejuni,2140,11,2,3,3,53,9,53
GCF_017644795.fna.gz,cjejuni,45,1,10,1,7,7,4,4
GCF_017644905.fna.gz,cjejuni,814,141,4,1,34,75,2,48
GCF_013393075.fna.gz,cjejuni,48,7,1,5,1,4,2,2
GCF_006348825.fna.gz,cjejuni,48,7,1,5,1,4,2,2
GCF_007670465.fna.gz,cjejuni,9821,1,618,16,775,2,18,805
GCF_007670765.fna.gz,cjejuni,9818,1004,34,3,293,2,531,803
GCF_013392965.fna.gz,cjejuni,583,42,10,1,51,7,4,4
GCF_013465595.fna.gz,cjejuni,2993,11,42,8,9,2,1,4
GCF_013466015.fna.gz,cjejuni,2993,11,42,8,9,2,1,4
GCF_014243405.fna.gz,cjejuni,10082,127,291,147,24,455,8,668
GCF_006348835.fna.gz,cjejuni,367,4,4,6,5,2,2,62
GCF_007670475.fna.gz,cjejuni,9822,4,21,5,1,1,2,3
GCF_007670785.fna.gz,cjejuni,9818,1004,34,3,293,2,531,803
GCF_013392975.fna.gz,cjejuni,657,19,2,6,3,4,73,4
GCF_014152385.fna.gz,cjejuni,2140,11,2,3,3,53,9,53
GCF_016458845.fna.gz,cjejuni,22,3,6,3,3,3,1,4
GCF_016807245.fna.gz,cjejuni,2993,11,42,8,9,2,1,4
GCF_009498375.fna.gz,cjejuni,1212,11,5,105,3,2,8,53
GCF_009939665.fna.gz,cjejuni,6964,11,2,6,12,2,7,2
GCF_014117735.fna.gz,cjejuni,10086,23,292,412,29,490,37,26
GCF_904845095.fna.gz,cjejuni,22,3,6,3,3,3,1,4
GCF_014243455.fna.gz,cjejuni,4258,10,2,5,59,2,2,10
GCF_014305315.fna.gz,cjejuni,1036,11,5,6,3,84,7,10
GCF_014397105.fna.gz,cjejuni,1701,1,10,1,51,7,4,4
GCF_016807425.fna.gz,cjejuni,2993,11,42,8,9,2,1,4
GCF_016865135.fna.gz,cjejuni,5229,10,2,147,253,2,8,212
GCF_017645105.fna.gz,cjejuni,257,4,4,6,5,2,9,62
GCF_017645185.fna.gz,cjejuni,137,42,10,1,7,7,4,4
GCF_017648275.fna.gz,cjejuni,2250,2,1,5,3,1,2,3
GCF_017813755.fna.gz,cjejuni,2042,90,42,8,25,2,2,4
GCF_018500675.fna.gz,cjejuni,50,2,12,5,1,1,2,3
GCF_018500795.fna.gz,cjejuni,10221,167,5,6,3,17,7,2
GCF_018727205.fna.gz,cjejuni,6461,10,5,6,59,17,2,2
GCF_018727985.fna.gz,cjejuni,2066,22,5,6,3,10,9,10
GCF_900000215.fna.gz,cjejuni,61,6,2,17,3,4,1,2
GCF_900446505.fna.gz,cjejuni,449,11,5,6,67,71,7,62
GCF_900638195.fna.gz,cjejuni,61,6,2,17,3,4,1,2
GCF_902386995.fna.gz,cjejuni,206,2,5,5,1,21,2,37
GCF_904844905.fna.gz,cjejuni,48,7,1,5,1,4,2,2
GCF_904844985.fna.gz,cjejuni,21,2,1,5,1,1,2,3
GCF_904845045.fna.gz,cjejuni,48,7,1,5,1,4,2,2
GCF_904845175.fna.gz,cjejuni,21,2,1,5,1,1,2,3
GCF_014252915.fna.gz,cjejuni,10087,127,4,19,24,490,8,668
GCF_014305325.fna.gz,cjejuni,8741,11,5,6,3,17,2,10
GCF_014397125.fna.gz,cjejuni,1701,1,10,1,51,7,4,4
GCF_016807445.fna.gz,cjejuni,2993,11,42,8,9,2,1,4
GCF_017351955.fna.gz,cjejuni,21,2,1,5,1,1,2,3
GCF_017645125.fna.gz,cjejuni,45,1,10,1,7,7,4,4
GCF_017645205.fna.gz,cjejuni,9401,11,1,6,3,84,7,767
GCF_017648375.fna.gz,cjejuni,572,2,5,5,1,4,62,2
GCF_018169175.fna.gz,cjejuni,-,1072,292,23,668,620,8,28
GCF_018500685.fna.gz,cjejuni,6227,2,1,6,1,1,2,362
GCF_018500805.fna.gz,cjejuni,934,10,59,7,5,1,1,2
GCF_018727425.fna.gz,cjejuni,6532,5,3,3,9,2,346,4
GCF_018885125.fna.gz,cjejuni,760,2,52,5,100,1,2,3
GCF_900036015.fna.gz,cjejuni,403,10,16,7,5,27,10,19
GCF_900446545.fna.gz,cjejuni,267,42,40,1,51,7,4,4
GCF_900638205.fna.gz,cjejuni,22,3,6,3,3,3,1,4
GCF_904844825.fna.gz,cjejuni,52,22,2,6,3,25,9,10
GCF_904844925.fna.gz,cjejuni,5,10,5,6,3,2,7,2
GCF_904844995.fna.gz,cjejuni,21,2,1,5,1,1,2,3
GCF_904845055.fna.gz,cjejuni,-,1,,1,,7,4,4
GCF_904845195.fna.gz,cjejuni,-,19,2,147,231,654,180,
GCF_014265945.fna.gz,cjejuni,4258,10,2,5,59,2,2,10
GCF_014305335.fna.gz,cjejuni,10311,1057,5,5,203,4,2,25
GCF_014397145.fna.gz,cjejuni,1701,1,10,1,51,7,4,4
GCF_016807465.fna.gz,cjejuni,2993,11,42,8,9,2,1,4
GCF_017645065.fna.gz,cjejuni,21,2,1,5,1,1,2,3
GCF_017645145.fna.gz,cjejuni,61,6,2,17,3,4,1,2
GCF_017645215.fna.gz,cjejuni,50,2,12,5,1,1,2,3
GCF_017813295.fna.gz,cjejuni,43,4,5,5,1,1,2,3
GCF_018176755.fna.gz,cjejuni,-,1072,292,23,668,620,8,28
GCF_018500715.fna.gz,cjejuni,3,11,5,6,11,2,3,10
GCF_018500845.fna.gz,cjejuni,353,10,5,6,3,17,7,2
GCF_018727585.fna.gz,cjejuni,7010,697,27,213,545,34,296,33
GCF_018885205.fna.gz,cjejuni,5,10,5,6,3,2,7,2
GCF_900117385.fna.gz,cjejuni,-,4,,5,1,1,2,3
GCF_900475265.fna.gz,cjejuni,43,4,5,5,1,1,2,3
GCF_900638225.fna.gz,cjejuni,45,1,10,1,7,7,4,4
GCF_904844835.fna.gz,cjejuni,572,2,5,5,1,4,62,2
GCF_904844945.fna.gz,cjejuni,-,,12,5,1,1,2,3
GCF_904845005.fna.gz,cjejuni,-,,2,12,3,17,7,15
GCF_904845075.fna.gz,cjejuni,48,7,1,5,1,4,2,2
GCF_904845205.fna.gz,cjejuni,305,11,2,3,3,53,9,10
GCF_014305415.fna.gz,cjejuni,8741,11,5,6,3,17,2,10
GCF_018500585.fna.gz,cjejuni,10221,167,5,6,3,17,7,2
GCF_018500745.fna.gz,cjejuni,10222,2,2,5,9,1,2,3
GCF_018500865.fna.gz,cjejuni,50,2,12,5,1,1,2,3
GCF_018727665.fna.gz,cjejuni,2328,153,2,147,253,2,8,212
GCF_018885225.fna.gz,cjejuni,760,2,52,5,100,1,2,3
GCF_900446415.fna.gz,cjejuni,49,11,5,6,11,1,3,17
GCF_900638165.fna.gz,cjejuni,403,10,16,7,5,27,10,19
GCF_900638235.fna.gz,cjejuni,48,7,1,5,1,4,2,2
GCF_904844865.fna.gz,cjejuni,-,,1,5,1,4,2,
GCF_904844955.fna.gz,cjejuni,50,2,12,5,1,1,2,3
GCF_904845015.fna.gz,cjejuni,52,22,2,6,3,25,9,10
GCF_904845085.fna.gz,cjejuni,19,2,5,5,1,1,2,3
GCF_904845215.fna.gz,cjejuni,48,7,1,5,1,4,2,2
GCF_014397035.fna.gz,cjejuni,1701,1,10,1,51,7,4,4
GCF_016807265.fna.gz,cjejuni,2993,11,42,8,9,2,1,4
GCF_016807285.fna.gz,cjejuni,2993,11,42,8,9,2,1,4
GCF_016807305.fna.gz,cjejuni,2993,11,42,8,9,2,1,4
GCF_016807315.fna.gz,cjejuni,2993,11,42,8,9,2,1,4
GCF_016807345.fna.gz,cjejuni,2993,11,42,8,9,2,1,4
GCF_016807355.fna.gz,cjejuni,2993,11,42,8,9,2,1,4
GCF_016807385.fna.gz,cjejuni,2993,11,42,8,9,2,1,4
GCF_016807405.fna.gz,cjejuni,2993,11,42,8,9,2,1,4
GCF_016807475.fna.gz,cjejuni,2993,11,42,8,9,2,1,4
GCF_017644965.fna.gz,cjejuni,61,6,2,17,3,4,1,2
GCF_017644985.fna.gz,cjejuni,354,11,2,6,12,10,8,2
GCF_017644995.fna.gz,cjejuni,137,42,10,1,7,7,4,4
GCF_017645025.fna.gz,cjejuni,45,1,10,1,7,7,4,4
GCF_017645045.fna.gz,cjejuni,814,141,4,1,34,75,2,48
GCF_017645085.fna.gz,cjejuni,22,3,6,3,3,3,1,4
GCF_017645155.fna.gz,cjejuni,48,7,1,5,1,4,2,2
GCF_017648265.fna.gz,cjejuni,45,1,10,1,7,7,4,4
GCF_017813725.fna.gz,cjejuni,43,4,5,5,1,1,2,3
GCF_018500665.fna.gz,cjejuni,50,2,12,5,1,1,2,3
GCF_018500785.fna.gz,cjejuni,22,3,6,3,3,3,1,4
GCF_018500935.fna.gz,cjejuni,50,2,12,5,1,1,2,3
GCF_018727945.fna.gz,cjejuni,2274,350,5,3,3,17,9,10
GCF_019056455.fna.gz,cjejuni,10560,1077,2,1,3,2,24,2
GCF_900446455.fna.gz,cjejuni,50,2,12,5,1,1,2,3
GCF_900638185.fna.gz,cjejuni,354,11,2,6,12,10,8,2
GCF_900638365.fna.gz,cjejuni,43,4,5,5,1,1,2,3
GCF_904844885.fna.gz,cjejuni,400,10,5,6,59,17,8,2
GCF_904844975.fna.gz,cjejuni,48,7,1,5,1,4,2,2
GCF_904845035.fna.gz,cjejuni,21,2,1,5,1,1,2,3
GCF_904845165.fna.gz,cjejuni,61,6,2,17,3,4,1,2
GCF_014305275.fna.gz,cjejuni,1036,11,5,6,3,84,7,10
GCF_014305385.fna.gz,cjejuni,8741,11,5,6,3,17,2,10
GCF_017813695.fna.gz,cjejuni,2042,90,42,8,25,2,2,4
GCF_018500635.fna.gz,cjejuni,982,2,2,5,1,1,2,3
GCF_018500765.fna.gz,cjejuni,353,10,5,6,3,17,7,2
GCF_018500875.fna.gz,cjejuni,10220,40,61,3,180,6,1,147
GCF_018727795.fna.gz,cjejuni,6461,10,5,6,59,17,2,2
GCF_019056415.fna.gz,cjejuni,10483,127,12,5,1,1,2,3
GCF_900446445.fna.gz,cjejuni,45,1,10,1,7,7,4,4
GCF_900638175.fna.gz,cjejuni,362,11,49,8,66,2,1,4
GCF_900638285.fna.gz,cjejuni,45,1,10,1,7,7,4,4
GCF_904844875.fna.gz,cjejuni,19,2,5,5,1,1,2,3
GCF_904844965.fna.gz,cjejuni,400,10,5,6,59,17,8,2
GCF_904845025.fna.gz,cjejuni,48,7,1,5,1,4,2,2
GCF_904845115.fna.gz,cjejuni,3335,2,5,5,1,4,62,10
GCF_904845225.fna.gz,cjejuni,48,7,1,5,1,4,2,2
GCF_904845235.fna.gz,cjejuni,21,2,1,5,1,1,2,3
GCF_904845245.fna.gz,cjejuni,45,1,10,1,7,7,4,4
GCF_904845255.fna.gz,cjejuni,21,2,1,5,1,1,2,3
GCF_904845265.fna.gz,cjejuni,-,1,,1,7,7,4,4
GCF_904845275.fna.gz,cjejuni,21,2,1,5,1,1,2,3
GCF_904845315.fna.gz,cjejuni,-,,1,5,1,1,2,
GCF_905397335.fna.gz,cjejuni,267,42,40,1,51,7,4,4
GCF_905410075.fna.gz,cjejuni,403,10,16,7,5,27,10,19
GCF_000168195.fna.gz,cjejuni,21,2,1,5,1,1,2,3
GCF_000254355.fna.gz,cjejuni,3504,11,5,6,68,55,7,10
GCF_000025425.fna.gz,cjejuni,8,2,1,6,1,1,2,3
GCF_000830845.fna.gz,cjejuni,43,4,5,5,1,1,2,3
GCF_000830865.fna.gz,cjejuni,43,4,5,5,1,1,2,3
GCF_000017905.fna.gz,cjejuni,267,42,40,1,51,7,4,4
GCF_000254375.fna.gz,cjejuni,4836,11,27,5,3,378,2,2
GCF_000184205.fna.gz,cjejuni,354,11,2,6,12,10,8,2
GCF_000835285.fna.gz,cjejuni,2132,2,5,6,3,2,7,2
GCF_000835345.fna.gz,cjejuni,8,2,1,6,1,1,2,3
GCF_000254415.fna.gz,cjejuni,4837,10,5,6,59,17,8,3
GCF_000148705.fna.gz,cjejuni,137,42,10,1,7,7,4,4
GCF_000830825.fna.gz,cjejuni,43,4,5,5,1,1,2,3
GCF_000254435.fna.gz,cjejuni,45,1,10,1,7,7,4,4
GCF_000163975.fna.gz,cjejuni,841,139,78,16,108,99,64,104
GCF_000835305.fna.gz,cjejuni,806,140,1,5,3,1,2,3
GCF_000835365.fna.gz,cjejuni,8,2,1,6,1,1,2,3
GCF_000254475.fna.gz,cjejuni,4840,11,27,5,1,4,2,122
GCF_000168115.fna.gz,cjejuni,883,2,2,5,1,17,2,3
GCF_000821125.fna.gz,cjejuni,677,120,50,52,76,81,10,99
GCF_000254515.fna.gz,cjejuni,403,10,16,7,5,27,10,19
GCF_000234525.fna.gz,cjejuni,354,11,2,6,12,10,8,2
GCF_000632435.fna.gz,cjejuni,356,11,5,6,3,17,14,2
GCF_000633065.fna.gz,cjejuni,43,4,5,5,1,1,2,3
GCF_000254535.fna.gz,cjejuni,52,22,2,6,3,25,9,10
GCF_000242395.fna.gz,cjejuni,474,2,1,5,1,4,2,2
GCF_000254555.fna.gz,cjejuni,4838,11,5,6,3,17,7,68
GCF_000254575.fna.gz,cjejuni,443,23,2,12,3,17,24,15
GCF_000254255.fna.gz,cjejuni,459,5,3,3,9,2,1,3
GCF_000254595.fna.gz,cjejuni,50,2,12,5,1,1,2,3
GCF_000254675.fna.gz,cjejuni,658,19,2,6,3,4,2,4
GCF_000254275.fna.gz,cjejuni,4834,156,5,6,3,2,103,2
GCF_000254615.fna.gz,cjejuni,1962,125,21,51,83,172,55,49
GCF_000254875.fna.gz,cjejuni,50,2,12,5,1,1,2,3
GCF_000685605.fna.gz,cjejuni,305,11,2,3,3,53,9,10
GCF_000686225.fna.gz,cjejuni,1919,10,2,5,3,2,9,10
GCF_000254635.fna.gz,cjejuni,61,6,2,17,3,4,1,2
GCF_000254935.fna.gz,cjejuni,132,12,22,1,28,6,1,24
GCF_000254655.fna.gz,cjejuni,572,2,5,5,1,4,62,2
GCF_000254295.fna.gz,cjejuni,4835,94,319,16,103,89,64,100
GCF_000254395.fna.gz,cjejuni,46,2,5,5,1,21,2,3
GCF_000254695.fna.gz,cjejuni,2274,350,5,3,3,17,9,10
GCF_000254795.fna.gz,cjejuni,22,3,6,3,3,3,1,4
GCF_000254455.fna.gz,cjejuni,47,2,1,5,1,1,2,5
GCF_000254715.fna.gz,cjejuni,50,2,12,5,1,1,2,3
GCF_000254815.fna.gz,cjejuni,5159,167,5,6,457,17,7,2
GCF_000254495.fna.gz,cjejuni,4883,101,22,31,9,33,27,49
GCF_000254735.fna.gz,cjejuni,475,19,1,5,62,4,2,4
GCF_000254835.fna.gz,cjejuni,939,156,5,6,3,2,7,2
GCF_000254755.fna.gz,cjejuni,61,6,2,17,3,4,1,2
GCF_000234545.fna.gz,cjejuni,429,11,5,5,1,4,7,2
GCF_000752275.fna.gz,cjejuni,50,2,12,5,1,1,2,3
GCF_000686285.fna.gz,cjejuni,460,89,2,6,59,30,24,2
GCF_000254775.fna.gz,cjejuni,4839,86,2,309,3,17,9,2
GCF_000242375.fna.gz,cjejuni,474,2,1,5,1,4,2,2
GCF_000934305.fna.gz,cjejuni,5843,394,5,233,88,1,1,48
GCF_000686305.fna.gz,cjejuni,4397,151,52,6,3,69,60,10
GCF_000285695.fna.gz,cjejuni,21,2,1,5,1,1,2,3
GCF_000254855.fna.gz,cjejuni,982,2,2,5,1,1,2,3
GCF_000943385.fna.gz,cjejuni,2209,40,29,3,32,6,1,176
GCF_000948095.fna.gz,cjejuni,5524,1,22,60,109,33,18,326
GCF_000438865.fna.gz,cjejuni,362,11,49,8,66,2,1,4
GCF_000285715.fna.gz,cjejuni,21,2,1,5,1,1,2,3
GCF_000254895.fna.gz,cjejuni,452,10,12,6,3,17,7,2
GCF_000943395.fna.gz,cjejuni,5523,585,78,16,86,33,64,18
GCF_000948105.fna.gz,cjejuni,2209,40,29,3,32,6,1,176
GCF_000285735.fna.gz,cjejuni,21,2,1,5,1,1,2,3
GCF_000254915.fna.gz,cjejuni,5161,225,2,17,1,4,1,2
GCF_000943435.fna.gz,cjejuni,448,2,22,47,74,70,61,18
GCF_001223585.fna.gz,cjejuni,61,6,2,17,3,4,1,2
GCF_000509895.fna.gz,cjejuni,604,5,3,3,9,2,1,27
GCF_000285755.fna.gz,cjejuni,21,2,1,5,1,1,2,3
GCF_000254955.fna.gz,cjejuni,122,2,5,5,1,4,6,2
GCF_000943445.fna.gz,cjejuni,5524,1,22,60,109,33,18,326
GCF_000302555.fna.gz,cjejuni,50,2,12,5,1,1,2,3
GCF_000254975.fna.gz,cjejuni,61,6,2,17,3,4,1,2
GCF_000943475.fna.gz,cjejuni,2209,40,29,3,32,6,1,176
GCF_000493495.fna.gz,cjejuni,45,1,10,1,7,7,4,4
GCF_000285675.fna.gz,cjejuni,21,2,1,5,1,1,2,3
GCF_000254995.fna.gz,cjejuni,922,2,2,6,3,1,1,83
GCF_000943485.fna.gz,cjejuni,2209,40,29,3,32,6,1,176
GCF_000686265.fna.gz,cjejuni,2157,153,2,147,253,21,8,212
GCF_000314085.fna.gz,cjejuni,45,1,10,1,7,7,4,4
GCF_000255015.fna.gz,cjejuni,38,6,2,5,1,4,2,2
GCF_000737085.fna.gz,cjejuni,8785,42,10,1,7,7,29,4
GCF_000355825.fna.gz,cjejuni,2993,11,42,8,9,2,1,4
GCF_000255035.fna.gz,cjejuni,806,140,1,5,3,1,2,3
GCF_000686325.fna.gz,cjejuni,464,10,2,1,3,2,24,2
GCF_000314265.fna.gz,cjejuni,61,6,2,17,3,4,1,2
GCF_000255055.fna.gz,cjejuni,677,120,50,52,76,81,10,99
GCF_000686345.fna.gz,cjejuni,3919,11,2,6,59,30,24,2
GCF_000314285.fna.gz,cjejuni,2381,359,216,102,293,251,175,282
GCF_000255075.fna.gz,cjejuni,380,78,6,1,37,2,7,10
GCF_000686365.fna.gz,cjejuni,918,19,1,5,1,4,2,4
GCF_000314445.fna.gz,cjejuni,257,4,4,6,5,2,9,62
GCF_000255095.fna.gz,cjejuni,220,40,29,3,32,6,1,2
GCF_000686385.fna.gz,cjejuni,574,11,2,3,3,53,7,10
GCF_000314525.fna.gz,cjejuni,-,,2,6,3,10,2,4
GCF_000283215.fna.gz,cjejuni,573,17,4,12,34,28,7,28
GCF_000686405.fna.gz,cjejuni,3630,11,42,253,9,2,9,4
GCF_000168135.fna.gz,cjejuni,362,11,49,8,66,2,1,4
GCF_000304375.fna.gz,cjejuni,43,4,5,5,1,1,2,3
GCF_000168175.fna.gz,cjejuni,22,3,6,3,3,3,1,4
GCF_000171795.fna.gz,cjejuni,1919,10,2,5,3,2,9,10
GCF_000254315.fna.gz,cjejuni,48,7,1,5,1,4,2,2
GCF_000254335.fna.gz,cjejuni,791,135,5,26,68,97,7,2
GCF_000355845.fna.gz,cjejuni,2993,11,42,8,9,2,1,4
GCF_000397125.fna.gz,cjejuni,-,23,2,12,3,17,7,
GCF_000430385.fna.gz,cjejuni,1460,11,5,5,1,4,6,2
GCF_000440015.fna.gz,cjejuni,3652,3,6,3,75,3,1,331
GCF_000466065.fna.gz,cjejuni,21,2,1,5,1,1,2,3
GCF_000466075.fna.gz,cjejuni,21,2,1,5,1,1,2,3
GCF_000466105.fna.gz,cjejuni,21,2,1,5,1,1,2,3
GCF_000466925.fna.gz,cjejuni,50,2,12,5,1,1,2,3
GCF_000468915.fna.gz,cjejuni,21,2,1,5,1,1,2,3
GCF_000686445.fna.gz,cjejuni,161,86,2,6,3,21,14,10
GCF_000830805.fna.gz,cjejuni,43,4,5,5,1,1,2,3
