Genome,Scheme,ST,sdhA,adhP,pheS,glcK,tkt,glnA,atr
GCF_001018155.fna.gz,sagalactiae,17,1,2,1,1,1,2,1
GCF_001145805.fna.gz,sagalactiae,1784,1,2,1,1,1,2,235
GCF_001151005.fna.gz,sagalactiae,23,2,5,4,1,3,3,6
GCF_001439905.fna.gz,sagalactiae,17,1,2,1,1,1,2,1
GCF_001546755.fna.gz,sagalactiae,17,1,2,1,1,1,2,1
GCF_000715295.fna.gz,sagalactiae,7,3,10,1,2,2,1,2
GCF_001016255.fna.gz,sagalactiae,23,2,5,4,1,3,3,6
GCF_001016375.fna.gz,sagalactiae,328,2,1,1,3,2,2,4
GCF_001217725.fna.gz,sagalactiae,1790,174,9,8,3,134,1,4
GCF_001222685.fna.gz,sagalactiae,22,1,13,3,1,1,3,1
GCF_001016835.fna.gz,sagalactiae,23,2,5,4,1,3,3,6
GCF_001348855.fna.gz,sagalactiae,23,2,5,4,1,3,3,6
GCF_001348955.fna.gz,sagalactiae,"1,1707",1,1,1,2,134,1,2
GCF_001015675.fna.gz,sagalactiae,-,3,,1,2,2,1,2
GCF_001398795.fna.gz,sagalactiae,17,1,2,1,1,1,2,1
GCF_001398915.fna.gz,sagalactiae,23,2,5,4,1,3,3,6
GCF_001074215.fna.gz,sagalactiae,"1,1707",1,1,1,2,134,1,2
GCF_001110105.fna.gz,sagalactiae,23,2,5,4,1,3,3,6
GCF_001116525.fna.gz,sagalactiae,17,1,2,1,1,1,2,1
GCF_001348875.fna.gz,sagalactiae,467,1,2,1,32,1,2,1
GCF_001349035.fna.gz,sagalactiae,335,2,1,1,2,2,2,43
GCF_001448985.fna.gz,sagalactiae,"1,1707",1,1,1,2,2,1,2
GCF_001592385.fna.gz,sagalactiae,283,3,9,5,3,2,1,7
GCF_001016855.fna.gz,sagalactiae,23,2,5,4,1,3,3,6
GCF_001218205.fna.gz,sagalactiae,23,2,5,4,1,3,3,6
GCF_001221965.fna.gz,sagalactiae,17,1,2,1,1,1,2,1
GCF_001015685.fna.gz,sagalactiae,-,2,,4,1,3,3,6
GCF_001146325.fna.gz,sagalactiae,17,1,2,1,1,1,2,1
GCF_001152205.fna.gz,sagalactiae,106,2,1,1,5,2,4,3
GCF_001398815.fna.gz,sagalactiae,23,2,5,4,1,3,3,6
GCF_001399015.fna.gz,sagalactiae,27,2,1,1,2,2,4,3
GCF_001074255.fna.gz,sagalactiae,23,2,5,4,1,3,3,6
GCF_001110405.fna.gz,sagalactiae,"1,1707",1,1,1,2,134,1,2
GCF_001118625.fna.gz,sagalactiae,-,,9,1,3,134,1,4
GCF_001018165.fna.gz,sagalactiae,"1,1707",1,1,1,2,2,1,2
GCF_001016265.fna.gz,sagalactiae,"1,1707",1,1,1,2,134,1,2
GCF_000715315.fna.gz,sagalactiae,7,3,10,1,2,2,1,2
GCF_001348895.fna.gz,sagalactiae,8,3,4,1,3,134,1,4
GCF_001348975.fna.gz,sagalactiae,12,3,10,1,3,134,1,4
GCF_001218945.fna.gz,sagalactiae,"1,1707",1,1,1,2,134,1,2
GCF_001484865.fna.gz,sagalactiae,-,1,1,1,2,,1,2
GCF_001546715.fna.gz,sagalactiae,459,41,1,1,12,134,1,3
GCF_001146845.fna.gz,sagalactiae,459,41,1,1,12,134,1,3
GCF_001016875.fna.gz,sagalactiae,19,2,1,1,2,2,2,3
GCF_001074285.fna.gz,sagalactiae,"1,1707",1,1,1,2,2,1,2
GCF_001087245.fna.gz,sagalactiae,17,1,2,1,1,1,2,1
GCF_001015695.fna.gz,sagalactiae,12,3,10,1,3,2,1,4
GCF_000730215.fna.gz,sagalactiae,459,41,1,1,12,2,1,3
GCF_001111745.fna.gz,sagalactiae,24,2,5,4,3,3,3,4
GCF_001119085.fna.gz,sagalactiae,23,2,5,4,1,3,3,6
GCF_001018175.fna.gz,sagalactiae,17,1,2,1,1,1,2,1
GCF_001398835.fna.gz,sagalactiae,23,2,5,4,1,3,3,6
GCF_001398935.fna.gz,sagalactiae,17,1,2,1,1,1,2,1
GCF_001016285.fna.gz,sagalactiae,17,1,2,1,1,1,2,1
GCF_001221465.fna.gz,sagalactiae,19,2,1,1,2,2,2,3
GCF_001222045.fna.gz,sagalactiae,17,1,2,1,1,1,2,1
GCF_001546675.fna.gz,sagalactiae,19,2,1,1,2,2,2,3
GCF_001546775.fna.gz,sagalactiae,22,1,13,3,1,1,3,1
GCF_001147165.fna.gz,sagalactiae,10,3,9,1,3,2,1,4
GCF_001016895.fna.gz,sagalactiae,12,3,10,1,3,2,1,4
GCF_001015735.fna.gz,sagalactiae,-,1,,1,1,1,2,1
GCF_001114925.fna.gz,sagalactiae,315,31,2,1,1,1,2,1
GCF_001119265.fna.gz,sagalactiae,10,3,9,1,3,134,1,4
GCF_001018215.fna.gz,sagalactiae,-,1,,1,2,134,1,232
GCF_001398855.fna.gz,sagalactiae,23,2,5,4,1,3,3,6
GCF_001398955.fna.gz,sagalactiae,17,1,2,1,1,1,2,1
GCF_001074585.fna.gz,sagalactiae,509,3,10,1,40,2,1,4
GCF_001348915.fna.gz,sagalactiae,23,2,5,4,1,3,3,6
GCF_001348995.fna.gz,sagalactiae,130,5,9,8,3,4,1,4
GCF_001016295.fna.gz,sagalactiae,23,2,5,4,1,3,3,6
GCF_000730255.fna.gz,sagalactiae,452,2,5,25,3,3,3,4
GCF_001221525.fna.gz,sagalactiae,1789,173,1,1,2,2,2,3
GCF_001222545.fna.gz,sagalactiae,1787,172,2,1,1,1,2,1
GCF_001546685.fna.gz,sagalactiae,8,3,4,1,3,2,1,4
GCF_001546785.fna.gz,sagalactiae,8,3,4,1,3,2,1,4
GCF_001147785.fna.gz,sagalactiae,23,2,5,4,1,3,3,6
GCF_001016915.fna.gz,sagalactiae,1758,1,13,3,1,1,3,231
GCF_001015755.fna.gz,sagalactiae,"1693,2",1,1,1,2,134,1,3
GCF_001115485.fna.gz,sagalactiae,23,2,5,4,1,3,3,6
GCF_001123205.fna.gz,sagalactiae,17,1,2,1,1,1,2,1
GCF_001018225.fna.gz,sagalactiae,"1,1707",1,1,1,2,2,1,2
GCF_001398875.fna.gz,sagalactiae,23,2,5,4,1,3,3,6
GCF_001398975.fna.gz,sagalactiae,27,2,1,1,2,2,4,3
GCF_001076065.fna.gz,sagalactiae,853,2,156,1,2,2,2,3
GCF_001348935.fna.gz,sagalactiae,17,1,2,1,1,1,2,1
GCF_001349015.fna.gz,sagalactiae,9,3,8,1,3,134,1,4
GCF_001016335.fna.gz,sagalactiae,1760,1,2,1,1,1,2,233
GCF_000736485.fna.gz,sagalactiae,7,3,10,1,2,134,1,2
GCF_001149385.fna.gz,sagalactiae,19,2,1,1,2,2,2,3
GCF_001153505.fna.gz,sagalactiae,17,1,2,1,1,1,2,1
GCF_001221825.fna.gz,sagalactiae,19,2,1,1,2,2,2,3
GCF_001223485.fna.gz,sagalactiae,"1,1707",1,1,1,2,134,1,2
GCF_000782855.fna.gz,sagalactiae,26,1,1,1,4,6,4,5
GCF_001398895.fna.gz,sagalactiae,23,2,5,4,1,3,3,6
GCF_001398995.fna.gz,sagalactiae,27,2,1,1,2,2,4,3
GCF_001016355.fna.gz,sagalactiae,17,1,2,1,1,1,2,1
GCF_001115545.fna.gz,sagalactiae,19,2,1,1,2,2,2,3
GCF_001123605.fna.gz,sagalactiae,196,1,1,1,12,134,1,3
GCF_001546695.fna.gz,sagalactiae,19,2,1,1,2,2,2,3
GCF_001552035.fna.gz,sagalactiae,17,1,2,1,1,1,2,1
GCF_001018245.fna.gz,sagalactiae,12,3,10,1,3,2,1,4
GCF_001086185.fna.gz,sagalactiae,"1693,2",1,1,1,2,134,1,3
GCF_001088005.fna.gz,sagalactiae,19,2,1,1,2,2,2,3
GCF_001015765.fna.gz,sagalactiae,1757,2,1,1,2,2,2,230
GCF_001016935.fna.gz,sagalactiae,-,2,,10,1,3,3,6
GCF_001016955.fna.gz,sagalactiae,17,1,2,1,1,1,2,1
GCF_001016965.fna.gz,sagalactiae,19,2,1,1,2,2,2,3
GCF_001398535.fna.gz,sagalactiae,23,2,5,4,1,3,3,6
GCF_001348575.fna.gz,sagalactiae,255,3,9,1,2,134,2,2
GCF_001156365.fna.gz,sagalactiae,88,2,5,10,1,3,3,6
GCF_001016385.fna.gz,sagalactiae,19,2,1,1,2,2,2,3
GCF_000825965.fna.gz,sagalactiae,"1,1707",1,1,1,2,2,1,2
GCF_001399035.fna.gz,sagalactiae,17,1,2,1,1,1,2,1
GCF_001399155.fna.gz,sagalactiae,"1,1707",1,1,1,2,134,1,2
GCF_001124065.fna.gz,sagalactiae,23,2,5,4,1,3,3,6
GCF_001592425.fna.gz,sagalactiae,283,3,9,5,3,2,1,7
GCF_001693835.fna.gz,sagalactiae,1390,1,94,1,2,134,1,2
GCF_001088105.fna.gz,sagalactiae,23,2,5,4,1,3,3,6
GCF_001018255.fna.gz,sagalactiae,520,2,1,1,2,2,58,3
GCF_001016995.fna.gz,sagalactiae,-,2,,1,2,2,2,3
GCF_001015775.fna.gz,sagalactiae,25,8,5,4,1,3,3,6
GCF_001349055.fna.gz,sagalactiae,19,2,1,1,2,2,2,3
GCF_001398555.fna.gz,sagalactiae,17,1,2,1,1,1,2,1
GCF_001156965.fna.gz,sagalactiae,"1,1707",1,1,1,2,134,1,2
GCF_001266635.fna.gz,sagalactiae,103,9,16,1,9,2,2,6
GCF_001348615.fna.gz,sagalactiae,28,2,1,1,2,2,5,3
GCF_001016415.fna.gz,sagalactiae,"1,1707",1,1,1,2,2,1,2
GCF_000825985.fna.gz,sagalactiae,26,1,1,1,4,6,4,5
GCF_001399055.fna.gz,sagalactiae,17,1,2,1,1,1,2,1
GCF_001399175.fna.gz,sagalactiae,17,1,2,1,1,1,2,1
GCF_001089905.fna.gz,sagalactiae,19,2,1,1,2,2,2,3
GCF_001018295.fna.gz,sagalactiae,-,2,,15,2,2,2,3
GCF_001017015.fna.gz,sagalactiae,"1,1707",1,1,1,2,2,1,2
GCF_001015815.fna.gz,sagalactiae,23,2,5,4,1,3,3,6
GCF_001592615.fna.gz,sagalactiae,7,3,10,1,2,134,1,2
GCF_001693845.fna.gz,sagalactiae,459,41,1,1,12,134,1,3
GCF_001124925.fna.gz,sagalactiae,2,1,1,1,2,2,1,3
GCF_001398435.fna.gz,sagalactiae,17,1,2,1,1,1,2,1
GCF_001398575.fna.gz,sagalactiae,17,1,2,1,1,1,2,1
GCF_001159365.fna.gz,sagalactiae,19,2,1,1,2,2,2,3
GCF_001016435.fna.gz,sagalactiae,1759,3,359,1,3,2,1,4
GCF_000826005.fna.gz,sagalactiae,17,1,2,1,1,1,2,1
GCF_001399075.fna.gz,sagalactiae,17,1,2,1,1,1,2,1
GCF_001399195.fna.gz,sagalactiae,17,1,2,1,1,1,2,1
GCF_001018315.fna.gz,sagalactiae,-,2,,1,2,2,2,3
GCF_001017035.fna.gz,sagalactiae,19,2,1,1,2,2,2,3
GCF_001015835.fna.gz,sagalactiae,-,,2,1,1,1,2,1
GCF_001123965.fna.gz,sagalactiae,19,2,1,1,2,2,2,3
GCF_001133525.fna.gz,sagalactiae,1785,1,362,1,1,1,2,1
GCF_001398495.fna.gz,sagalactiae,23,2,5,4,1,3,3,6
GCF_001398635.fna.gz,sagalactiae,17,1,2,1,1,1,2,1
GCF_001683515.fna.gz,sagalactiae,739,3,129,5,3,2,1,7
GCF_001693915.fna.gz,sagalactiae,459,41,1,1,12,134,1,3
GCF_001348595.fna.gz,sagalactiae,19,2,1,1,2,2,2,3
GCF_001091485.fna.gz,sagalactiae,"1,1707",1,1,1,2,2,1,2
GCF_001155125.fna.gz,sagalactiae,17,1,2,1,1,1,2,1
GCF_001160905.fna.gz,sagalactiae,26,1,1,1,4,6,4,5
GCF_001016445.fna.gz,sagalactiae,19,2,1,1,2,2,2,3
GCF_000826025.fna.gz,sagalactiae,10,3,9,1,3,134,1,4
GCF_001399095.fna.gz,sagalactiae,17,1,2,1,1,1,2,1
GCF_001399295.fna.gz,sagalactiae,17,1,2,1,1,1,2,1
GCF_001018325.fna.gz,sagalactiae,-,1,,1,2,134,1,2
GCF_001017075.fna.gz,sagalactiae,"1,1707",1,1,1,2,2,1,2
GCF_001015845.fna.gz,sagalactiae,23,2,5,4,1,3,3,6
GCF_001398455.fna.gz,sagalactiae,17,1,2,1,1,1,2,1
GCF_001398595.fna.gz,sagalactiae,17,1,2,1,1,1,2,1
GCF_001592635.fna.gz,sagalactiae,283,3,9,5,3,134,1,7
GCF_001693855.fna.gz,sagalactiae,1773,1,2,144,1,1,2,1
GCF_001127125.fna.gz,sagalactiae,1788,2,364,1,2,2,2,3
GCF_001275545.fna.gz,sagalactiae,283,3,9,5,3,2,1,7
GCF_001348635.fna.gz,sagalactiae,23,2,5,4,1,3,3,6
GCF_001093745.fna.gz,sagalactiae,28,2,1,1,2,2,5,3
GCF_001155785.fna.gz,sagalactiae,"1,1707",1,1,1,2,134,1,2
GCF_001162145.fna.gz,sagalactiae,23,2,5,4,1,3,3,6
GCF_001016465.fna.gz,sagalactiae,-,3,,1,3,2,1,4
GCF_000831105.fna.gz,sagalactiae,22,1,13,3,1,1,3,1
GCF_000831145.fna.gz,sagalactiae,22,1,13,3,1,1,3,1
GCF_001017085.fna.gz,sagalactiae,"1693,2",1,1,1,2,134,1,3
GCF_001399115.fna.gz,sagalactiae,"1,1707",1,1,1,2,2,1,2
GCF_001399315.fna.gz,sagalactiae,17,1,2,1,1,1,2,1
GCF_001018335.fna.gz,sagalactiae,8,3,4,1,3,2,1,4
GCF_001015875.fna.gz,sagalactiae,24,2,5,4,3,3,3,4
GCF_001398475.fna.gz,sagalactiae,23,2,5,4,1,3,3,6
GCF_001398615.fna.gz,sagalactiae,17,1,2,1,1,1,2,1
GCF_001675305.fna.gz,sagalactiae,7,3,10,1,2,2,1,2
GCF_001693865.fna.gz,sagalactiae,10,3,9,1,3,134,1,4
GCF_001127665.fna.gz,sagalactiae,"1,1707",1,1,1,2,134,1,2
GCF_001348535.fna.gz,sagalactiae,652,3,116,1,3,134,1,4
GCF_001348655.fna.gz,sagalactiae,23,2,5,4,1,3,3,6
GCF_001097365.fna.gz,sagalactiae,19,2,1,1,2,2,2,3
GCF_001155905.fna.gz,sagalactiae,"1,1707",1,1,1,2,134,1,2
GCF_001162445.fna.gz,sagalactiae,17,1,2,1,1,1,2,1
GCF_001016495.fna.gz,sagalactiae,-,2,,1,2,2,2,3
GCF_000831125.fna.gz,sagalactiae,22,1,13,3,1,1,3,1
GCF_001017045.fna.gz,sagalactiae,-,3,,1,3,2,1,4
GCF_001017115.fna.gz,sagalactiae,-,1,,1,2,2,1,3
GCF_001018375.fna.gz,sagalactiae,"1,1707",1,1,1,2,2,1,2
GCF_001018395.fna.gz,sagalactiae,8,3,4,1,3,2,1,4
GCF_001692935.fna.gz,sagalactiae,452,2,5,25,3,3,3,4
GCF_001693925.fna.gz,sagalactiae,452,2,5,25,3,3,3,4
GCF_001130545.fna.gz,sagalactiae,28,2,1,1,2,2,5,3
GCF_001348555.fna.gz,sagalactiae,"1,1707",1,1,1,2,134,1,2
GCF_001348675.fna.gz,sagalactiae,10,3,9,1,3,134,1,4
GCF_001398515.fna.gz,sagalactiae,23,2,5,4,1,3,3,6
GCF_001398655.fna.gz,sagalactiae,24,2,5,4,3,3,3,4
GCF_001399135.fna.gz,sagalactiae,"1,1707",1,1,1,2,134,1,2
GCF_001399335.fna.gz,sagalactiae,24,2,5,4,3,3,3,4
GCF_900073235.fna.gz,sagalactiae,61,1,13,1,1,1,13,1
GCF_001015895.fna.gz,sagalactiae,-,2,5,4,,3,3,4
GCF_001098005.fna.gz,sagalactiae,12,3,10,1,3,134,1,4
GCF_001102825.fna.gz,sagalactiae,23,2,5,4,1,3,3,6
GCF_001166505.fna.gz,sagalactiae,17,1,2,1,1,1,2,1
GCF_001190825.fna.gz,sagalactiae,7,3,10,1,2,2,1,2
GCF_001010325.fna.gz,sagalactiae,-,2,,1,2,2,2,3
GCF_001016515.fna.gz,sagalactiae,-,3,,1,3,2,1,4
GCF_001016625.fna.gz,sagalactiae,19,2,1,1,2,2,2,3
GCF_001017925.fna.gz,sagalactiae,10,3,9,1,3,2,1,4
GCF_001018055.fna.gz,sagalactiae,61,1,13,1,1,1,13,1
GCF_001018495.fna.gz,sagalactiae,489,1,13,1,41,5,13,2
GCF_001026925.fna.gz,sagalactiae,"1,1707",1,1,1,2,2,1,2
GCF_001694175.fna.gz,sagalactiae,452,2,5,25,3,3,3,4
GCF_001135525.fna.gz,sagalactiae,23,2,5,4,1,3,3,6
GCF_001348695.fna.gz,sagalactiae,"1,1707",1,1,1,2,134,1,2
GCF_001348815.fna.gz,sagalactiae,88,2,5,10,1,3,3,6
GCF_001398735.fna.gz,sagalactiae,17,1,2,1,1,1,2,1
GCF_001399415.fna.gz,sagalactiae,1761,1,2,1,197,1,2,1
GCF_001694125.fna.gz,sagalactiae,459,41,1,1,12,134,1,3
GCF_001694365.fna.gz,sagalactiae,196,1,1,1,12,134,1,3
GCF_001015915.fna.gz,sagalactiae,12,3,10,1,3,2,1,4
GCF_001098165.fna.gz,sagalactiae,523,3,8,1,3,134,1,4
GCF_001103585.fna.gz,sagalactiae,144,2,5,4,1,3,3,1
GCF_001166605.fna.gz,sagalactiae,17,1,2,1,1,1,2,1
GCF_001190845.fna.gz,sagalactiae,7,3,10,1,2,2,1,2
GCF_001016525.fna.gz,sagalactiae,12,3,10,1,3,2,1,4
GCF_001017835.fna.gz,sagalactiae,-,1,,1,2,2,1,2
GCF_001017995.fna.gz,sagalactiae,-,1,13,1,1,5,,1
GCF_001010335.fna.gz,sagalactiae,-,1,,1,2,2,57,2
GCF_001018405.fna.gz,sagalactiae,-,1,,1,2,2,1,2
GCF_001018535.fna.gz,sagalactiae,182,18,1,1,2,2,2,3
GCF_001693965.fna.gz,sagalactiae,459,41,1,1,12,134,1,3
GCF_001694195.fna.gz,sagalactiae,452,2,5,25,3,3,3,4
GCF_001348715.fna.gz,sagalactiae,17,1,2,1,1,1,2,1
GCF_001398675.fna.gz,sagalactiae,24,2,5,4,3,3,3,4
GCF_001399355.fna.gz,sagalactiae,24,2,5,4,3,3,3,4
GCF_001693955.fna.gz,sagalactiae,3,1,1,1,3,134,1,4
GCF_001694205.fna.gz,sagalactiae,459,41,1,1,12,134,1,3
GCF_001015925.fna.gz,sagalactiae,23,2,5,4,1,3,3,6
GCF_001099185.fna.gz,sagalactiae,23,2,5,4,1,3,3,6
GCF_001103625.fna.gz,sagalactiae,17,1,2,1,1,1,2,1
GCF_001134425.fna.gz,sagalactiae,-,,10,1,3,134,1,4
GCF_001140565.fna.gz,sagalactiae,"1,1707",1,1,1,2,134,1,2
GCF_001171645.fna.gz,sagalactiae,19,2,1,1,2,2,2,3
GCF_001190885.fna.gz,sagalactiae,928,2,1,1,2,2,2,110
GCF_001016545.fna.gz,sagalactiae,17,1,2,1,1,1,2,1
GCF_001017845.fna.gz,sagalactiae,8,3,4,1,3,2,1,4
GCF_001018005.fna.gz,sagalactiae,415,1,13,1,1,5,13,2
GCF_001010345.fna.gz,sagalactiae,17,1,2,1,1,1,2,1
GCF_001018415.fna.gz,sagalactiae,8,3,4,1,3,2,1,4
GCF_001018555.fna.gz,sagalactiae,-,2,,1,2,2,2,3
GCF_001693995.fna.gz,sagalactiae,196,1,1,1,12,134,1,3
GCF_001694235.fna.gz,sagalactiae,452,2,5,25,3,3,3,4
GCF_001348735.fna.gz,sagalactiae,22,1,13,3,1,1,3,1
GCF_001398695.fna.gz,sagalactiae,24,2,5,4,3,3,3,4
GCF_001399375.fna.gz,sagalactiae,1761,1,2,1,197,1,2,1
GCF_001694015.fna.gz,sagalactiae,"1693,2",1,1,1,2,2,1,3
GCF_001694255.fna.gz,sagalactiae,452,2,5,25,3,3,3,4
GCF_001015955.fna.gz,sagalactiae,223,2,5,4,1,1,3,6
GCF_001100165.fna.gz,sagalactiae,88,2,5,10,1,3,3,6
GCF_001104145.fna.gz,sagalactiae,3,1,1,1,3,134,1,4
GCF_001134625.fna.gz,sagalactiae,17,1,2,1,1,1,2,1
GCF_001142125.fna.gz,sagalactiae,496,1,2,34,1,1,2,1
GCF_001173205.fna.gz,sagalactiae,"1,1707",1,1,1,2,2,1,2
GCF_001348835.fna.gz,sagalactiae,1786,1,363,1,1,1,2,1
GCF_001016575.fna.gz,sagalactiae,19,2,1,1,2,2,2,3
GCF_001017855.fna.gz,sagalactiae,-,2,,1,2,2,2,3
GCF_001018015.fna.gz,sagalactiae,1617,1,13,1,1,1,161,1
GCF_001015415.fna.gz,sagalactiae,-,2,,1,2,2,2,3
GCF_001018455.fna.gz,sagalactiae,-,1,,1,2,134,1,2
GCF_001018565.fna.gz,sagalactiae,484,1,2,1,1,1,2,57
GCF_001694025.fna.gz,sagalactiae,468,2,5,25,3,1,3,4
GCF_001694265.fna.gz,sagalactiae,452,2,5,25,3,3,3,4
GCF_001348755.fna.gz,sagalactiae,-,,2,1,1,1,2,1
GCF_001398715.fna.gz,sagalactiae,"1,1707",1,1,1,2,134,1,2
GCF_001399395.fna.gz,sagalactiae,1761,1,2,1,197,1,2,1
GCF_001694045.fna.gz,sagalactiae,459,41,1,1,12,134,1,3
GCF_001694285.fna.gz,sagalactiae,196,1,1,1,12,134,1,3
GCF_001015965.fna.gz,sagalactiae,23,2,5,4,1,3,3,6
GCF_001133625.fna.gz,sagalactiae,-,,4,1,3,2,1,4
GCF_001140025.fna.gz,sagalactiae,144,2,5,4,1,3,3,1
GCF_001101765.fna.gz,sagalactiae,1783,170,9,1,3,134,1,4
GCF_001163105.fna.gz,sagalactiae,17,1,2,1,1,1,2,1
GCF_001174785.fna.gz,sagalactiae,"1,1707",1,1,1,2,134,1,2
GCF_001016595.fna.gz,sagalactiae,28,2,1,1,2,2,5,3
GCF_001018475.fna.gz,sagalactiae,-,2,,4,1,3,3,6
GCF_001018575.fna.gz,sagalactiae,-,1,13,1,,5,13,1
GCF_001694075.fna.gz,sagalactiae,452,2,5,25,3,3,3,4
GCF_001694315.fna.gz,sagalactiae,196,1,1,1,12,134,1,3
GCF_001348775.fna.gz,sagalactiae,"1,1707",1,1,1,2,134,1,2
GCF_001017935.fna.gz,sagalactiae,6,3,9,1,2,2,1,2
GCF_001015425.fna.gz,sagalactiae,24,2,5,4,3,3,3,4
GCF_001015995.fna.gz,sagalactiae,"1693,2",1,1,1,2,2,1,3
GCF_001016035.fna.gz,sagalactiae,19,2,1,1,2,2,2,3
GCF_001694095.fna.gz,sagalactiae,459,41,1,1,12,134,1,3
GCF_001694325.fna.gz,sagalactiae,196,1,1,1,12,134,1,3
GCF_001398775.fna.gz,sagalactiae,17,1,2,1,1,1,2,1
GCF_001138645.fna.gz,sagalactiae,17,1,2,1,1,1,2,1
GCF_001102725.fna.gz,sagalactiae,"1,1707",1,1,1,2,134,1,2
GCF_001164665.fna.gz,sagalactiae,479,46,1,1,2,2,5,3
GCF_001190805.fna.gz,sagalactiae,7,3,10,1,2,2,1,2
GCF_001016615.fna.gz,sagalactiae,-,2,,1,2,2,2,229
GCF_001018485.fna.gz,sagalactiae,19,2,1,1,2,2,2,3
GCF_001018615.fna.gz,sagalactiae,103,9,16,1,9,2,2,6
GCF_001694115.fna.gz,sagalactiae,24,2,5,4,3,3,3,4
GCF_001694355.fna.gz,sagalactiae,196,1,1,1,12,134,1,3
GCF_001348795.fna.gz,sagalactiae,26,1,1,1,4,6,4,5
GCF_001017975.fna.gz,sagalactiae,-,1,13,1,,5,13,1
GCF_001015435.fna.gz,sagalactiae,12,3,10,1,3,2,1,4
GCF_001016005.fna.gz,sagalactiae,23,2,5,4,1,3,3,6
GCF_001016045.fna.gz,sagalactiae,"1693,2",1,1,1,2,2,1,3
GCF_001398755.fna.gz,sagalactiae,17,1,2,1,1,1,2,1
GCF_001399435.fna.gz,sagalactiae,1761,1,2,1,197,1,2,1
GCF_001694155.fna.gz,sagalactiae,459,41,1,1,12,134,1,3
GCF_001694395.fna.gz,sagalactiae,196,1,1,1,12,134,1,3
GCF_001880685.fna.gz,sagalactiae,17,1,2,1,1,1,2,1
GCF_001106525.fna.gz,sagalactiae,17,1,2,1,1,1,2,1
GCF_001695185.fna.gz,sagalactiae,"1693,2",1,1,1,2,134,1,3
GCF_001880745.fna.gz,sagalactiae,-,1,,1,1,1,2,1
GCF_001016655.fna.gz,sagalactiae,-,1,,1,1,1,2,1
GCF_001070935.fna.gz,sagalactiae,22,1,13,3,1,1,3,1
GCF_001694555.fna.gz,sagalactiae,459,41,1,1,12,134,1,3
GCF_001694785.fna.gz,sagalactiae,1042,2,5,25,3,3,3,128
GCF_001695095.fna.gz,sagalactiae,1770,1,361,1,12,2,1,3
GCF_001880615.fna.gz,sagalactiae,17,1,2,1,1,1,2,1
GCF_002197305.fna.gz,sagalactiae,19,2,1,1,2,2,2,3
GCF_001015445.fna.gz,sagalactiae,19,2,1,1,2,2,2,3
GCF_001016065.fna.gz,sagalactiae,8,3,4,1,3,134,1,4
GCF_001016195.fna.gz,sagalactiae,286,2,1,1,2,2,2,37
GCF_001018085.fna.gz,sagalactiae,23,2,5,4,1,3,3,6
GCF_001694475.fna.gz,sagalactiae,196,1,1,1,12,2,1,3
GCF_001694525.fna.gz,sagalactiae,"1693,2",1,1,1,2,134,1,3
GCF_001694675.fna.gz,sagalactiae,196,1,1,1,12,134,1,3
GCF_001694895.fna.gz,sagalactiae,452,2,5,25,3,3,3,4
GCF_001708205.fna.gz,sagalactiae,103,9,16,1,9,2,2,6
GCF_001880765.fna.gz,sagalactiae,17,1,2,1,1,1,2,1
GCF_001108625.fna.gz,sagalactiae,"1,1707",1,1,1,2,134,1,2
GCF_001712835.fna.gz,sagalactiae,297,1,1,1,2,2,2,2
GCF_001932715.fna.gz,sagalactiae,1,1,1,1,2,2,1,2
GCF_001016675.fna.gz,sagalactiae,23,2,5,4,1,3,3,6
GCF_001072615.fna.gz,sagalactiae,23,2,5,4,1,3,3,6
GCF_001694905.fna.gz,sagalactiae,459,41,1,1,12,2,1,3
GCF_001856455.fna.gz,sagalactiae,12,3,10,1,3,134,1,4
GCF_002135505.fna.gz,sagalactiae,618,3,111,40,52,51,65,69
GCF_001016095.fna.gz,sagalactiae,"1693,2",1,1,1,2,2,1,3
GCF_001015495.fna.gz,sagalactiae,-,3,,1,3,2,1,4
GCF_001694695.fna.gz,sagalactiae,452,2,5,25,3,3,3,4
GCF_001694935.fna.gz,sagalactiae,452,2,5,25,3,3,3,4
GCF_001856475.fna.gz,sagalactiae,12,3,10,1,3,134,1,4
GCF_002135545.fna.gz,sagalactiae,617,3,13,40,52,51,65,68
GCF_001018095.fna.gz,sagalactiae,-,1,,1,1,1,2,1
GCF_001694705.fna.gz,sagalactiae,459,41,1,1,12,134,1,3
GCF_001694945.fna.gz,sagalactiae,452,2,5,25,3,3,3,4
GCF_001856505.fna.gz,sagalactiae,12,3,10,1,3,134,1,4
GCF_002176575.fna.gz,sagalactiae,283,3,9,5,3,134,1,7
GCF_001108745.fna.gz,sagalactiae,-,,2,1,1,1,2,1
GCF_001729925.fna.gz,sagalactiae,7,3,10,1,2,2,1,2
GCF_002025005.fna.gz,sagalactiae,19,2,1,1,2,2,2,3
GCF_001016695.fna.gz,sagalactiae,17,1,2,1,1,1,2,1
GCF_001856375.fna.gz,sagalactiae,"1,1707",1,1,1,2,134,1,2
GCF_002025025.fna.gz,sagalactiae,12,3,10,1,3,2,1,4
GCF_001109505.fna.gz,sagalactiae,"1,1707",1,1,1,2,134,1,2
GCF_001016115.fna.gz,sagalactiae,10,3,9,1,3,2,1,4
GCF_001694725.fna.gz,sagalactiae,533,1,94,1,43,134,1,2
GCF_001694975.fna.gz,sagalactiae,499,1,1,1,2,2,2,58
GCF_001880505.fna.gz,sagalactiae,17,1,2,1,1,1,2,1
GCF_002176585.fna.gz,sagalactiae,283,3,9,5,3,134,1,7
GCF_001015505.fna.gz,sagalactiae,12,3,10,1,3,2,1,4
GCF_001018065.fna.gz,sagalactiae,-,2,,1,2,2,5,3
GCF_001694575.fna.gz,sagalactiae,452,2,5,25,3,3,3,4
GCF_001694815.fna.gz,sagalactiae,459,41,1,1,12,134,1,3
GCF_001695105.fna.gz,sagalactiae,3,1,1,1,3,2,1,4
GCF_001880625.fna.gz,sagalactiae,17,1,2,1,1,1,2,1
GCF_002197325.fna.gz,sagalactiae,1,1,1,1,2,2,1,2
GCF_001109825.fna.gz,sagalactiae,106,2,1,1,5,2,4,3
GCF_001856395.fna.gz,sagalactiae,12,3,10,1,3,2,1,4
GCF_002073695.fna.gz,sagalactiae,-,1,,3,1,1,3,1
GCF_001016715.fna.gz,sagalactiae,19,2,1,1,2,2,2,3
GCF_001072815.fna.gz,sagalactiae,23,2,5,4,1,3,3,6
GCF_001694985.fna.gz,sagalactiae,196,1,1,1,12,134,1,3
GCF_001880515.fna.gz,sagalactiae,17,1,2,1,1,1,2,1
GCF_002176615.fna.gz,sagalactiae,283,3,9,5,3,134,1,7
GCF_001016125.fna.gz,sagalactiae,17,1,2,1,1,1,2,1
GCF_001015525.fna.gz,sagalactiae,4,1,1,1,3,4,1,4
GCF_001694745.fna.gz,sagalactiae,136,22,1,1,12,2,1,3
GCF_001695015.fna.gz,sagalactiae,"1693,2",1,1,1,2,134,1,3
GCF_001880525.fna.gz,sagalactiae,17,1,2,1,1,1,2,1
GCF_002197205.fna.gz,sagalactiae,12,3,10,1,3,2,1,4
GCF_001018135.fna.gz,sagalactiae,"1,1707",1,1,1,2,2,1,2
GCF_001694425.fna.gz,sagalactiae,1772,1,2,25,1,1,2,234
GCF_001694435.fna.gz,sagalactiae,459,41,1,1,12,2,1,3
GCF_001694515.fna.gz,sagalactiae,196,1,1,1,12,134,1,3
GCF_001694645.fna.gz,sagalactiae,"1693,2",1,1,1,2,134,1,3
GCF_001694875.fna.gz,sagalactiae,452,2,5,25,3,3,3,4
GCF_001695175.fna.gz,sagalactiae,196,1,1,1,12,134,1,3
GCF_001880725.fna.gz,sagalactiae,17,1,2,1,1,1,2,1
GCF_001016725.fna.gz,sagalactiae,23,2,5,4,1,3,3,6
GCF_001074175.fna.gz,sagalactiae,23,2,5,4,1,3,3,6
GCF_001695025.fna.gz,sagalactiae,1770,1,361,1,12,2,1,3
GCF_001880535.fna.gz,sagalactiae,17,1,2,1,1,1,2,1
GCF_002197245.fna.gz,sagalactiae,283,3,9,5,3,2,1,7
GCF_001016135.fna.gz,sagalactiae,19,2,1,1,2,2,2,3
GCF_001856425.fna.gz,sagalactiae,12,3,10,1,3,134,1,4
GCF_002104835.fna.gz,sagalactiae,19,2,1,1,2,2,2,3
GCF_001015555.fna.gz,sagalactiae,23,2,5,4,1,3,3,6
GCF_001694775.fna.gz,sagalactiae,452,2,5,25,3,3,3,4
GCF_001695055.fna.gz,sagalactiae,645,1,94,1,2,134,1,3
GCF_001880585.fna.gz,sagalactiae,17,1,2,1,1,1,2,1
GCF_002197265.fna.gz,sagalactiae,283,3,9,5,3,2,1,7
GCF_001142165.fna.gz,sagalactiae,19,2,1,1,2,2,2,3
GCF_001145265.fna.gz,sagalactiae,19,2,1,1,2,2,2,3
GCF_001694585.fna.gz,sagalactiae,196,1,1,1,12,134,1,3
GCF_001694825.fna.gz,sagalactiae,452,2,5,25,3,3,3,4
GCF_001695135.fna.gz,sagalactiae,196,1,1,1,12,134,1,3
GCF_001880665.fna.gz,sagalactiae,-,1,2,1,1,,2,1
GCF_002197365.fna.gz,sagalactiae,17,1,2,1,1,1,2,1
GCF_001016755.fna.gz,sagalactiae,-,2,,1,2,2,2,3
GCF_001104505.fna.gz,sagalactiae,17,1,2,1,1,1,2,1
GCF_001695075.fna.gz,sagalactiae,196,1,1,1,12,134,1,3
GCF_001880605.fna.gz,sagalactiae,17,1,2,1,1,1,2,1
GCF_002197285.fna.gz,sagalactiae,283,3,9,5,3,2,1,7
GCF_001016175.fna.gz,sagalactiae,12,3,10,1,3,2,1,4
GCF_001856445.fna.gz,sagalactiae,12,3,10,1,3,134,1,4
GCF_002135445.fna.gz,sagalactiae,613,3,111,40,52,51,65,67
GCF_001015575.fna.gz,sagalactiae,17,1,2,1,1,1,2,1
GCF_001694495.fna.gz,sagalactiae,459,41,1,1,12,134,1,3
GCF_001694625.fna.gz,sagalactiae,459,41,1,1,12,134,1,3
GCF_001694855.fna.gz,sagalactiae,452,2,5,25,3,3,3,4
GCF_001695155.fna.gz,sagalactiae,196,1,1,1,12,134,1,3
GCF_001880675.fna.gz,sagalactiae,17,1,2,1,1,1,2,1
GCF_002197385.fna.gz,sagalactiae,23,2,5,4,1,3,3,6
GCF_003931955.fna.gz,sagalactiae,7,3,10,1,2,2,1,2
GCF_004349495.fna.gz,sagalactiae,17,1,2,1,1,1,2,1
GCF_004369785.fna.gz,sagalactiae,283,3,9,5,3,134,1,7
GCF_001016795.fna.gz,sagalactiae,17,1,2,1,1,1,2,1
GCF_003859425.fna.gz,sagalactiae,103,9,16,1,9,2,2,6
GCF_003859555.fna.gz,sagalactiae,-,1,13,1,,52,13,6
GCF_003859695.fna.gz,sagalactiae,612,3,111,40,52,51,65,6
GCF_004120375.fna.gz,sagalactiae,19,2,1,1,2,2,2,3
GCF_004369745.fna.gz,sagalactiae,283,3,9,5,3,2,1,7
GCF_005233865.fna.gz,sagalactiae,"1,1707",1,1,1,2,2,1,2
GCF_001016215.fna.gz,sagalactiae,1756,1,358,1,2,134,1,3
GCF_001015595.fna.gz,sagalactiae,28,2,1,1,2,2,5,3
GCF_002937055.fna.gz,sagalactiae,283,3,9,5,3,134,1,7
GCF_003174215.fna.gz,sagalactiae,23,2,5,4,1,3,3,6
GCF_003186745.fna.gz,sagalactiae,-,2,5,4,1,3,,6
GCF_003288055.fna.gz,sagalactiae,10,3,9,1,3,2,1,4
GCF_003382445.fna.gz,sagalactiae,2,1,1,1,2,2,1,3
GCF_003640785.fna.gz,sagalactiae,14,5,1,1,2,2,1,2
GCF_003859505.fna.gz,sagalactiae,616,55,13,40,52,4,65,68
GCF_003859635.fna.gz,sagalactiae,612,3,111,40,52,51,65,6
GCF_003966545.fna.gz,sagalactiae,335,2,1,1,2,2,2,43
GCF_004349535.fna.gz,sagalactiae,19,2,1,1,2,2,2,3
GCF_004369855.fna.gz,sagalactiae,283,3,9,5,3,134,1,7
GCF_001016815.fna.gz,sagalactiae,24,2,5,4,3,3,3,4
GCF_003859445.fna.gz,sagalactiae,8,3,4,1,3,134,1,4
GCF_003859585.fna.gz,sagalactiae,23,2,5,4,1,3,3,6
GCF_003859725.fna.gz,sagalactiae,616,55,13,40,52,4,65,68
GCF_004120385.fna.gz,sagalactiae,485,9,16,1,3,2,2,4
GCF_004369755.fna.gz,sagalactiae,283,3,9,5,3,134,1,7
GCF_005233935.fna.gz,sagalactiae,28,2,1,1,2,2,5,3
GCF_001016775.fna.gz,sagalactiae,-,2,,1,2,2,2,3
GCF_001015605.fna.gz,sagalactiae,-,1,,1,2,134,1,2
GCF_002239205.fna.gz,sagalactiae,12,3,10,1,3,134,1,4
GCF_002239265.fna.gz,sagalactiae,23,2,5,4,1,3,3,6
GCF_002239345.fna.gz,sagalactiae,23,2,5,4,1,3,3,6
GCF_002266915.fna.gz,sagalactiae,7,3,10,1,2,2,1,2
GCF_002278755.fna.gz,sagalactiae,249,2,5,4,1,3,1,6
GCF_002812445.fna.gz,sagalactiae,283,3,9,5,3,2,1,7
GCF_002871335.fna.gz,sagalactiae,12,3,10,1,3,134,1,4
GCF_002937095.fna.gz,sagalactiae,283,3,9,5,3,134,1,7
GCF_003174235.fna.gz,sagalactiae,"1,1707",1,1,1,2,2,1,2
GCF_003284605.fna.gz,sagalactiae,19,2,1,1,2,2,2,3
GCF_003288075.fna.gz,sagalactiae,1,1,1,1,2,2,1,2
GCF_003403115.fna.gz,sagalactiae,19,2,1,1,2,2,2,3
GCF_003725835.fna.gz,sagalactiae,17,1,2,1,1,1,2,1
GCF_003859515.fna.gz,sagalactiae,2,1,1,1,2,2,1,3
GCF_003859655.fna.gz,sagalactiae,617,3,13,40,52,51,65,68
GCF_003992515.fna.gz,sagalactiae,-,9,,1,9,2,2,6
GCF_004353995.fna.gz,sagalactiae,19,2,1,1,2,2,2,3
GCF_004369875.fna.gz,sagalactiae,283,3,9,5,3,134,1,7
GCF_001015615.fna.gz,sagalactiae,-,2,,4,1,3,3,6
GCF_002239325.fna.gz,sagalactiae,23,2,5,4,1,3,3,6
GCF_002246945.fna.gz,sagalactiae,7,3,10,1,2,2,1,2
GCF_002278655.fna.gz,sagalactiae,103,9,16,1,9,2,2,6
GCF_002812425.fna.gz,sagalactiae,283,3,9,5,3,2,1,7
GCF_002861005.fna.gz,sagalactiae,12,3,10,1,3,134,1,4
GCF_002930685.fna.gz,sagalactiae,283,3,9,5,3,134,1,7
GCF_003160745.fna.gz,sagalactiae,7,3,10,1,2,134,1,2
GCF_003174715.fna.gz,sagalactiae,67,1,13,1,1,5,13,1
GCF_003288015.fna.gz,sagalactiae,335,2,1,1,2,2,2,43
GCF_003382425.fna.gz,sagalactiae,"1,1707",1,1,1,2,134,1,2
GCF_003640705.fna.gz,sagalactiae,19,2,1,1,2,2,2,3
GCF_003859485.fna.gz,sagalactiae,610,3,13,40,52,50,65,6
GCF_003859625.fna.gz,sagalactiae,617,3,13,40,52,51,65,68
GCF_003939065.fna.gz,sagalactiae,7,3,10,1,2,2,1,2
GCF_004349525.fna.gz,sagalactiae,17,1,2,1,1,1,2,1
GCF_004369845.fna.gz,sagalactiae,283,3,9,5,3,134,1,7
GCF_001015655.fna.gz,sagalactiae,-,1,,1,1,1,2,1
GCF_002197425.fna.gz,sagalactiae,283,3,9,5,3,2,1,7
GCF_002214425.fna.gz,sagalactiae,103,9,16,1,9,2,2,6
GCF_002239235.fna.gz,sagalactiae,106,2,1,1,5,2,4,3
GCF_002239285.fna.gz,sagalactiae,-,3,10,1,3,134,1,
GCF_002239365.fna.gz,sagalactiae,"1,1707",1,1,1,2,134,1,2
GCF_002266925.fna.gz,sagalactiae,7,3,10,1,2,2,1,2
GCF_002278775.fna.gz,sagalactiae,"1,1707",1,1,1,2,134,1,2
GCF_002812465.fna.gz,sagalactiae,283,3,9,5,3,2,1,7
GCF_002871535.fna.gz,sagalactiae,12,3,10,1,3,134,1,4
GCF_003160735.fna.gz,sagalactiae,7,3,10,1,2,2,1,2
GCF_003174655.fna.gz,sagalactiae,23,2,5,4,1,3,3,6
GCF_003287995.fna.gz,sagalactiae,12,3,10,1,3,2,1,4
GCF_003319215.fna.gz,sagalactiae,283,3,9,5,3,2,1,7
GCF_003605605.fna.gz,sagalactiae,167,1,1,1,2,134,1,6
GCF_003859455.fna.gz,sagalactiae,12,3,10,1,3,2,1,4
GCF_003859595.fna.gz,sagalactiae,"1693,2",1,1,1,2,134,1,3
GCF_003931905.fna.gz,sagalactiae,7,3,10,1,2,2,1,2
GCF_004120395.fna.gz,sagalactiae,19,2,1,1,2,2,2,3
GCF_004369765.fna.gz,sagalactiae,283,3,9,5,3,2,1,7
GCF_005233945.fna.gz,sagalactiae,"1,1707",1,1,1,2,2,1,2
GCF_001016205.fna.gz,sagalactiae,12,3,10,1,3,2,1,4
GCF_002239135.fna.gz,sagalactiae,17,1,2,1,1,1,2,1
GCF_002239145.fna.gz,sagalactiae,17,1,2,1,1,1,2,1
GCF_002239175.fna.gz,sagalactiae,17,1,2,1,1,1,2,1
GCF_002239185.fna.gz,sagalactiae,17,1,2,1,1,1,2,1
GCF_002239245.fna.gz,sagalactiae,"1,1707",1,1,1,2,134,1,2
GCF_002239305.fna.gz,sagalactiae,366,35,5,4,1,3,3,6
GCF_002239385.fna.gz,sagalactiae,7,3,10,1,2,2,1,2
GCF_002266935.fna.gz,sagalactiae,7,3,10,1,2,134,1,2
GCF_002289205.fna.gz,sagalactiae,17,1,2,1,1,1,2,1
GCF_002812505.fna.gz,sagalactiae,283,3,9,5,3,2,1,7
GCF_002884585.fna.gz,sagalactiae,"1,1707",1,1,1,2,134,1,2
GCF_002930675.fna.gz,sagalactiae,283,3,9,5,3,134,1,7
GCF_002930695.fna.gz,sagalactiae,283,3,9,5,3,134,1,7
GCF_003174175.fna.gz,sagalactiae,23,2,5,4,1,3,3,6
GCF_003174735.fna.gz,sagalactiae,"1,1707",1,1,1,2,2,1,2
GCF_003288035.fna.gz,sagalactiae,17,1,2,1,1,1,2,1
GCF_003382435.fna.gz,sagalactiae,"1,1707",1,1,1,2,134,1,2
GCF_003640715.fna.gz,sagalactiae,19,2,1,1,2,2,2,3
GCF_003640725.fna.gz,sagalactiae,10,3,9,1,3,134,1,4
GCF_003812805.fna.gz,sagalactiae,23,2,5,4,1,3,3,6
GCF_003859535.fna.gz,sagalactiae,-,1,2,1,1,1,2,
GCF_003859675.fna.gz,sagalactiae,615,3,13,40,52,51,65,6
GCF_003992555.fna.gz,sagalactiae,103,9,16,1,9,2,2,6
GCF_004120405.fna.gz,sagalactiae,1,1,1,1,2,2,1,2
GCF_004120435.fna.gz,sagalactiae,12,3,10,1,3,134,1,4
GCF_004349445.fna.gz,sagalactiae,10,3,9,1,3,134,1,4
GCF_004349485.fna.gz,sagalactiae,10,3,9,1,3,134,1,4
GCF_004369775.fna.gz,sagalactiae,283,3,9,5,3,134,1,7
GCF_006543275.fna.gz,sagalactiae,"1,1707",1,1,1,2,134,1,2
GCF_006543305.fna.gz,sagalactiae,"1,1707",1,1,1,2,2,1,2
GCF_008709775.fna.gz,sagalactiae,23,2,5,4,1,3,3,6
GCF_008709805.fna.gz,sagalactiae,23,2,5,4,1,3,3,6
GCF_009496495.fna.gz,sagalactiae,2,1,1,1,2,2,1,3
GCF_009496605.fna.gz,sagalactiae,2,1,1,1,2,2,1,3
GCF_008710905.fna.gz,sagalactiae,19,2,1,1,2,2,2,3
GCF_005233955.fna.gz,sagalactiae,4,1,1,1,3,134,1,4
GCF_006543205.fna.gz,sagalactiae,-,3,10,1,146,2,1,4
GCF_006543345.fna.gz,sagalactiae,"1,1707",1,1,1,2,134,1,2
GCF_006543465.fna.gz,sagalactiae,130,5,9,8,3,4,1,4
GCF_006716245.fna.gz,sagalactiae,17,1,2,1,1,1,2,1
GCF_008086085.fna.gz,sagalactiae,452,2,5,25,3,3,3,4
GCF_008709755.fna.gz,sagalactiae,1371,1,1,1,2,120,1,3
GCF_008709945.fna.gz,sagalactiae,23,2,5,4,1,3,3,6
GCF_008710065.fna.gz,sagalactiae,"1,1707",1,1,1,2,2,1,2
GCF_008710505.fna.gz,sagalactiae,2,1,1,1,2,2,1,3
GCF_008710795.fna.gz,sagalactiae,2,1,1,1,2,2,1,3
GCF_009495845.fna.gz,sagalactiae,19,2,1,1,2,2,2,3
GCF_009930895.fna.gz,sagalactiae,67,1,13,1,1,5,13,1
GCF_009933415.fna.gz,sagalactiae,17,1,2,1,1,1,2,1
GCF_008710385.fna.gz,sagalactiae,88,2,5,10,1,3,3,6
GCF_008710635.fna.gz,sagalactiae,19,2,1,1,2,2,2,3
GCF_008711015.fna.gz,sagalactiae,335,2,1,1,2,2,2,43
GCF_009496625.fna.gz,sagalactiae,2,1,1,1,2,2,1,3
GCF_009771235.fna.gz,sagalactiae,23,2,5,4,1,3,3,6
GCF_008710915.fna.gz,sagalactiae,19,2,1,1,2,2,2,3
GCF_006543105.fna.gz,sagalactiae,314,9,16,1,2,2,2,2
GCF_006543215.fna.gz,sagalactiae,23,2,5,4,1,3,3,6
GCF_006543375.fna.gz,sagalactiae,"1,1707",1,1,1,2,2,1,2
GCF_006543505.fna.gz,sagalactiae,23,2,5,4,1,3,3,6
GCF_006874565.fna.gz,sagalactiae,"1,1707",1,1,1,2,2,1,2
GCF_008086095.fna.gz,sagalactiae,452,2,5,25,3,3,3,4
GCF_008709835.fna.gz,sagalactiae,2,1,1,1,2,2,1,3
GCF_008709955.fna.gz,sagalactiae,88,2,5,10,1,3,3,6
GCF_008710255.fna.gz,sagalactiae,2,1,1,1,2,2,1,3
GCF_008710515.fna.gz,sagalactiae,2,1,1,1,2,2,1,3
GCF_008710805.fna.gz,sagalactiae,654,3,117,1,3,134,1,4
GCF_009495855.fna.gz,sagalactiae,12,3,10,1,3,2,1,4
GCF_009930915.fna.gz,sagalactiae,103,9,16,1,9,2,2,6
GCF_009933425.fna.gz,sagalactiae,17,1,2,1,1,1,2,1
GCF_008710395.fna.gz,sagalactiae,1369,2,1,92,2,2,2,3
GCF_008710645.fna.gz,sagalactiae,861,2,1,1,2,2,2,89
GCF_008711025.fna.gz,sagalactiae,"1,1707",1,1,1,2,2,1,2
GCF_009496655.fna.gz,sagalactiae,1,1,1,1,2,2,1,2
GCF_009771255.fna.gz,sagalactiae,890,9,5,4,3,3,3,4
GCF_008710935.fna.gz,sagalactiae,19,2,1,1,2,2,2,3
GCF_006543115.fna.gz,sagalactiae,"1,1707",1,1,1,2,2,1,2
GCF_006543245.fna.gz,sagalactiae,"1,1707",1,1,1,2,2,1,2
GCF_006543405.fna.gz,sagalactiae,130,5,9,8,3,134,1,4
GCF_006543525.fna.gz,sagalactiae,23,2,5,4,1,3,3,6
GCF_007050265.fna.gz,sagalactiae,"1,1707",1,1,1,2,2,1,2
GCF_008692275.fna.gz,sagalactiae,17,1,2,1,1,1,2,1
GCF_008709845.fna.gz,sagalactiae,335,2,1,1,2,2,2,43
GCF_008709965.fna.gz,sagalactiae,2,1,1,1,2,2,1,3
GCF_008710265.fna.gz,sagalactiae,335,2,1,1,2,2,2,43
GCF_008710545.fna.gz,sagalactiae,2,1,1,1,2,2,1,3
GCF_008710835.fna.gz,sagalactiae,335,2,1,1,2,2,2,43
GCF_009495905.fna.gz,sagalactiae,23,2,5,4,1,3,3,6
GCF_009933295.fna.gz,sagalactiae,23,2,5,4,1,3,3,6
GCF_009933455.fna.gz,sagalactiae,651,9,16,1,9,2,70,6
GCF_008710435.fna.gz,sagalactiae,17,1,2,1,1,1,2,1
GCF_008710675.fna.gz,sagalactiae,10,3,9,1,3,2,1,4
GCF_008711075.fna.gz,sagalactiae,335,2,1,1,2,2,2,43
GCF_009496665.fna.gz,sagalactiae,23,2,5,4,1,3,3,6
GCF_009771285.fna.gz,sagalactiae,23,2,5,4,1,3,3,6
GCF_008710965.fna.gz,sagalactiae,19,2,1,1,2,2,2,3
GCF_006543125.fna.gz,sagalactiae,-,9,,1,2,2,2,2
GCF_006543265.fna.gz,sagalactiae,"1,1707",1,1,1,2,134,1,2
GCF_006543425.fna.gz,sagalactiae,130,5,9,8,3,134,1,4
GCF_006543535.fna.gz,sagalactiae,"1,1707",1,1,1,2,134,1,2
GCF_007050295.fna.gz,sagalactiae,"1,1707",1,1,1,2,134,1,2
GCF_008693505.fna.gz,sagalactiae,23,2,5,4,1,3,3,6
GCF_008709865.fna.gz,sagalactiae,19,2,1,1,2,2,2,3
GCF_008709995.fna.gz,sagalactiae,1,1,1,1,2,2,1,2
GCF_008710335.fna.gz,sagalactiae,24,2,5,4,3,3,3,4
GCF_008710575.fna.gz,sagalactiae,19,2,1,1,2,2,2,3
GCF_008710845.fna.gz,sagalactiae,19,2,1,1,2,2,2,3
GCF_009771295.fna.gz,sagalactiae,"1,1707",1,1,1,2,134,1,2
GCF_009933315.fna.gz,sagalactiae,23,2,5,4,1,3,3,6
GCF_009933465.fna.gz,sagalactiae,485,9,16,1,3,2,2,4
GCF_008710445.fna.gz,sagalactiae,335,2,1,1,2,2,2,43
GCF_008710685.fna.gz,sagalactiae,"1,1707",1,1,1,2,2,1,2
GCF_008711085.fna.gz,sagalactiae,23,2,5,4,1,3,3,6
GCF_009496695.fna.gz,sagalactiae,19,2,1,1,2,2,2,3
GCF_009771325.fna.gz,sagalactiae,1,1,1,1,2,2,1,2
GCF_008710995.fna.gz,sagalactiae,19,2,1,1,2,2,2,3
GCF_006543135.fna.gz,sagalactiae,103,9,16,1,9,2,2,6
GCF_006543325.fna.gz,sagalactiae,"1,1707",1,1,1,2,2,1,2
GCF_006543435.fna.gz,sagalactiae,130,5,9,8,3,4,1,4
GCF_006543545.fna.gz,sagalactiae,23,2,5,4,1,3,3,6
GCF_008086005.fna.gz,sagalactiae,452,2,5,25,3,3,3,4
GCF_008693585.fna.gz,sagalactiae,110,2,1,1,2,9,2,3
GCF_008709885.fna.gz,sagalactiae,23,2,5,4,1,3,3,6
GCF_008710045.fna.gz,sagalactiae,19,2,1,1,2,2,2,3
GCF_008710345.fna.gz,sagalactiae,10,3,9,1,3,2,1,4
GCF_008710585.fna.gz,sagalactiae,654,3,117,1,3,2,1,4
GCF_008710865.fna.gz,sagalactiae,19,2,1,1,2,2,2,3
GCF_009771345.fna.gz,sagalactiae,"1,1707",1,1,1,2,134,1,2
GCF_009933365.fna.gz,sagalactiae,12,3,10,1,3,2,1,4
GCF_009933485.fna.gz,sagalactiae,10,3,9,1,3,2,1,4
GCF_008710475.fna.gz,sagalactiae,17,1,2,1,1,1,2,1
GCF_008710735.fna.gz,sagalactiae,10,3,9,1,3,134,1,4
GCF_008711115.fna.gz,sagalactiae,19,2,1,1,2,2,2,3
GCF_009496705.fna.gz,sagalactiae,19,2,1,1,2,2,2,3
GCF_009771375.fna.gz,sagalactiae,23,2,5,4,1,3,3,6
GCF_008711005.fna.gz,sagalactiae,19,2,1,1,2,2,2,3
GCF_006543145.fna.gz,sagalactiae,110,2,1,1,2,9,2,3
GCF_006543335.fna.gz,sagalactiae,"1,1707",1,1,1,2,134,1,2
GCF_006543455.fna.gz,sagalactiae,23,2,5,4,1,3,3,6
GCF_006543565.fna.gz,sagalactiae,23,2,5,4,1,3,3,6
GCF_008086035.fna.gz,sagalactiae,452,2,5,25,3,3,3,4
GCF_008709735.fna.gz,sagalactiae,335,2,1,1,2,2,2,43
GCF_008709935.fna.gz,sagalactiae,19,2,1,1,2,2,2,3
GCF_008710055.fna.gz,sagalactiae,2,1,1,1,2,2,1,3
GCF_008710375.fna.gz,sagalactiae,10,3,9,1,3,2,1,4
GCF_008710595.fna.gz,sagalactiae,"1,1707",1,1,1,2,2,1,2
GCF_008710895.fna.gz,sagalactiae,19,2,1,1,2,2,2,3
GCF_009771385.fna.gz,sagalactiae,19,2,1,1,2,2,2,3
GCF_009933395.fna.gz,sagalactiae,"1,1707",1,1,1,2,2,1,2
GCF_009933515.fna.gz,sagalactiae,17,1,2,1,1,1,2,1
GCF_008710485.fna.gz,sagalactiae,19,2,1,1,2,2,2,3
GCF_008710755.fna.gz,sagalactiae,19,2,1,1,2,2,2,3
GCF_008806305.fna.gz,sagalactiae,654,3,117,1,3,2,1,4
GCF_009771215.fna.gz,sagalactiae,24,2,5,4,3,3,3,4
GCF_009771775.fna.gz,sagalactiae,890,9,5,4,3,3,3,4
GCF_009934045.fna.gz,sagalactiae,28,2,1,1,2,2,5,3
GCF_009934175.fna.gz,sagalactiae,12,3,10,1,3,134,1,4
GCF_009934295.fna.gz,sagalactiae,23,2,5,4,1,3,3,6
GCF_009934395.fna.gz,sagalactiae,27,2,1,1,2,2,4,3
GCF_009934525.fna.gz,sagalactiae,485,9,16,1,3,2,2,4
GCF_009934655.fna.gz,sagalactiae,862,9,16,1,3,2,70,4
GCF_009934775.fna.gz,sagalactiae,19,2,1,1,2,2,2,3
GCF_009934895.fna.gz,sagalactiae,19,2,1,1,2,2,2,3
GCF_009935005.fna.gz,sagalactiae,19,2,1,1,2,2,2,3
GCF_009935185.fna.gz,sagalactiae,103,9,16,1,9,2,2,6
GCF_011326795.fna.gz,sagalactiae,17,1,2,1,1,1,2,1
GCF_011326915.fna.gz,sagalactiae,459,41,1,1,12,134,1,3
GCF_011327055.fna.gz,sagalactiae,17,1,2,1,1,1,2,1
GCF_011327175.fna.gz,sagalactiae,1433,1,274,1,12,134,1,3
GCF_011327295.fna.gz,sagalactiae,7,3,10,1,2,2,1,2
GCF_009771885.fna.gz,sagalactiae,890,9,5,4,3,3,3,4
GCF_009866845.fna.gz,sagalactiae,485,9,16,1,3,2,2,4
GCF_009933645.fna.gz,sagalactiae,23,2,5,4,1,3,3,6
GCF_009933745.fna.gz,sagalactiae,10,3,9,1,3,2,1,4
GCF_009933845.fna.gz,sagalactiae,485,9,16,1,3,2,2,4
GCF_009933955.fna.gz,sagalactiae,19,2,1,1,2,2,2,3
GCF_009934095.fna.gz,sagalactiae,930,93,16,1,9,2,96,6
GCF_009934215.fna.gz,sagalactiae,19,2,1,1,2,2,2,3
GCF_009934335.fna.gz,sagalactiae,408,2,1,1,2,2,2,51
GCF_009934455.fna.gz,sagalactiae,19,2,1,1,2,2,2,3
GCF_009934575.fna.gz,sagalactiae,8,3,4,1,3,134,1,4
GCF_009934695.fna.gz,sagalactiae,17,1,2,1,1,1,2,1
GCF_009934815.fna.gz,sagalactiae,19,2,1,1,2,2,2,3
GCF_009934935.fna.gz,sagalactiae,19,2,1,1,2,2,2,3
GCF_009935055.fna.gz,sagalactiae,485,9,16,1,3,2,2,4
GCF_011319325.fna.gz,sagalactiae,17,1,2,1,1,1,2,1
GCF_011326825.fna.gz,sagalactiae,17,1,2,1,1,1,2,1
GCF_011326975.fna.gz,sagalactiae,19,2,1,1,2,2,2,3
GCF_011327085.fna.gz,sagalactiae,17,1,2,1,1,1,2,1
GCF_011327205.fna.gz,sagalactiae,19,2,1,1,2,2,2,3
GCF_011379065.fna.gz,sagalactiae,12,3,10,1,3,134,1,4
GCF_009771895.fna.gz,sagalactiae,24,2,5,4,3,3,3,4
GCF_009933555.fna.gz,sagalactiae,23,2,5,4,1,3,3,6
GCF_009933665.fna.gz,sagalactiae,19,2,1,1,2,2,2,3
GCF_009933775.fna.gz,sagalactiae,931,1,13,1,1,1,4,6
GCF_009933895.fna.gz,sagalactiae,19,2,1,1,2,2,2,3
GCF_009933995.fna.gz,sagalactiae,485,9,16,1,3,2,2,4
GCF_009934115.fna.gz,sagalactiae,19,2,1,1,2,2,2,3
GCF_009934235.fna.gz,sagalactiae,12,3,10,1,3,134,1,4
GCF_009934355.fna.gz,sagalactiae,17,1,2,1,1,1,2,1
GCF_009934475.fna.gz,sagalactiae,12,3,10,1,3,2,1,4
GCF_009934595.fna.gz,sagalactiae,27,2,1,1,2,2,4,3
GCF_009934715.fna.gz,sagalactiae,19,2,1,1,2,2,2,3
GCF_009934835.fna.gz,sagalactiae,23,2,5,4,1,3,3,6
GCF_009934955.fna.gz,sagalactiae,929,1,13,1,3,1,4,4
GCF_009935075.fna.gz,sagalactiae,19,2,1,1,2,2,2,3
GCF_011319395.fna.gz,sagalactiae,459,41,1,1,12,134,1,3
GCF_011326835.fna.gz,sagalactiae,1434,1,2,1,1,1,141,1
GCF_011326995.fna.gz,sagalactiae,17,1,2,1,1,1,2,1
GCF_011327115.fna.gz,sagalactiae,12,3,10,1,3,2,1,4
GCF_011327225.fna.gz,sagalactiae,"1,1707",1,1,1,2,134,1,2
GCF_011379075.fna.gz,sagalactiae,"1,1707",1,1,1,2,134,1,2
GCF_009771785.fna.gz,sagalactiae,"1,1707",1,1,1,2,2,1,2
GCF_009771795.fna.gz,sagalactiae,24,2,5,4,3,3,3,4
GCF_009771805.fna.gz,sagalactiae,23,2,5,4,1,3,3,6
GCF_009771825.fna.gz,sagalactiae,-,2,5,4,1,3,3,
GCF_009771845.fna.gz,sagalactiae,19,2,1,1,2,2,2,3
GCF_009771865.fna.gz,sagalactiae,-,2,1,1,,2,2,3
GCF_009771985.fna.gz,sagalactiae,890,9,5,4,3,3,3,4
GCF_009933635.fna.gz,sagalactiae,12,3,10,1,3,2,1,4
GCF_009933735.fna.gz,sagalactiae,19,2,1,1,2,2,2,3
GCF_009933835.fna.gz,sagalactiae,10,3,9,1,3,134,1,4
GCF_009933945.fna.gz,sagalactiae,10,3,9,1,3,2,1,4
GCF_009934075.fna.gz,sagalactiae,930,93,16,1,9,2,96,6
GCF_009934195.fna.gz,sagalactiae,12,3,10,1,3,2,1,4
GCF_009934315.fna.gz,sagalactiae,652,3,116,1,3,2,1,4
GCF_009934435.fna.gz,sagalactiae,19,2,1,1,2,2,2,3
GCF_009934555.fna.gz,sagalactiae,485,9,16,1,3,2,2,4
GCF_009934675.fna.gz,sagalactiae,19,2,1,1,2,2,2,3
GCF_009934795.fna.gz,sagalactiae,485,9,16,1,3,2,2,4
GCF_009934905.fna.gz,sagalactiae,335,2,1,1,2,2,2,43
GCF_009935025.fna.gz,sagalactiae,19,2,1,1,2,2,2,3
GCF_009935205.fna.gz,sagalactiae,485,9,16,1,3,2,2,4
GCF_011326815.fna.gz,sagalactiae,1167,2,36,1,2,2,2,89
GCF_011326935.fna.gz,sagalactiae,"1,1707",1,1,1,2,134,1,2
GCF_011327075.fna.gz,sagalactiae,23,2,5,4,1,3,3,6
GCF_011327195.fna.gz,sagalactiae,"1,1707",1,1,1,2,2,1,2
GCF_011327315.fna.gz,sagalactiae,"1,1707",1,1,1,2,134,1,2
GCF_009771925.fna.gz,sagalactiae,1,1,1,1,2,2,1,2
GCF_009933575.fna.gz,sagalactiae,19,2,1,1,2,2,2,3
GCF_009933695.fna.gz,sagalactiae,19,2,1,1,2,2,2,3
GCF_009933795.fna.gz,sagalactiae,12,3,10,1,3,2,1,4
GCF_009933915.fna.gz,sagalactiae,751,3,9,5,3,134,1,4
GCF_009934015.fna.gz,sagalactiae,485,9,16,1,3,2,2,4
GCF_009934135.fna.gz,sagalactiae,23,2,5,4,1,3,3,6
GCF_009934255.fna.gz,sagalactiae,485,9,16,1,3,2,2,4
GCF_009934375.fna.gz,sagalactiae,651,9,16,1,9,2,70,6
GCF_009934485.fna.gz,sagalactiae,19,2,1,1,2,2,2,3
GCF_009934615.fna.gz,sagalactiae,17,1,2,1,1,1,2,1
GCF_009934735.fna.gz,sagalactiae,17,1,2,1,1,1,2,1
GCF_009934855.fna.gz,sagalactiae,23,2,5,4,1,3,3,6
GCF_009934975.fna.gz,sagalactiae,485,9,16,1,3,2,2,4
GCF_009935085.fna.gz,sagalactiae,19,2,1,1,2,2,2,3
GCF_011319405.fna.gz,sagalactiae,335,2,1,1,2,2,2,43
GCF_011326875.fna.gz,sagalactiae,23,2,5,4,1,3,3,6
GCF_011327005.fna.gz,sagalactiae,12,3,10,1,3,2,1,4
GCF_011327135.fna.gz,sagalactiae,"1,1707",1,1,1,2,134,1,2
GCF_011327235.fna.gz,sagalactiae,"1,1707",1,1,1,2,134,1,2
GCF_011379095.fna.gz,sagalactiae,"1,1707",1,1,1,2,134,1,2
GCF_009771945.fna.gz,sagalactiae,23,2,5,4,1,3,3,6
GCF_009933615.fna.gz,sagalactiae,19,2,1,1,2,2,2,3
GCF_009933705.fna.gz,sagalactiae,61,1,13,1,1,1,13,1
GCF_009933805.fna.gz,sagalactiae,10,3,9,1,3,2,1,4
GCF_009933935.fna.gz,sagalactiae,17,1,2,1,1,1,2,1
GCF_009934035.fna.gz,sagalactiae,-,1,1,1,,2,1,2
GCF_009934155.fna.gz,sagalactiae,485,9,16,1,3,2,2,4
GCF_009934265.fna.gz,sagalactiae,12,3,10,1,3,2,1,4
GCF_009934385.fna.gz,sagalactiae,19,2,1,1,2,2,2,3
GCF_009934515.fna.gz,sagalactiae,17,1,2,1,1,1,2,1
GCF_009934635.fna.gz,sagalactiae,17,1,2,1,1,1,2,1
GCF_009934755.fna.gz,sagalactiae,751,3,9,5,3,2,1,4
GCF_009934875.fna.gz,sagalactiae,12,3,10,1,3,134,1,4
GCF_009934995.fna.gz,sagalactiae,-,2,5,4,1,3,,6
GCF_009935115.fna.gz,sagalactiae,-,2,5,4,1,3,,6
GCF_011326715.fna.gz,sagalactiae,"1,1707",1,1,1,2,134,1,2
GCF_011326895.fna.gz,sagalactiae,"1,1707",1,1,1,2,134,1,2
GCF_011327035.fna.gz,sagalactiae,1399,2,112,1,2,2,2,3
GCF_011327155.fna.gz,sagalactiae,335,2,1,1,2,2,2,43
GCF_011327275.fna.gz,sagalactiae,"1,1707",1,1,1,2,134,1,2
GCF_011379115.fna.gz,sagalactiae,17,1,2,1,1,1,2,1
GCF_011379165.fna.gz,sagalactiae,"1,1707",1,1,1,2,134,1,2
GCF_011379175.fna.gz,sagalactiae,459,41,1,1,12,134,1,3
GCF_011379195.fna.gz,sagalactiae,107,2,15,1,2,2,2,3
GCF_011379215.fna.gz,sagalactiae,23,2,5,4,1,3,3,6
GCF_011379245.fna.gz,sagalactiae,459,41,1,1,12,134,1,3
GCF_011379265.fna.gz,sagalactiae,17,1,2,1,1,1,2,1
GCF_011379285.fna.gz,sagalactiae,19,2,1,1,2,2,2,3
GCF_011379305.fna.gz,sagalactiae,27,2,1,1,2,2,4,3
GCF_011379325.fna.gz,sagalactiae,459,41,1,1,12,134,1,3
GCF_011379335.fna.gz,sagalactiae,19,2,1,1,2,2,2,3
GCF_011379355.fna.gz,sagalactiae,23,2,5,4,1,3,3,6
GCF_011379385.fna.gz,sagalactiae,17,1,2,1,1,1,2,1
GCF_011379405.fna.gz,sagalactiae,22,1,13,3,1,1,3,1
GCF_011379415.fna.gz,sagalactiae,459,41,1,1,12,134,1,3
GCF_011379435.fna.gz,sagalactiae,1432,2,273,1,2,2,2,3
GCF_011379455.fna.gz,sagalactiae,12,3,10,1,3,2,1,4
GCF_011379465.fna.gz,sagalactiae,23,2,5,4,1,3,3,6
GCF_011379505.fna.gz,sagalactiae,17,1,2,1,1,1,2,1
GCF_011380055.fna.gz,sagalactiae,23,2,5,4,1,3,3,6
GCF_011383065.fna.gz,sagalactiae,7,3,10,1,2,2,1,2
GCF_011682135.fna.gz,sagalactiae,19,2,1,1,2,2,2,3
GCF_012030185.fna.gz,sagalactiae,8,3,4,1,3,134,1,4
GCF_012222485.fna.gz,sagalactiae,12,3,10,1,3,2,1,4
GCF_012276715.fna.gz,sagalactiae,-,,,,,,,
GCF_012593885.fna.gz,sagalactiae,23,2,5,4,1,3,3,6
GCF_013000945.fna.gz,sagalactiae,7,3,10,1,2,2,1,2
GCF_013325805.fna.gz,sagalactiae,28,2,1,1,2,2,5,3
GCF_013325855.fna.gz,sagalactiae,28,2,1,1,2,2,5,3
GCF_013328665.fna.gz,sagalactiae,28,2,1,1,2,2,5,3
GCF_013328715.fna.gz,sagalactiae,28,2,1,1,2,2,5,3
GCF_013373665.fna.gz,sagalactiae,28,2,1,1,2,2,5,3
GCF_013414325.fna.gz,sagalactiae,19,2,1,1,2,2,2,3
GCF_013786965.fna.gz,sagalactiae,19,2,1,1,2,2,2,3
GCF_014218075.fna.gz,sagalactiae,"1,1707",1,1,1,2,2,1,2
GCF_014218095.fna.gz,sagalactiae,"1,1707",1,1,1,2,2,1,2
GCF_014218115.fna.gz,sagalactiae,"1,1707",1,1,1,2,2,1,2
GCF_014218135.fna.gz,sagalactiae,"1,1707",1,1,1,2,2,1,2
GCF_014218155.fna.gz,sagalactiae,"1,1707",1,1,1,2,2,1,2
GCF_014338575.fna.gz,sagalactiae,17,1,2,1,1,1,2,1
GCF_014874835.fna.gz,sagalactiae,-,2,,4,1,3,3,6
GCF_014874845.fna.gz,sagalactiae,-,2,5,4,1,3,3,
GCF_014874885.fna.gz,sagalactiae,23,2,5,4,1,3,3,6
GCF_014874895.fna.gz,sagalactiae,7,3,10,1,2,2,1,2
GCF_014874935.fna.gz,sagalactiae,28,2,1,1,2,2,5,3
GCF_014874945.fna.gz,sagalactiae,182,18,1,1,2,2,2,3
GCF_014874975.fna.gz,sagalactiae,509,3,10,1,40,2,1,4
GCF_014874995.fna.gz,sagalactiae,23,2,5,4,1,3,3,6
GCF_014875015.fna.gz,sagalactiae,110,2,1,1,2,9,2,3
GCF_014875025.fna.gz,sagalactiae,23,2,5,4,1,3,3,6
GCF_014875035.fna.gz,sagalactiae,23,2,5,4,1,3,3,6
GCF_014875075.fna.gz,sagalactiae,366,35,5,4,1,3,3,6
GCF_014875085.fna.gz,sagalactiae,88,2,5,10,1,3,3,6
GCF_014875115.fna.gz,sagalactiae,"1,1707",1,1,1,2,134,1,2
GCF_014875125.fna.gz,sagalactiae,23,2,5,4,1,3,3,6
GCF_014875145.fna.gz,sagalactiae,10,3,9,1,3,134,1,4
GCF_014875175.fna.gz,sagalactiae,-,2,5,4,3,54,3,4
GCF_014875195.fna.gz,sagalactiae,-,2,,4,1,3,3,
GCF_014875205.fna.gz,sagalactiae,-,1,140,1,3,2,1,4
GCF_014875215.fna.gz,sagalactiae,"1,1707",1,1,1,2,134,1,2
GCF_014875255.fna.gz,sagalactiae,"1,1707",1,1,1,2,2,1,2
GCF_014875275.fna.gz,sagalactiae,144,2,5,4,1,3,3,1
GCF_014875295.fna.gz,sagalactiae,569,3,9,1,1,2,1,1
GCF_014875305.fna.gz,sagalactiae,10,3,9,1,3,134,1,4
GCF_014875335.fna.gz,sagalactiae,"1,1707",1,1,1,2,2,1,2
GCF_014875345.fna.gz,sagalactiae,"1,1707",1,1,1,2,2,1,2
GCF_014875375.fna.gz,sagalactiae,569,3,9,1,1,2,1,1
GCF_014875395.fna.gz,sagalactiae,17,1,2,1,1,1,2,1
GCF_014875415.fna.gz,sagalactiae,19,2,1,1,2,2,2,3
GCF_014875425.fna.gz,sagalactiae,23,2,5,4,1,3,3,6
GCF_014875455.fna.gz,sagalactiae,22,1,13,3,1,1,3,1
GCF_014875465.fna.gz,sagalactiae,23,2,5,4,1,3,3,6
GCF_014875475.fna.gz,sagalactiae,"1,1707",1,1,1,2,2,1,2
GCF_014875515.fna.gz,sagalactiae,"1,1707",1,1,1,2,134,1,2
GCF_014875535.fna.gz,sagalactiae,24,2,5,4,3,3,3,4
GCF_014875555.fna.gz,sagalactiae,"1,1707",1,1,1,2,2,1,2
GCF_014875575.fna.gz,sagalactiae,19,2,1,1,2,2,2,3
GCF_014875595.fna.gz,sagalactiae,23,2,5,4,1,3,3,6
GCF_014875605.fna.gz,sagalactiae,23,2,5,4,1,3,3,6
GCF_014875615.fna.gz,sagalactiae,498,2,5,35,3,3,3,4
GCF_014875655.fna.gz,sagalactiae,"1,1707",1,1,1,2,134,1,2
GCF_014875665.fna.gz,sagalactiae,"1,1707",1,1,1,2,134,1,2
GCF_014875695.fna.gz,sagalactiae,"1,1707",1,1,1,2,134,1,2
GCF_014875705.fna.gz,sagalactiae,10,3,9,1,3,134,1,4
GCF_014895495.fna.gz,sagalactiae,1640,153,13,1,1,1,13,1
GCF_015221735.fna.gz,sagalactiae,"1,1707",1,1,1,2,2,1,2
GCF_015548515.fna.gz,sagalactiae,88,2,5,10,1,3,3,6
GCF_016454885.fna.gz,sagalactiae,17,1,2,1,1,1,2,1
GCF_017897765.fna.gz,sagalactiae,17,1,2,1,1,1,2,1
GCF_017897825.fna.gz,sagalactiae,17,1,2,1,1,1,2,1
GCF_017897865.fna.gz,sagalactiae,17,1,2,1,1,1,2,1
GCF_017897925.fna.gz,sagalactiae,17,1,2,1,1,1,2,1
GCF_900073135.fna.gz,sagalactiae,61,1,13,1,1,1,13,1
GCF_900073185.fna.gz,sagalactiae,61,1,13,1,1,1,13,1
GCF_900073285.fna.gz,sagalactiae,61,1,13,1,1,1,13,1
GCF_900073535.fna.gz,sagalactiae,61,1,13,1,1,1,13,1
GCF_900073555.fna.gz,sagalactiae,416,1,76,1,1,1,13,1
GCF_017897875.fna.gz,sagalactiae,17,1,2,1,1,1,2,1
GCF_017942325.fna.gz,sagalactiae,17,1,2,1,1,1,2,1
GCF_900073165.fna.gz,sagalactiae,61,1,13,1,1,1,13,1
GCF_900073215.fna.gz,sagalactiae,61,1,13,1,1,1,13,1
GCF_900073315.fna.gz,sagalactiae,61,1,13,1,1,1,13,1
GCF_900073825.fna.gz,sagalactiae,554,1,13,39,1,1,13,1
GCF_015556005.fna.gz,sagalactiae,"1,1707",1,1,1,2,134,1,2
GCF_016454945.fna.gz,sagalactiae,17,1,2,1,1,1,2,1
GCF_017897805.fna.gz,sagalactiae,17,1,2,1,1,1,2,1
GCF_017897845.fna.gz,sagalactiae,17,1,2,1,1,1,2,1
GCF_017897885.fna.gz,sagalactiae,17,1,2,1,1,1,2,1
GCF_019038375.fna.gz,sagalactiae,651,9,16,1,9,2,70,6
GCF_900073175.fna.gz,sagalactiae,61,1,13,1,1,1,13,1
GCF_900073225.fna.gz,sagalactiae,61,1,13,1,1,1,13,1
GCF_900073245.fna.gz,sagalactiae,61,1,13,1,1,1,13,1
GCF_900073265.fna.gz,sagalactiae,61,1,13,1,1,1,13,1
GCF_900073275.fna.gz,sagalactiae,61,1,13,1,1,1,13,1
GCF_900073325.fna.gz,sagalactiae,61,1,13,1,1,1,13,1
GCF_900073545.fna.gz,sagalactiae,61,1,13,1,1,1,13,1
GCF_900073145.fna.gz,sagalactiae,61,1,13,1,1,1,13,1
GCF_900073195.fna.gz,sagalactiae,61,1,13,1,1,1,13,1
GCF_900073295.fna.gz,sagalactiae,61,1,13,1,1,1,13,1
GCF_900073835.fna.gz,sagalactiae,554,1,13,39,1,1,13,1
GCF_900073845.fna.gz,sagalactiae,554,1,13,39,1,1,13,1
GCF_900073155.fna.gz,sagalactiae,1619,1,315,1,1,1,13,1
GCF_900073205.fna.gz,sagalactiae,61,1,13,1,1,1,13,1
GCF_900073305.fna.gz,sagalactiae,61,1,13,1,1,1,13,1
GCF_000007265.fna.gz,sagalactiae,110,2,1,1,2,9,2,3
GCF_900074345.fna.gz,sagalactiae,61,1,13,1,1,1,13,1
GCF_900073345.fna.gz,sagalactiae,61,1,13,1,1,1,13,1
GCF_900073385.fna.gz,sagalactiae,61,1,13,1,1,1,13,1
GCF_900073435.fna.gz,sagalactiae,61,1,13,1,1,1,13,1
GCF_900073485.fna.gz,sagalactiae,61,1,13,1,1,1,13,1
GCF_900073565.fna.gz,sagalactiae,61,1,13,1,1,1,13,1
GCF_900073585.fna.gz,sagalactiae,61,1,13,1,1,1,13,1
GCF_900073635.fna.gz,sagalactiae,61,1,13,1,1,1,13,1
GCF_900073695.fna.gz,sagalactiae,61,1,13,1,1,1,13,1
GCF_900073795.fna.gz,sagalactiae,61,1,13,1,1,1,13,1
GCF_900074055.fna.gz,sagalactiae,61,1,13,1,1,1,13,1
GCF_900074295.fna.gz,sagalactiae,554,1,13,39,1,1,13,1
GCF_900074405.fna.gz,sagalactiae,61,1,13,1,1,1,13,1
GCF_900074485.fna.gz,sagalactiae,"1693,2",1,1,1,2,2,1,3
GCF_900073855.fna.gz,sagalactiae,554,1,13,39,1,1,13,1
GCF_900073875.fna.gz,sagalactiae,554,1,13,39,1,1,13,1
GCF_900073985.fna.gz,sagalactiae,61,1,13,1,1,1,13,1
GCF_900074125.fna.gz,sagalactiae,554,1,13,39,1,1,13,1
GCF_900074175.fna.gz,sagalactiae,554,1,13,39,1,1,13,1
GCF_900074305.fna.gz,sagalactiae,554,1,13,39,1,1,13,1
GCF_900073355.fna.gz,sagalactiae,61,1,13,1,1,1,13,1
GCF_900073395.fna.gz,sagalactiae,61,1,13,1,1,1,13,1
GCF_900073445.fna.gz,sagalactiae,61,1,13,1,1,1,13,1
GCF_900073495.fna.gz,sagalactiae,61,1,13,1,1,1,13,1
GCF_900073575.fna.gz,sagalactiae,61,1,13,1,1,1,13,1
GCF_900073605.fna.gz,sagalactiae,61,1,13,1,1,1,13,1
GCF_900073645.fna.gz,sagalactiae,61,1,13,1,1,1,13,1
GCF_900073705.fna.gz,sagalactiae,1620,1,306,1,1,1,13,1
GCF_900073805.fna.gz,sagalactiae,"1693,2",1,1,1,2,134,1,3
GCF_900074065.fna.gz,sagalactiae,61,1,13,1,1,1,13,1
GCF_900074315.fna.gz,sagalactiae,554,1,13,39,1,1,13,1
GCF_900074415.fna.gz,sagalactiae,61,1,13,1,1,1,13,1
GCF_900074495.fna.gz,sagalactiae,"1693,2",1,1,1,2,134,1,3
GCF_900073865.fna.gz,sagalactiae,554,1,13,39,1,1,13,1
GCF_900073895.fna.gz,sagalactiae,554,1,13,39,1,1,13,1
GCF_900073995.fna.gz,sagalactiae,554,1,13,39,1,1,13,1
GCF_900074235.fna.gz,sagalactiae,"1693,2",1,1,1,2,2,1,3
GCF_900074505.fna.gz,sagalactiae,"1693,2",1,1,1,2,2,1,3
GCF_900073415.fna.gz,sagalactiae,61,1,13,1,1,1,13,1
GCF_900073465.fna.gz,sagalactiae,61,1,13,1,1,1,13,1
GCF_900073715.fna.gz,sagalactiae,61,1,13,1,1,1,13,1
GCF_900073815.fna.gz,sagalactiae,61,1,13,1,1,1,13,1
GCF_900074075.fna.gz,sagalactiae,61,1,13,1,1,1,13,1
GCF_900074135.fna.gz,sagalactiae,61,1,13,1,1,1,13,1
GCF_900074245.fna.gz,sagalactiae,554,1,13,39,1,1,13,1
GCF_900074515.fna.gz,sagalactiae,"1693,2",1,1,1,2,134,1,3
GCF_900073675.fna.gz,sagalactiae,61,1,13,1,1,1,13,1
GCF_900073765.fna.gz,sagalactiae,61,1,13,1,1,1,13,1
GCF_900074025.fna.gz,sagalactiae,61,1,13,1,1,1,13,1
GCF_900074265.fna.gz,sagalactiae,554,1,13,39,1,1,13,1
GCF_900074425.fna.gz,sagalactiae,554,1,13,39,1,1,13,1
GCF_900074465.fna.gz,sagalactiae,"1693,2",1,1,1,2,2,1,3
GCF_900073925.fna.gz,sagalactiae,554,1,13,39,1,1,13,1
GCF_900074095.fna.gz,sagalactiae,61,1,13,1,1,1,13,1
GCF_900074355.fna.gz,sagalactiae,61,1,13,1,1,1,13,1
GCF_900073365.fna.gz,sagalactiae,61,1,13,1,1,1,13,1
GCF_900073405.fna.gz,sagalactiae,61,1,13,1,1,1,13,1
GCF_900073455.fna.gz,sagalactiae,61,1,13,1,1,1,13,1
GCF_900073505.fna.gz,sagalactiae,61,1,13,1,1,1,13,1
GCF_900073735.fna.gz,sagalactiae,61,1,13,1,1,1,13,1
GCF_900073935.fna.gz,sagalactiae,554,1,13,39,1,1,13,1
GCF_900074105.fna.gz,sagalactiae,554,1,13,39,1,1,13,1
GCF_900074145.fna.gz,sagalactiae,554,1,13,39,1,1,13,1
GCF_900074275.fna.gz,sagalactiae,554,1,13,39,1,1,13,1
GCF_900074545.fna.gz,sagalactiae,"1693,2",1,1,1,2,2,1,3
GCF_900073945.fna.gz,sagalactiae,554,1,13,39,1,1,13,1
GCF_900074115.fna.gz,sagalactiae,61,1,13,1,1,1,13,1
GCF_900074365.fna.gz,sagalactiae,554,1,13,39,1,1,13,1
GCF_900074435.fna.gz,sagalactiae,554,1,13,39,1,1,13,1
GCF_900074555.fna.gz,sagalactiae,"1693,2",1,1,1,2,2,1,3
GCF_900073955.fna.gz,sagalactiae,554,1,13,39,1,1,13,1
GCF_900074195.fna.gz,sagalactiae,554,1,13,39,1,1,13,1
GCF_900074375.fna.gz,sagalactiae,61,1,13,1,1,1,13,1
GCF_900073685.fna.gz,sagalactiae,61,1,13,1,1,1,13,1
GCF_900073775.fna.gz,sagalactiae,61,1,13,1,1,1,13,1
GCF_900074035.fna.gz,sagalactiae,61,1,13,1,1,1,13,1
GCF_900074285.fna.gz,sagalactiae,554,1,13,39,1,1,13,1
GCF_900074565.fna.gz,sagalactiae,"1693,2",1,1,1,2,2,1,3
GCF_900073515.fna.gz,sagalactiae,1619,1,315,1,1,1,13,1
GCF_900073785.fna.gz,sagalactiae,61,1,13,1,1,1,13,1
GCF_900074045.fna.gz,sagalactiae,61,1,13,1,1,1,13,1
GCF_900074155.fna.gz,sagalactiae,554,1,13,39,1,1,13,1
GCF_900074205.fna.gz,sagalactiae,554,1,13,39,1,1,13,1
GCF_900074385.fna.gz,sagalactiae,61,1,13,1,1,1,13,1
GCF_900073965.fna.gz,sagalactiae,554,1,13,39,1,1,13,1
GCF_900074215.fna.gz,sagalactiae,554,1,13,39,1,1,13,1
GCF_900074395.fna.gz,sagalactiae,554,1,13,39,1,1,13,1
GCF_900074445.fna.gz,sagalactiae,61,1,13,1,1,1,13,1
GCF_900074575.fna.gz,sagalactiae,"1693,2",1,1,1,2,134,1,3
GCF_900073885.fna.gz,sagalactiae,554,1,13,39,1,1,13,1
GCF_900073905.fna.gz,sagalactiae,554,1,13,39,1,1,13,1
GCF_900074005.fna.gz,sagalactiae,554,1,13,39,1,1,13,1
GCF_900074255.fna.gz,sagalactiae,554,1,13,39,1,1,13,1
GCF_900074525.fna.gz,sagalactiae,"1693,2",1,1,1,2,2,1,3
GCF_900073525.fna.gz,sagalactiae,61,1,13,1,1,1,13,1
GCF_900073595.fna.gz,sagalactiae,61,1,13,1,1,1,13,1
GCF_900073625.fna.gz,sagalactiae,61,1,13,1,1,1,13,1
GCF_900073665.fna.gz,sagalactiae,61,1,13,1,1,1,13,1
GCF_900073755.fna.gz,sagalactiae,61,1,13,1,1,1,13,1
GCF_900074015.fna.gz,sagalactiae,61,1,13,1,1,1,13,1
GCF_900074165.fna.gz,sagalactiae,61,1,13,1,1,1,13,1
GCF_900074185.fna.gz,sagalactiae,554,1,13,39,1,1,13,1
GCF_900074325.fna.gz,sagalactiae,554,1,13,39,1,1,13,1
GCF_900073335.fna.gz,sagalactiae,1619,1,315,1,1,1,13,1
GCF_900073375.fna.gz,sagalactiae,61,1,13,1,1,1,13,1
GCF_900073425.fna.gz,sagalactiae,61,1,13,1,1,1,13,1
GCF_900073475.fna.gz,sagalactiae,416,1,76,1,1,1,13,1
GCF_900073725.fna.gz,sagalactiae,61,1,13,1,1,1,13,1
GCF_900073915.fna.gz,sagalactiae,554,1,13,39,1,1,13,1
GCF_900074085.fna.gz,sagalactiae,554,1,13,39,1,1,13,1
GCF_900074335.fna.gz,sagalactiae,554,1,13,39,1,1,13,1
GCF_900074455.fna.gz,sagalactiae,61,1,13,1,1,1,13,1
GCF_900074535.fna.gz,sagalactiae,"1693,2",1,1,1,2,134,1,3
GCF_900073615.fna.gz,sagalactiae,1619,1,315,1,1,1,13,1
GCF_900073655.fna.gz,sagalactiae,61,1,13,1,1,1,13,1
GCF_900073745.fna.gz,sagalactiae,61,1,13,1,1,1,13,1
GCF_900073975.fna.gz,sagalactiae,554,1,13,39,1,1,13,1
GCF_900074225.fna.gz,sagalactiae,554,1,13,39,1,1,13,1
GCF_900074475.fna.gz,sagalactiae,"1693,2",1,1,1,2,2,1,3
GCF_000012705.fna.gz,sagalactiae,7,3,10,1,2,2,1,2
GCF_900074585.fna.gz,sagalactiae,"1693,2",1,1,1,2,134,1,3
GCF_900074595.fna.gz,sagalactiae,"1693,2",1,1,1,2,134,1,3
GCF_900074605.fna.gz,sagalactiae,"1693,2",1,1,1,2,134,1,3
GCF_900074615.fna.gz,sagalactiae,"1693,2",1,1,1,2,2,1,3
GCF_900074655.fna.gz,sagalactiae,"1693,2",1,1,1,2,134,1,3
GCF_900078265.fna.gz,sagalactiae,61,1,13,1,1,1,13,1
GCF_900155855.fna.gz,sagalactiae,17,1,2,1,1,1,2,1
GCF_900458935.fna.gz,sagalactiae,1,1,1,1,2,2,1,2
GCF_900458965.fna.gz,sagalactiae,-,1,13,1,,1,13,1
GCF_900458975.fna.gz,sagalactiae,64,1,13,1,1,1,2,1
GCF_900458985.fna.gz,sagalactiae,25,8,5,4,1,3,3,6
GCF_900458995.fna.gz,sagalactiae,297,1,1,1,2,2,2,2
GCF_900459005.fna.gz,sagalactiae,61,1,13,1,1,1,13,1
GCF_900459015.fna.gz,sagalactiae,1310,1,2,1,1,1,3,146
GCF_900459055.fna.gz,sagalactiae,-,1,13,1,,1,13,1
GCF_900459075.fna.gz,sagalactiae,144,2,5,4,1,3,3,1
GCF_900459085.fna.gz,sagalactiae,-,8,5,,1,3,3,6
GCF_900459105.fna.gz,sagalactiae,7,3,10,1,2,2,1,2
GCF_900459155.fna.gz,sagalactiae,67,1,13,1,1,5,13,1
GCF_900459235.fna.gz,sagalactiae,61,1,13,1,1,1,13,1
GCF_900459245.fna.gz,sagalactiae,61,1,13,1,1,1,13,1
GCF_900459255.fna.gz,sagalactiae,130,5,9,8,3,4,1,4
GCF_900459285.fna.gz,sagalactiae,19,2,1,1,2,2,2,3
GCF_900474905.fna.gz,sagalactiae,10,3,9,1,3,2,1,4
GCF_900475355.fna.gz,sagalactiae,6,3,9,1,2,2,1,2
GCF_900636375.fna.gz,sagalactiae,1310,1,2,1,1,1,3,146
GCF_900638415.fna.gz,sagalactiae,1,1,1,1,2,2,1,2
GCF_900638495.fna.gz,sagalactiae,14,5,1,1,2,2,1,2
GCF_900683545.fna.gz,sagalactiae,-,1,13,1,,5,13,1
GCF_901875485.fna.gz,sagalactiae,-,3,9,1,3,134,1,4
GCF_902386105.fna.gz,sagalactiae,23,2,5,4,1,3,3,6
GCF_000167755.fna.gz,sagalactiae,-,1,1,1,2,134,1,
GCF_000289935.fna.gz,sagalactiae,23,2,5,4,1,3,3,6
GCF_000310685.fna.gz,sagalactiae,121,2,32,1,2,2,2,3
GCF_000310705.fna.gz,sagalactiae,88,2,5,10,1,3,3,6
GCF_000322845.fna.gz,sagalactiae,590,53,10,1,3,134,1,4
GCF_000322865.fna.gz,sagalactiae,1696,2,333,1,2,2,2,3
GCF_000311545.fna.gz,sagalactiae,"1,1707",1,1,1,2,134,1,2
GCF_000287995.fna.gz,sagalactiae,1700,160,1,4,1,61,2,6
GCF_000322545.fna.gz,sagalactiae,23,2,5,4,1,3,3,6
GCF_000322805.fna.gz,sagalactiae,-,1,,1,1,5,13,2
GCF_000322825.fna.gz,sagalactiae,61,1,13,1,1,1,13,1
GCF_000310505.fna.gz,sagalactiae,23,2,5,4,1,3,3,6
GCF_000288695.fna.gz,sagalactiae,19,2,1,1,2,2,2,3
GCF_000290075.fna.gz,sagalactiae,32,7,2,1,1,1,2,1
GCF_000310945.fna.gz,sagalactiae,"1,1707",1,1,1,2,2,1,2
GCF_000290455.fna.gz,sagalactiae,10,3,9,1,3,134,1,4
GCF_000311565.fna.gz,sagalactiae,23,2,5,4,1,3,3,6
GCF_000288715.fna.gz,sagalactiae,26,1,1,1,4,6,4,5
GCF_000310385.fna.gz,sagalactiae,590,53,10,1,3,2,1,4
GCF_000310405.fna.gz,sagalactiae,23,2,5,4,1,3,3,6
GCF_000322565.fna.gz,sagalactiae,61,1,13,1,1,1,13,1
GCF_000322605.fna.gz,sagalactiae,415,1,13,1,1,5,13,2
GCF_000322665.fna.gz,sagalactiae,88,2,5,10,1,3,3,6
GCF_000322685.fna.gz,sagalactiae,22,1,13,3,1,1,3,1
GCF_000289515.fna.gz,sagalactiae,10,3,9,1,3,134,1,4
GCF_000454965.fna.gz,sagalactiae,"1,1707",1,1,1,2,2,1,2
GCF_000455005.fna.gz,sagalactiae,"1,1707",1,1,1,2,134,1,2
GCF_000310365.fna.gz,sagalactiae,67,1,13,1,1,5,13,1
GCF_000290495.fna.gz,sagalactiae,19,2,1,1,2,2,2,3
GCF_000310625.fna.gz,sagalactiae,41,3,10,1,2,134,1,12
GCF_000310645.fna.gz,sagalactiae,12,3,10,1,3,2,1,4
GCF_000322585.fna.gz,sagalactiae,1617,1,13,1,1,1,161,1
GCF_000322625.fna.gz,sagalactiae,1695,1,13,3,1,135,3,1
GCF_000323005.fna.gz,sagalactiae,23,2,5,4,1,3,3,6
GCF_000323065.fna.gz,sagalactiae,-,,,134,,,165,218
GCF_000288735.fna.gz,sagalactiae,19,2,1,1,2,2,2,3
GCF_000288615.fna.gz,sagalactiae,"1,1707",1,1,1,2,134,1,2
GCF_000290095.fna.gz,sagalactiae,17,1,2,1,1,1,2,1
GCF_000290135.fna.gz,sagalactiae,23,2,5,4,1,3,3,6
GCF_000454985.fna.gz,sagalactiae,"1,1707",1,1,1,2,2,1,2
GCF_000455065.fna.gz,sagalactiae,1703,1,1,136,2,2,1,2
GCF_000311065.fna.gz,sagalactiae,23,2,5,4,1,3,3,6
GCF_000311585.fna.gz,sagalactiae,"1,1707",1,1,1,2,134,1,2
GCF_000322725.fna.gz,sagalactiae,8,3,4,1,3,134,1,4
GCF_000322745.fna.gz,sagalactiae,-,1,,1,1,1,13,1
GCF_000290475.fna.gz,sagalactiae,2,1,1,1,2,2,1,3
GCF_000288755.fna.gz,sagalactiae,19,2,1,1,2,2,2,3
GCF_000323125.fna.gz,sagalactiae,415,1,13,1,1,5,13,2
GCF_000323145.fna.gz,sagalactiae,61,1,13,1,1,1,13,1
GCF_000322945.fna.gz,sagalactiae,17,1,2,1,1,1,2,1
GCF_000290115.fna.gz,sagalactiae,22,1,13,3,1,1,3,1
GCF_000455025.fna.gz,sagalactiae,-,1,1,1,2,2,75,2
GCF_000455045.fna.gz,sagalactiae,"1,1707",1,1,1,2,2,1,2
GCF_000287975.fna.gz,sagalactiae,-,1,,1,3,,1,4
GCF_000311025.fna.gz,sagalactiae,283,3,9,5,3,2,1,7
GCF_000323025.fna.gz,sagalactiae,"1,1707",1,1,1,2,134,1,2
GCF_000323045.fna.gz,sagalactiae,7,3,10,1,2,134,1,2
GCF_000290515.fna.gz,sagalactiae,8,3,4,1,3,2,1,4
GCF_000288775.fna.gz,sagalactiae,19,2,1,1,2,2,2,3
GCF_000289795.fna.gz,sagalactiae,1615,1,13,125,1,1,13,1
GCF_000289815.fna.gz,sagalactiae,61,1,13,1,1,1,13,1
GCF_000288635.fna.gz,sagalactiae,22,1,13,3,1,1,3,1
GCF_000290155.fna.gz,sagalactiae,8,3,4,1,3,2,1,4
GCF_000290195.fna.gz,sagalactiae,88,2,5,10,1,3,3,6
GCF_000455085.fna.gz,sagalactiae,"1,1707",1,1,1,2,134,1,2
GCF_000825945.fna.gz,sagalactiae,23,2,5,4,1,3,3,6
GCF_000288035.fna.gz,sagalactiae,1614,1,13,1,1,1,160,1
GCF_000311225.fna.gz,sagalactiae,19,2,1,1,2,2,2,3
GCF_000289615.fna.gz,sagalactiae,"1,1707",1,1,1,2,2,1,2
GCF_000323085.fna.gz,sagalactiae,23,2,5,4,1,3,3,6
GCF_000347415.fna.gz,sagalactiae,6,3,9,1,2,134,1,2
GCF_000288795.fna.gz,sagalactiae,19,2,1,1,2,2,2,3
GCF_000289395.fna.gz,sagalactiae,591,1,13,1,1,1,13,6
GCF_000289455.fna.gz,sagalactiae,-,1,1,1,2,2,,2
GCF_000322965.fna.gz,sagalactiae,1698,158,5,4,1,3,3,6
GCF_000290175.fna.gz,sagalactiae,36,2,1,1,2,7,2,3
GCF_000311125.fna.gz,sagalactiae,12,3,10,1,3,2,1,4
GCF_000311145.fna.gz,sagalactiae,22,1,13,3,1,1,3,1
GCF_000455105.fna.gz,sagalactiae,"1,1707",1,1,1,2,134,1,2
GCF_000310525.fna.gz,sagalactiae,88,2,5,10,1,3,3,6
GCF_000289635.fna.gz,sagalactiae,19,2,1,1,2,2,2,3
GCF_000322885.fna.gz,sagalactiae,17,1,2,1,1,1,2,1
GCF_000322925.fna.gz,sagalactiae,23,2,5,4,1,3,3,6
GCF_000288815.fna.gz,sagalactiae,19,2,1,1,2,2,2,3
GCF_000289415.fna.gz,sagalactiae,591,1,13,1,1,1,13,6
GCF_000322705.fna.gz,sagalactiae,23,2,5,4,1,3,3,6
GCF_000322985.fna.gz,sagalactiae,23,2,5,4,1,3,3,6
GCF_000510405.fna.gz,sagalactiae,110,2,1,1,2,9,2,3
GCF_000289775.fna.gz,sagalactiae,-,1,338,1,,1,162,1
GCF_000289535.fna.gz,sagalactiae,19,2,1,1,2,2,2,3
GCF_000311245.fna.gz,sagalactiae,17,1,2,1,1,1,2,1
GCF_000323105.fna.gz,sagalactiae,1618,1,13,1,170,1,13,1
GCF_000419055.fna.gz,sagalactiae,88,2,5,10,1,3,3,6
GCF_000289655.fna.gz,sagalactiae,23,2,5,4,1,3,3,6
GCF_000311325.fna.gz,sagalactiae,-,1,,1,1,1,13,6
GCF_000311365.fna.gz,sagalactiae,88,2,5,10,1,3,3,6
GCF_000288655.fna.gz,sagalactiae,19,2,1,1,2,2,2,3
GCF_000288855.fna.gz,sagalactiae,9,3,8,1,3,2,1,4
GCF_000288935.fna.gz,sagalactiae,1166,1,213,25,1,1,2,1
GCF_000689235.fna.gz,sagalactiae,17,1,2,1,1,1,2,1
GCF_000323165.fna.gz,sagalactiae,1618,1,13,1,170,1,13,1
GCF_000289555.fna.gz,sagalactiae,8,3,4,1,3,134,1,4
GCF_000310545.fna.gz,sagalactiae,8,3,4,1,3,134,1,4
GCF_000310565.fna.gz,sagalactiae,67,1,13,1,1,5,13,1
GCF_000310325.fna.gz,sagalactiae,500,49,10,1,2,2,1,2
GCF_000289675.fna.gz,sagalactiae,41,3,10,1,2,134,1,12
GCF_000289435.fna.gz,sagalactiae,288,1,1,1,30,2,1,4
GCF_000288675.fna.gz,sagalactiae,19,2,1,1,2,2,2,3
GCF_000288875.fna.gz,sagalactiae,"1,1707",1,1,1,2,134,1,2
GCF_000288955.fna.gz,sagalactiae,2,1,1,1,2,2,1,3
GCF_000322645.fna.gz,sagalactiae,22,1,13,3,1,1,3,1
GCF_000372605.fna.gz,sagalactiae,1,1,1,1,2,2,1,2
GCF_000419075.fna.gz,sagalactiae,19,2,1,1,2,2,2,3
GCF_000289575.fna.gz,sagalactiae,130,5,9,8,3,134,1,4
GCF_000311605.fna.gz,sagalactiae,19,2,1,1,2,2,2,3
GCF_000311625.fna.gz,sagalactiae,"1707,524",1,1,1,2,134,1,2
GCF_000289175.fna.gz,sagalactiae,7,3,10,1,2,134,1,2
GCF_000289695.fna.gz,sagalactiae,28,2,1,1,2,2,5,3
GCF_000289715.fna.gz,sagalactiae,23,2,5,4,1,3,3,6
GCF_000311345.fna.gz,sagalactiae,-,,13,1,1,1,13,209
GCF_000311385.fna.gz,sagalactiae,103,9,16,1,9,2,2,6
GCF_000289735.fna.gz,sagalactiae,1697,157,5,4,1,3,3,6
GCF_000288895.fna.gz,sagalactiae,17,1,2,1,1,1,2,1
GCF_000714695.fna.gz,sagalactiae,1706,3,10,1,2,2,1,219
GCF_000347435.fna.gz,sagalactiae,7,3,10,1,2,134,1,2
GCF_000310445.fna.gz,sagalactiae,31,1,2,1,1,1,6,1
GCF_000288215.fna.gz,sagalactiae,"1693,2",1,1,1,2,134,1,3
GCF_000311265.fna.gz,sagalactiae,19,2,1,1,2,2,2,3
GCF_000311305.fna.gz,sagalactiae,589,1,1,1,2,2,64,2
GCF_000289195.fna.gz,sagalactiae,7,3,10,1,2,2,1,2
GCF_000290235.fna.gz,sagalactiae,12,3,10,1,3,2,1,4
GCF_000290255.fna.gz,sagalactiae,17,1,2,1,1,1,2,1
GCF_000289755.fna.gz,sagalactiae,-,1,13,1,,5,3,2
GCF_000288915.fna.gz,sagalactiae,17,1,2,1,1,1,2,1
GCF_000322905.fna.gz,sagalactiae,28,2,1,1,2,2,5,3
GCF_000419095.fna.gz,sagalactiae,22,1,13,3,1,1,3,1
GCF_000186445.fna.gz,sagalactiae,-,1,13,1,,1,13,1
GCF_000196055.fna.gz,sagalactiae,23,2,5,4,1,3,3,6
GCF_000419115.fna.gz,sagalactiae,23,2,5,4,1,3,3,6
GCF_000419155.fna.gz,sagalactiae,"1,1707",1,1,1,2,134,1,2
GCF_000454885.fna.gz,sagalactiae,"1,1707",1,1,1,2,134,1,2
GCF_000288195.fna.gz,sagalactiae,28,2,1,1,2,2,5,3
GCF_000311645.fna.gz,sagalactiae,17,1,2,1,1,1,2,1
GCF_000311705.fna.gz,sagalactiae,23,2,5,4,1,3,3,6
GCF_000289215.fna.gz,sagalactiae,7,3,10,1,2,134,1,2
GCF_000290535.fna.gz,sagalactiae,12,3,10,1,3,2,1,4
GCF_000310265.fna.gz,sagalactiae,61,1,13,1,1,1,13,1
GCF_000288975.fna.gz,sagalactiae,110,2,1,1,2,9,2,3
GCF_000310425.fna.gz,sagalactiae,-,1,,1,1,1,13,1
GCF_000310485.fna.gz,sagalactiae,23,2,5,4,1,3,3,6
GCF_000322525.fna.gz,sagalactiae,23,2,5,4,1,3,3,6
GCF_000454805.fna.gz,sagalactiae,"1,1707",1,1,1,2,2,1,2
GCF_000289875.fna.gz,sagalactiae,88,2,5,10,1,3,3,6
GCF_000288355.fna.gz,sagalactiae,2,1,1,1,2,2,1,3
GCF_000310785.fna.gz,sagalactiae,"1,1707",1,1,1,2,134,1,2
GCF_000310865.fna.gz,sagalactiae,"1,1707",1,1,1,2,2,1,2
GCF_000289235.fna.gz,sagalactiae,7,3,10,1,2,2,1,2
GCF_000291585.fna.gz,sagalactiae,17,1,2,1,1,1,2,1
GCF_000310305.fna.gz,sagalactiae,491,3,9,5,3,38,1,7
GCF_000288995.fna.gz,sagalactiae,17,1,2,1,1,1,2,1
GCF_000311405.fna.gz,sagalactiae,6,3,9,1,2,134,1,2
GCF_000311505.fna.gz,sagalactiae,"1,1707",1,1,1,2,134,1,2
GCF_000310585.fna.gz,sagalactiae,1693,1,1,1,2,134,1,3
GCF_000419175.fna.gz,sagalactiae,23,2,5,4,1,3,3,6
GCF_000454745.fna.gz,sagalactiae,"1,1707",1,1,1,2,134,1,2
GCF_000454785.fna.gz,sagalactiae,"1,1707",1,1,1,2,2,1,2
GCF_000289895.fna.gz,sagalactiae,26,1,1,1,4,6,4,5
GCF_000288295.fna.gz,sagalactiae,459,41,1,1,12,134,1,3
GCF_000311665.fna.gz,sagalactiae,8,3,4,1,3,2,1,4
GCF_000322485.fna.gz,sagalactiae,12,3,10,1,3,134,1,4
GCF_000311045.fna.gz,sagalactiae,-,1,,1,2,2,1,2
GCF_000289835.fna.gz,sagalactiae,-,1,,1,171,5,3,2
GCF_000289055.fna.gz,sagalactiae,22,1,13,3,1,1,3,1
GCF_000288055.fna.gz,sagalactiae,61,1,13,1,1,1,13,1
GCF_000264975.fna.gz,sagalactiae,7,3,10,1,2,134,1,2
GCF_000427035.fna.gz,sagalactiae,"1,1707",1,1,1,2,2,1,2
GCF_000454825.fna.gz,sagalactiae,"1,1707",1,1,1,2,134,1,2
GCF_000419135.fna.gz,sagalactiae,1,1,1,1,2,2,1,2
GCF_000419195.fna.gz,sagalactiae,1701,2,5,135,1,3,3,6
GCF_000454905.fna.gz,sagalactiae,"1,1707",1,1,1,2,134,1,2
GCF_000288335.fna.gz,sagalactiae,23,2,5,4,1,3,3,6
GCF_000311685.fna.gz,sagalactiae,12,3,10,1,3,2,1,4
GCF_000322505.fna.gz,sagalactiae,"1,1707",1,1,1,2,134,1,2
GCF_000310345.fna.gz,sagalactiae,-,,,1,,,2,3
GCF_000419215.fna.gz,sagalactiae,88,2,5,10,1,3,3,6
GCF_000454925.fna.gz,sagalactiae,1704,1,336,1,2,2,1,2
GCF_000289075.fna.gz,sagalactiae,7,3,10,1,2,134,1,2
GCF_000311425.fna.gz,sagalactiae,103,9,16,1,9,2,2,6
GCF_000311525.fna.gz,sagalactiae,12,3,10,1,3,2,1,4
GCF_000310285.fna.gz,sagalactiae,415,1,13,1,1,5,13,2
GCF_000419255.fna.gz,sagalactiae,-,2,,10,1,3,3,6
GCF_000454845.fna.gz,sagalactiae,"1,1707",1,1,1,2,2,1,2
GCF_000287955.fna.gz,sagalactiae,"1,1707",1,1,1,2,2,1,2
GCF_000289855.fna.gz,sagalactiae,19,2,1,1,2,2,2,3
GCF_000289915.fna.gz,sagalactiae,19,2,1,1,2,2,2,3
GCF_000288375.fna.gz,sagalactiae,19,2,1,1,2,2,2,3
GCF_000310805.fna.gz,sagalactiae,25,8,5,4,1,3,3,6
GCF_000310885.fna.gz,sagalactiae,19,2,1,1,2,2,2,3
GCF_000289255.fna.gz,sagalactiae,500,49,10,1,2,2,1,2
GCF_000311445.fna.gz,sagalactiae,23,2,5,4,1,3,3,6
GCF_000454945.fna.gz,sagalactiae,"1,1707",1,1,1,2,2,1,2
GCF_000288315.fna.gz,sagalactiae,10,3,9,1,3,2,1,4
GCF_000288075.fna.gz,sagalactiae,19,2,1,1,2,2,2,3
GCF_000289015.fna.gz,sagalactiae,17,1,2,1,1,1,2,1
GCF_000289095.fna.gz,sagalactiae,1692,156,1,1,2,2,2,3
GCF_000419235.fna.gz,sagalactiae,19,2,1,1,2,2,2,3
GCF_000427075.fna.gz,sagalactiae,609,1,56,40,53,4,66,4
GCF_000454865.fna.gz,sagalactiae,"1,1707",1,1,1,2,134,1,2
GCF_000289595.fna.gz,sagalactiae,23,2,5,4,1,3,3,6
GCF_000310825.fna.gz,sagalactiae,7,3,10,1,2,2,1,2
GCF_000310905.fna.gz,sagalactiae,"1,1707",1,1,1,2,2,1,2
GCF_000289275.fna.gz,sagalactiae,7,3,10,1,2,134,1,2
GCF_000311465.fna.gz,sagalactiae,"1,1707",1,1,1,2,2,1,2
GCF_000288395.fna.gz,sagalactiae,452,2,5,25,3,3,3,4
GCF_000289035.fna.gz,sagalactiae,10,3,9,1,3,134,1,4
GCF_000289155.fna.gz,sagalactiae,7,3,10,1,2,2,1,2
GCF_000288095.fna.gz,sagalactiae,1,1,1,1,2,2,1,2
GCF_000299135.fna.gz,sagalactiae,7,3,10,1,2,2,1,2
GCF_000310465.fna.gz,sagalactiae,22,1,13,3,1,1,3,1
GCF_000454765.fna.gz,sagalactiae,"1,1707",1,1,1,2,2,1,2
GCF_000311485.fna.gz,sagalactiae,8,3,4,1,3,134,1,4
GCF_000290215.fna.gz,sagalactiae,17,1,2,1,1,1,2,1
GCF_000310845.fna.gz,sagalactiae,19,2,1,1,2,2,2,3
GCF_000310925.fna.gz,sagalactiae,-,1,,1,4,134,4,5
GCF_000289335.fna.gz,sagalactiae,23,2,5,4,1,3,3,6
GCF_000310665.fna.gz,sagalactiae,23,2,5,4,1,3,3,6
GCF_000289495.fna.gz,sagalactiae,17,1,2,1,1,1,2,1
GCF_000289315.fna.gz,sagalactiae,"1693,2",1,1,1,2,2,1,3
GCF_000310605.fna.gz,sagalactiae,17,1,2,1,1,1,2,1
GCF_000288435.fna.gz,sagalactiae,88,2,5,10,1,3,3,6
GCF_000289975.fna.gz,sagalactiae,28,2,1,1,2,2,5,3
GCF_000290295.fna.gz,sagalactiae,447,39,1,1,2,2,2,3
GCF_000310965.fna.gz,sagalactiae,12,3,10,1,3,2,1,4
GCF_000311105.fna.gz,sagalactiae,-,1,25,1,,1,13,1
GCF_000289355.fna.gz,sagalactiae,296,3,8,1,23,134,1,4
GCF_000290035.fna.gz,sagalactiae,1,1,1,1,2,2,1,2
GCF_000288415.fna.gz,sagalactiae,12,3,10,1,3,134,1,4
GCF_000310745.fna.gz,sagalactiae,8,3,4,1,3,134,1,4
GCF_000290355.fna.gz,sagalactiae,26,1,1,1,4,6,4,5
GCF_000288115.fna.gz,sagalactiae,444,2,5,4,1,3,3,52
GCF_000310725.fna.gz,sagalactiae,23,2,5,4,1,3,3,6
GCF_000289955.fna.gz,sagalactiae,17,1,2,1,1,1,2,1
GCF_000289995.fna.gz,sagalactiae,196,1,1,1,12,2,1,3
GCF_000288475.fna.gz,sagalactiae,19,2,1,1,2,2,2,3
GCF_000310765.fna.gz,sagalactiae,1694,3,8,1,3,2,1,217
GCF_000290375.fna.gz,sagalactiae,8,3,4,1,3,2,1,4
GCF_000310985.fna.gz,sagalactiae,8,3,4,1,3,134,1,4
GCF_000288015.fna.gz,sagalactiae,"1,1707",1,1,1,2,2,1,2
GCF_000311185.fna.gz,sagalactiae,17,1,2,1,1,1,2,1
GCF_000290055.fna.gz,sagalactiae,19,2,1,1,2,2,2,3
GCF_000288175.fna.gz,sagalactiae,"1,1707",1,1,1,2,134,1,2
GCF_000311205.fna.gz,sagalactiae,-,,1,1,2,134,1,2
GCF_000290395.fna.gz,sagalactiae,17,1,2,1,1,1,2,1
GCF_000311005.fna.gz,sagalactiae,"1,1707",1,1,1,2,2,1,2
GCF_000289375.fna.gz,sagalactiae,591,1,13,1,1,1,13,6
GCF_000311085.fna.gz,sagalactiae,-,1,,1,2,134,1,2
GCF_000289475.fna.gz,sagalactiae,23,2,5,4,1,3,3,6
GCF_000288455.fna.gz,sagalactiae,8,3,4,1,3,134,1,4
GCF_000311165.fna.gz,sagalactiae,28,2,1,1,2,2,5,3
GCF_000290415.fna.gz,sagalactiae,12,3,10,1,3,134,1,4
GCF_000288155.fna.gz,sagalactiae,12,3,10,1,3,2,1,4
GCF_000290275.fna.gz,sagalactiae,19,2,1,1,2,2,2,3
GCF_000288495.fna.gz,sagalactiae,"1,1707",1,1,1,2,2,1,2
GCF_000290015.fna.gz,sagalactiae,-,9,16,1,,2,2,2
GCF_000290315.fna.gz,sagalactiae,24,2,5,4,3,3,3,4
GCF_000290335.fna.gz,sagalactiae,448,1,1,1,39,2,1,2
GCF_000288135.fna.gz,sagalactiae,"1,1707",1,1,1,2,2,1,2
GCF_000290435.fna.gz,sagalactiae,19,2,1,1,2,2,2,3
GCF_000288235.fna.gz,sagalactiae,"1,1707",1,1,1,2,134,1,2
GCF_000288255.fna.gz,sagalactiae,1,1,1,1,2,2,1,2
GCF_000288275.fna.gz,sagalactiae,24,2,5,4,3,3,3,4
GCF_000288515.fna.gz,sagalactiae,19,2,1,1,2,2,2,3
GCF_000288535.fna.gz,sagalactiae,23,2,5,4,1,3,3,6
GCF_000288555.fna.gz,sagalactiae,452,2,5,25,3,3,3,4
GCF_000288575.fna.gz,sagalactiae,-,3,10,,3,134,1,4
GCF_000288595.fna.gz,sagalactiae,-,1,,1,2,2,1,2
