Genome,Scheme,ST,arcC,aroE,gtr,mutS,pyrR,tpiA,yqiL,clonal_complex
GCF_000007645.fna.gz,sepidermidis,8,2,1,7,1,1,1,1,
GCF_000011925.fna.gz,sepidermidis,10,1,1,1,1,3,1,1,
GCF_000159575.fna.gz,sepidermidis,59,2,1,1,1,2,1,1,
GCF_000160235.fna.gz,sepidermidis,290,12,29,5,5,11,4,4,
GCF_000164075.fna.gz,sepidermidis,5,1,1,1,2,2,1,1,
GCF_000177115.fna.gz,sepidermidis,57,1,1,1,1,2,1,1,
GCF_000186205.fna.gz,sepidermidis,new_alleles,28,16,~5,5,3,22,56,
GCF_000205325.fna.gz,sepidermidis,new_ST,1,13,2,1,2,1,29,
GCF_000205405.fna.gz,sepidermidis,1,1,2,2,2,1,1,10,
GCF_000205425.fna.gz,sepidermidis,5,1,1,1,2,2,1,1,
GCF_000221665.fna.gz,sepidermidis,-,2,1,1,-,2,1,1,
GCF_000221685.fna.gz,sepidermidis,73,1,5,2,6,2,1,6,
GCF_000221705.fna.gz,sepidermidis,-,1,1,1,-,2,1,1,
GCF_000245635.fna.gz,sepidermidis,2,7,1,2,2,4,1,1,
GCF_000245675.fna.gz,sepidermidis,1013,2,6,2,1,1,1,1,
GCF_000245695.fna.gz,sepidermidis,1,1,2,2,2,1,1,10,
GCF_000247025.fna.gz,sepidermidis,23,7,1,2,1,3,3,1,
GCF_000247045.fna.gz,sepidermidis,1045,28,29,84,7,3,34,11,
GCF_000247065.fna.gz,sepidermidis,22,7,1,2,2,4,7,1,
GCF_000247125.fna.gz,sepidermidis,384,1,1,22,2,2,1,25,
GCF_000247145.fna.gz,sepidermidis,23,7,1,2,1,3,3,1,
GCF_000247165.fna.gz,sepidermidis,136,1,1,7,2,2,1,1,
GCF_000247185.fna.gz,sepidermidis,new_ST,28,44,5,5,7,5,11,
GCF_000247205.fna.gz,sepidermidis,329,12,29,9,8,6,5,8,
GCF_000257965.fna.gz,sepidermidis,130,1,1,1,2,1,1,1,
GCF_000260295.fna.gz,sepidermidis,19,8,7,12,4,12,2,2,
GCF_000275965.fna.gz,sepidermidis,89,1,1,2,1,2,1,1,
GCF_000275985.fna.gz,sepidermidis,185,27,1,2,2,4,1,1,
GCF_000276005.fna.gz,sepidermidis,430,1,1,1,34,2,1,1,
GCF_000276025.fna.gz,sepidermidis,7,1,1,1,2,4,1,1,
GCF_000276045.fna.gz,sepidermidis,5,1,1,1,2,2,1,1,
GCF_000276065.fna.gz,sepidermidis,5,1,1,1,2,2,1,1,
GCF_000276085.fna.gz,sepidermidis,2,7,1,2,2,4,1,1,
GCF_000276105.fna.gz,sepidermidis,2,7,1,2,2,4,1,1,
GCF_000276125.fna.gz,sepidermidis,2,7,1,2,2,4,1,1,
GCF_000276145.fna.gz,sepidermidis,323,1,1,7,6,2,1,41,
GCF_000276165.fna.gz,sepidermidis,218,1,1,2,6,2,16,1,
GCF_000276185.fna.gz,sepidermidis,324,1,13,6,6,2,20,1,
GCF_000276205.fna.gz,sepidermidis,325,12,29,9,8,6,5,27,
GCF_000276225.fna.gz,sepidermidis,20,1,1,2,2,1,1,3,
GCF_000276245.fna.gz,sepidermidis,326,19,16,5,6,3,19,10,
GCF_000276265.fna.gz,sepidermidis,7,1,1,1,2,4,1,1,
GCF_000276285.fna.gz,sepidermidis,327,1,1,2,1,4,1,1,
GCF_000276305.fna.gz,sepidermidis,328,12,29,5,5,7,5,4,
GCF_000276325.fna.gz,sepidermidis,329,12,29,9,8,6,5,8,
GCF_000276345.fna.gz,sepidermidis,73,1,5,2,6,2,1,6,
GCF_000276365.fna.gz,sepidermidis,170,25,19,17,4,23,10,2,
GCF_000276385.fna.gz,sepidermidis,330,2,1,2,2,34,1,1,
GCF_000276405.fna.gz,sepidermidis,331,12,35,5,5,10,16,21,
GCF_000276425.fna.gz,sepidermidis,331,12,35,5,5,10,16,21,
GCF_000276445.fna.gz,sepidermidis,332,28,29,5,5,11,4,4,
GCF_000276465.fna.gz,sepidermidis,333,2,1,2,1,2,1,7,
GCF_000276505.fna.gz,sepidermidis,72,8,2,2,4,9,6,9,
GCF_000276545.fna.gz,sepidermidis,72,8,2,2,4,9,6,9,
GCF_000304575.fna.gz,sepidermidis,673,8,24,12,23,49,46,58,
GCF_000308395.fna.gz,sepidermidis,59,2,1,1,1,2,1,1,
GCF_000314715.fna.gz,sepidermidis,new_alleles,24,22,~6,4,~29,10,~13,
GCF_000362145.fna.gz,sepidermidis,5,1,1,1,2,2,1,1,
GCF_000410915.fna.gz,sepidermidis,595,49,3,9,5,3,4,4,
GCF_000417945.fna.gz,sepidermidis,702,28,16,5,5,8,22,12,
GCF_000417965.fna.gz,sepidermidis,702,28,16,5,5,8,22,12,
GCF_000417985.fna.gz,sepidermidis,702,28,16,5,5,8,22,12,
GCF_000418005.fna.gz,sepidermidis,702,28,16,5,5,8,22,12,
GCF_000418025.fna.gz,sepidermidis,-,28,16,5,5,8,22,-,
GCF_000418045.fna.gz,sepidermidis,702,28,16,5,5,8,22,12,
GCF_000418065.fna.gz,sepidermidis,153,2,1,6,2,2,1,1,
GCF_000418085.fna.gz,sepidermidis,153,2,1,6,2,2,1,1,
GCF_000418105.fna.gz,sepidermidis,702,28,16,5,5,8,22,12,
GCF_000418125.fna.gz,sepidermidis,702,28,16,5,5,8,22,12,
GCF_000418145.fna.gz,sepidermidis,702,28,16,5,5,8,22,12,
GCF_000418165.fna.gz,sepidermidis,702,28,16,5,5,8,22,12,
GCF_000418185.fna.gz,sepidermidis,702,28,16,5,5,8,22,12,
GCF_000418205.fna.gz,sepidermidis,new_alleles,28,16,5,5,8,~22,12,
GCF_000443975.fna.gz,sepidermidis,1014,1,1,1,2,2,1,4,
GCF_000551165.fna.gz,sepidermidis,5,1,1,1,2,2,1,1,
GCF_000626815.fna.gz,sepidermidis,2,7,1,2,2,4,1,1,
GCF_000627055.fna.gz,sepidermidis,-,2,1,2,-,4,47,1,
GCF_000685135.fna.gz,sepidermidis,35,2,1,2,2,4,1,1,
GCF_000697805.fna.gz,sepidermidis,327,1,1,2,1,4,1,1,
GCF_000697825.fna.gz,sepidermidis,2,7,1,2,2,4,1,1,
GCF_000697905.fna.gz,sepidermidis,4,1,1,6,6,2,1,1,
GCF_000703025.fna.gz,sepidermidis,73,1,5,2,6,2,1,6,
GCF_000705035.fna.gz,sepidermidis,114,1,1,2,6,2,1,7,
GCF_000705055.fna.gz,sepidermidis,1015,14,1,2,2,4,1,1,
GCF_000705075.fna.gz,sepidermidis,86,1,2,2,1,1,1,1,
GCF_000751035.fna.gz,sepidermidis,184,16,1,2,1,2,1,1,
GCF_000759555.fna.gz,sepidermidis,1016,1,13,7,6,2,5,33,
GCF_000763625.fna.gz,sepidermidis,2,7,1,2,2,4,1,1,
GCF_000783535.fna.gz,sepidermidis,69,1,18,6,2,2,1,1,
GCF_000966705.fna.gz,sepidermidis,2,7,1,2,2,4,1,1,
GCF_000966715.fna.gz,sepidermidis,439,28,41,5,5,38,5,11,
GCF_000966755.fna.gz,sepidermidis,2,7,1,2,2,4,1,1,
GCF_000966765.fna.gz,sepidermidis,2,7,1,2,2,4,1,1,
GCF_000966775.fna.gz,sepidermidis,2,7,1,2,2,4,1,1,
GCF_000966815.fna.gz,sepidermidis,2,7,1,2,2,4,1,1,
GCF_001061715.fna.gz,sepidermidis,2,7,1,2,2,4,1,1,
GCF_001066085.fna.gz,sepidermidis,1047,85,1,2,1,2,1,7,
GCF_001068455.fna.gz,sepidermidis,2,7,1,2,2,4,1,1,
GCF_001068475.fna.gz,sepidermidis,2,7,1,2,2,4,1,1,
GCF_001068495.fna.gz,sepidermidis,2,7,1,2,2,4,1,1,
GCF_001068505.fna.gz,sepidermidis,2,7,1,2,2,4,1,1,
GCF_001068545.fna.gz,sepidermidis,5,1,1,1,2,2,1,1,
GCF_001068575.fna.gz,sepidermidis,2,7,1,2,2,4,1,1,
GCF_001068585.fna.gz,sepidermidis,101,1,1,2,5,2,1,1,
GCF_001068635.fna.gz,sepidermidis,2,7,1,2,2,4,1,1,
GCF_001068755.fna.gz,sepidermidis,723,1,62,9,5,6,1,8,
GCF_001068785.fna.gz,sepidermidis,2,7,1,2,2,4,1,1,
GCF_001068845.fna.gz,sepidermidis,2,7,1,2,2,4,1,1,
GCF_001068895.fna.gz,sepidermidis,2,7,1,2,2,4,1,1,
GCF_001068995.fna.gz,sepidermidis,17,1,1,6,2,2,1,1,
GCF_001069075.fna.gz,sepidermidis,2,7,1,2,2,4,1,1,
GCF_001069095.fna.gz,sepidermidis,2,7,1,2,2,4,1,1,
GCF_001069215.fna.gz,sepidermidis,2,7,1,2,2,4,1,1,
GCF_001069245.fna.gz,sepidermidis,2,7,1,2,2,4,1,1,
GCF_001069275.fna.gz,sepidermidis,130,1,1,1,2,1,1,1,
GCF_001069375.fna.gz,sepidermidis,5,1,1,1,2,2,1,1,
GCF_001069395.fna.gz,sepidermidis,2,7,1,2,2,4,1,1,
GCF_001069515.fna.gz,sepidermidis,2,7,1,2,2,4,1,1,
GCF_001069525.fna.gz,sepidermidis,17,1,1,6,2,2,1,1,
GCF_001069845.fna.gz,sepidermidis,2,7,1,2,2,4,1,1,
GCF_001069925.fna.gz,sepidermidis,2,7,1,2,2,4,1,1,
GCF_001069955.fna.gz,sepidermidis,2,7,1,2,2,4,1,1,
GCF_001069965.fna.gz,sepidermidis,2,7,1,2,2,4,1,1,
GCF_001069995.fna.gz,sepidermidis,130,1,1,1,2,1,1,1,
GCF_001070015.fna.gz,sepidermidis,130,1,1,1,2,1,1,1,
GCF_001070025.fna.gz,sepidermidis,2,7,1,2,2,4,1,1,
GCF_001070075.fna.gz,sepidermidis,2,7,1,2,2,4,1,1,
GCF_001070155.fna.gz,sepidermidis,5,1,1,1,2,2,1,1,
GCF_001070245.fna.gz,sepidermidis,88,1,1,2,1,2,1,7,
GCF_001070255.fna.gz,sepidermidis,2,7,1,2,2,4,1,1,
GCF_001070315.fna.gz,sepidermidis,69,1,18,6,2,2,1,1,
GCF_001070395.fna.gz,sepidermidis,5,1,1,1,2,2,1,1,
GCF_001070415.fna.gz,sepidermidis,184,16,1,2,1,2,1,1,
GCF_001070485.fna.gz,sepidermidis,17,1,1,6,2,2,1,1,
GCF_001070505.fna.gz,sepidermidis,17,1,1,6,2,2,1,1,
GCF_001070535.fna.gz,sepidermidis,17,1,1,6,2,2,1,1,
GCF_001070565.fna.gz,sepidermidis,327,1,1,2,1,4,1,1,
GCF_001070635.fna.gz,sepidermidis,59,2,1,1,1,2,1,1,
GCF_001070645.fna.gz,sepidermidis,2,7,1,2,2,4,1,1,
GCF_001070675.fna.gz,sepidermidis,1048,7,1,2,2,4,69,1,
GCF_001070695.fna.gz,sepidermidis,2,7,1,2,2,4,1,1,
GCF_001070735.fna.gz,sepidermidis,1048,7,1,2,2,4,69,1,
GCF_001071015.fna.gz,sepidermidis,2,7,1,2,2,4,1,1,
GCF_001071125.fna.gz,sepidermidis,2,7,1,2,2,4,1,1,
GCF_001071215.fna.gz,sepidermidis,7,1,1,1,2,4,1,1,
GCF_001071395.fna.gz,sepidermidis,73,1,5,2,6,2,1,6,
GCF_001071415.fna.gz,sepidermidis,2,7,1,2,2,4,1,1,
GCF_001071425.fna.gz,sepidermidis,2,7,1,2,2,4,1,1,
GCF_001071485.fna.gz,sepidermidis,1048,7,1,2,2,4,69,1,
GCF_001071495.fna.gz,sepidermidis,487,1,1,1,5,2,1,1,
GCF_001071515.fna.gz,sepidermidis,5,1,1,1,2,2,1,1,
GCF_001071565.fna.gz,sepidermidis,5,1,1,1,2,2,1,1,
GCF_001071635.fna.gz,sepidermidis,35,2,1,2,2,4,1,1,
GCF_001071645.fna.gz,sepidermidis,59,2,1,1,1,2,1,1,
GCF_001071665.fna.gz,sepidermidis,2,7,1,2,2,4,1,1,
GCF_001071795.fna.gz,sepidermidis,2,7,1,2,2,4,1,1,
GCF_001071885.fna.gz,sepidermidis,83,1,2,1,2,1,1,10,
GCF_001071895.fna.gz,sepidermidis,5,1,1,1,2,2,1,1,
GCF_001071935.fna.gz,sepidermidis,35,2,1,2,2,4,1,1,
GCF_001071955.fna.gz,sepidermidis,59,2,1,1,1,2,1,1,
GCF_001072005.fna.gz,sepidermidis,83,1,2,1,2,1,1,10,
GCF_001072055.fna.gz,sepidermidis,83,1,2,1,2,1,1,10,
GCF_001072065.fna.gz,sepidermidis,2,7,1,2,2,4,1,1,
GCF_001072135.fna.gz,sepidermidis,2,7,1,2,2,4,1,1,
GCF_001072235.fna.gz,sepidermidis,297,1,2,2,2,2,1,3,
GCF_001072245.fna.gz,sepidermidis,16,2,1,2,2,15,1,1,
GCF_001072495.fna.gz,sepidermidis,2,7,1,2,2,4,1,1,
GCF_001072555.fna.gz,sepidermidis,2,7,1,2,2,4,1,1,
GCF_001072575.fna.gz,sepidermidis,2,7,1,2,2,4,1,1,
GCF_001072595.fna.gz,sepidermidis,2,7,1,2,2,4,1,1,
GCF_001072685.fna.gz,sepidermidis,2,7,1,2,2,4,1,1,
GCF_001072715.fna.gz,sepidermidis,210,1,1,1,2,2,1,25,
GCF_001072775.fna.gz,sepidermidis,210,1,1,1,2,2,1,25,
GCF_001072795.fna.gz,sepidermidis,1048,7,1,2,2,4,69,1,
GCF_001072875.fna.gz,sepidermidis,2,7,1,2,2,4,1,1,
GCF_001072885.fna.gz,sepidermidis,2,7,1,2,2,4,1,1,
GCF_001072995.fna.gz,sepidermidis,2,7,1,2,2,4,1,1,
GCF_001073035.fna.gz,sepidermidis,2,7,1,2,2,4,1,1,
GCF_001073075.fna.gz,sepidermidis,16,2,1,2,2,15,1,1,
GCF_001073115.fna.gz,sepidermidis,16,2,1,2,2,15,1,1,
GCF_001073215.fna.gz,sepidermidis,2,7,1,2,2,4,1,1,
GCF_001073235.fna.gz,sepidermidis,2,7,1,2,2,4,1,1,
GCF_001073295.fna.gz,sepidermidis,2,7,1,2,2,4,1,1,
GCF_001073305.fna.gz,sepidermidis,2,7,1,2,2,4,1,1,
GCF_001073395.fna.gz,sepidermidis,1048,7,1,2,2,4,69,1,
GCF_001073435.fna.gz,sepidermidis,2,7,1,2,2,4,1,1,
GCF_001073465.fna.gz,sepidermidis,2,7,1,2,2,4,1,1,
GCF_001073485.fna.gz,sepidermidis,1048,7,1,2,2,4,69,1,
GCF_001073515.fna.gz,sepidermidis,73,1,5,2,6,2,1,6,
GCF_001073535.fna.gz,sepidermidis,2,7,1,2,2,4,1,1,
GCF_001073595.fna.gz,sepidermidis,2,7,1,2,2,4,1,1,
GCF_001073655.fna.gz,sepidermidis,2,7,1,2,2,4,1,1,
GCF_001073675.fna.gz,sepidermidis,631,1,53,2,1,2,1,7,
GCF_001073685.fna.gz,sepidermidis,60,1,1,2,6,2,1,16,
GCF_001073765.fna.gz,sepidermidis,5,1,1,1,2,2,1,1,
GCF_001073795.fna.gz,sepidermidis,59,2,1,1,1,2,1,1,
GCF_001073845.fna.gz,sepidermidis,2,7,1,2,2,4,1,1,
GCF_001073875.fna.gz,sepidermidis,218,1,1,2,6,2,16,1,
GCF_001073895.fna.gz,sepidermidis,2,7,1,2,2,4,1,1,
GCF_001073935.fna.gz,sepidermidis,2,7,1,2,2,4,1,1,
GCF_001073995.fna.gz,sepidermidis,487,1,1,1,5,2,1,1,
GCF_001074005.fna.gz,sepidermidis,new_alleles,7,1,2,2,~4,1,1,
GCF_001074075.fna.gz,sepidermidis,16,2,1,2,2,15,1,1,
GCF_001074105.fna.gz,sepidermidis,new_ST,34,48,5,5,10,16,21,
GCF_001074185.fna.gz,sepidermidis,2,7,1,2,2,4,1,1,
GCF_001074315.fna.gz,sepidermidis,2,7,1,2,2,4,1,1,
GCF_001074435.fna.gz,sepidermidis,847,73,1,2,2,4,1,1,
GCF_001074445.fna.gz,sepidermidis,2,7,1,2,2,4,1,1,
GCF_001074495.fna.gz,sepidermidis,2,7,1,2,2,4,1,1,
GCF_001074505.fna.gz,sepidermidis,847,73,1,2,2,4,1,1,
GCF_001074555.fna.gz,sepidermidis,5,1,1,1,2,2,1,1,
GCF_001074715.fna.gz,sepidermidis,2,7,1,2,2,4,1,1,
GCF_001074755.fna.gz,sepidermidis,2,7,1,2,2,4,1,1,
GCF_001074865.fna.gz,sepidermidis,59,2,1,1,1,2,1,1,
GCF_001074875.fna.gz,sepidermidis,2,7,1,2,2,4,1,1,
GCF_001074895.fna.gz,sepidermidis,2,7,1,2,2,4,1,1,
GCF_001074955.fna.gz,sepidermidis,2,7,1,2,2,4,1,1,
GCF_001075015.fna.gz,sepidermidis,5,1,1,1,2,2,1,1,
GCF_001075025.fna.gz,sepidermidis,723,1,62,9,5,6,1,8,
GCF_001075055.fna.gz,sepidermidis,847,73,1,2,2,4,1,1,
GCF_001075065.fna.gz,sepidermidis,2,7,1,2,2,4,1,1,
GCF_001075095.fna.gz,sepidermidis,73,1,5,2,6,2,1,6,
GCF_001075105.fna.gz,sepidermidis,2,7,1,2,2,4,1,1,
GCF_001075135.fna.gz,sepidermidis,2,7,1,2,2,4,1,1,
GCF_001075165.fna.gz,sepidermidis,7,1,1,1,2,4,1,1,
GCF_001075235.fna.gz,sepidermidis,5,1,1,1,2,2,1,1,
GCF_001075255.fna.gz,sepidermidis,130,1,1,1,2,1,1,1,
GCF_001075295.fna.gz,sepidermidis,130,1,1,1,2,1,1,1,
GCF_001075315.fna.gz,sepidermidis,5,1,1,1,2,2,1,1,
GCF_001075335.fna.gz,sepidermidis,2,7,1,2,2,4,1,1,
GCF_001075395.fna.gz,sepidermidis,5,1,1,1,2,2,1,1,
GCF_001075405.fna.gz,sepidermidis,5,1,1,1,2,2,1,1,
GCF_001075435.fna.gz,sepidermidis,69,1,18,6,2,2,1,1,
GCF_001075515.fna.gz,sepidermidis,520,1,1,2,1,1,1,33,
GCF_001075525.fna.gz,sepidermidis,5,1,1,1,2,2,1,1,
GCF_001075555.fna.gz,sepidermidis,83,1,2,1,2,1,1,10,
GCF_001075575.fna.gz,sepidermidis,83,1,2,1,2,1,1,10,
GCF_001075595.fna.gz,sepidermidis,69,1,18,6,2,2,1,1,
GCF_001075605.fna.gz,sepidermidis,69,1,18,6,2,2,1,1,
GCF_001075635.fna.gz,sepidermidis,130,1,1,1,2,1,1,1,
GCF_001075685.fna.gz,sepidermidis,5,1,1,1,2,2,1,1,
GCF_001075775.fna.gz,sepidermidis,59,2,1,1,1,2,1,1,
GCF_001075795.fna.gz,sepidermidis,22,7,1,2,2,4,7,1,
GCF_001075805.fna.gz,sepidermidis,22,7,1,2,2,4,7,1,
GCF_001075835.fna.gz,sepidermidis,2,7,1,2,2,4,1,1,
GCF_001075855.fna.gz,sepidermidis,2,7,1,2,2,4,1,1,
GCF_001075885.fna.gz,sepidermidis,2,7,1,2,2,4,1,1,
GCF_001075945.fna.gz,sepidermidis,2,7,1,2,2,4,1,1,
GCF_001075955.fna.gz,sepidermidis,1048,7,1,2,2,4,69,1,
GCF_001076005.fna.gz,sepidermidis,2,7,1,2,2,4,1,1,
GCF_001076045.fna.gz,sepidermidis,218,1,1,2,6,2,16,1,
GCF_001076185.fna.gz,sepidermidis,59,2,1,1,1,2,1,1,
GCF_001076235.fna.gz,sepidermidis,1048,7,1,2,2,4,69,1,
GCF_001076265.fna.gz,sepidermidis,59,2,1,1,1,2,1,1,
GCF_001076305.fna.gz,sepidermidis,83,1,2,1,2,1,1,10,
GCF_001076465.fna.gz,sepidermidis,5,1,1,1,2,2,1,1,
GCF_001076495.fna.gz,sepidermidis,5,1,1,1,2,2,1,1,
GCF_001076655.fna.gz,sepidermidis,new_alleles,~1,13,7,2,~2,1,29,
GCF_001077065.fna.gz,sepidermidis,847,73,1,2,2,4,1,1,
GCF_001077145.fna.gz,sepidermidis,2,7,1,2,2,4,1,1,
GCF_001412455.fna.gz,sepidermidis,5,1,1,1,2,2,1,1,
GCF_001431005.fna.gz,sepidermidis,329,12,29,9,8,6,5,8,
GCF_001457235.fna.gz,sepidermidis,184,16,1,2,1,2,1,1,
GCF_001465365.fna.gz,sepidermidis,836,72,48,16,5,63,19,11,
GCF_001465375.fna.gz,sepidermidis,836,72,48,16,5,63,19,11,
GCF_001465385.fna.gz,sepidermidis,836,72,48,16,5,63,19,11,
GCF_001465395.fna.gz,sepidermidis,836,72,48,16,5,63,19,11,
GCF_001469315.fna.gz,sepidermidis,73,1,5,2,6,2,1,6,
GCF_001469325.fna.gz,sepidermidis,73,1,5,2,6,2,1,6,
GCF_001469335.fna.gz,sepidermidis,170,25,19,17,4,23,10,2,
GCF_001473265.fna.gz,sepidermidis,20,1,1,2,2,1,1,3,
GCF_001476515.fna.gz,sepidermidis,1017,65,48,5,5,8,5,11,
GCF_001476525.fna.gz,sepidermidis,1017,65,48,5,5,8,5,11,
GCF_001476925.fna.gz,sepidermidis,1017,65,48,5,5,8,5,11,
GCF_001477325.fna.gz,sepidermidis,1017,65,48,5,5,8,5,11,
GCF_001511655.fna.gz,sepidermidis,1123,8,70,92,23,73,10,9,
GCF_001516785.fna.gz,sepidermidis,673,8,24,12,23,49,46,58,
GCF_001622445.fna.gz,sepidermidis,2,7,1,2,2,4,1,1,
GCF_001622455.fna.gz,sepidermidis,2,7,1,2,2,4,1,1,
GCF_001622485.fna.gz,sepidermidis,2,7,1,2,2,4,1,1,
GCF_001622495.fna.gz,sepidermidis,2,7,1,2,2,4,1,1,
GCF_001622525.fna.gz,sepidermidis,2,7,1,2,2,4,1,1,
GCF_001622545.fna.gz,sepidermidis,2,7,1,2,2,4,1,1,
GCF_001622555.fna.gz,sepidermidis,2,7,1,2,2,4,1,1,
GCF_001622575.fna.gz,sepidermidis,2,7,1,2,2,4,1,1,
GCF_001622605.fna.gz,sepidermidis,2,7,1,2,2,4,1,1,
GCF_001622625.fna.gz,sepidermidis,2,7,1,2,2,4,1,1,
GCF_001622635.fna.gz,sepidermidis,2,7,1,2,2,4,1,1,
GCF_001622665.fna.gz,sepidermidis,2,7,1,2,2,4,1,1,
GCF_001622685.fna.gz,sepidermidis,2,7,1,2,2,4,1,1,
GCF_001622695.fna.gz,sepidermidis,2,7,1,2,2,4,1,1,
GCF_001622705.fna.gz,sepidermidis,2,7,1,2,2,4,1,1,
GCF_001622715.fna.gz,sepidermidis,2,7,1,2,2,4,1,1,
GCF_001622755.fna.gz,sepidermidis,2,7,1,2,2,4,1,1,
GCF_001622785.fna.gz,sepidermidis,2,7,1,2,2,4,1,1,
GCF_001622805.fna.gz,sepidermidis,2,7,1,2,2,4,1,1,
GCF_001622825.fna.gz,sepidermidis,2,7,1,2,2,4,1,1,
GCF_001622835.fna.gz,sepidermidis,2,7,1,2,2,4,1,1,
GCF_001622865.fna.gz,sepidermidis,2,7,1,2,2,4,1,1,
GCF_001622875.fna.gz,sepidermidis,2,7,1,2,2,4,1,1,
GCF_001622905.fna.gz,sepidermidis,2,7,1,2,2,4,1,1,
GCF_001651265.fna.gz,sepidermidis,1049,8,85,45,4,29,6,13,
GCF_001658445.fna.gz,sepidermidis,5,1,1,1,2,2,1,1,
GCF_001658455.fna.gz,sepidermidis,5,1,1,1,2,2,1,1,
GCF_001658465.fna.gz,sepidermidis,59,2,1,1,1,2,1,1,
GCF_001658475.fna.gz,sepidermidis,5,1,1,1,2,2,1,1,
GCF_001658525.fna.gz,sepidermidis,5,1,1,1,2,2,1,1,
GCF_001658535.fna.gz,sepidermidis,5,1,1,1,2,2,1,1,
GCF_001658555.fna.gz,sepidermidis,5,1,1,1,2,2,1,1,
GCF_001658565.fna.gz,sepidermidis,59,2,1,1,1,2,1,1,
GCF_001658605.fna.gz,sepidermidis,59,2,1,1,1,2,1,1,
GCF_001658625.fna.gz,sepidermidis,-,7,1,-,2,4,1,1,
GCF_001658635.fna.gz,sepidermidis,2,7,1,2,2,4,1,1,
GCF_001658645.fna.gz,sepidermidis,2,7,1,2,2,4,1,1,
GCF_001658705.fna.gz,sepidermidis,2,7,1,2,2,4,1,1,
GCF_001658715.fna.gz,sepidermidis,2,7,1,2,2,4,1,1,
GCF_001658725.fna.gz,sepidermidis,2,7,1,2,2,4,1,1,
GCF_001658785.fna.gz,sepidermidis,2,7,1,2,2,4,1,1,
GCF_001658805.fna.gz,sepidermidis,2,7,1,2,2,4,1,1,
GCF_001658815.fna.gz,sepidermidis,2,7,1,2,2,4,1,1,
GCF_001658865.fna.gz,sepidermidis,2,7,1,2,2,4,1,1,
GCF_001658885.fna.gz,sepidermidis,2,7,1,2,2,4,1,1,
GCF_001658895.fna.gz,sepidermidis,2,7,1,2,2,4,1,1,
GCF_001658905.fna.gz,sepidermidis,2,7,1,2,2,4,1,1,
GCF_001658945.fna.gz,sepidermidis,2,7,1,2,2,4,1,1,
GCF_001658985.fna.gz,sepidermidis,2,7,1,2,2,4,1,1,
GCF_001658995.fna.gz,sepidermidis,2,7,1,2,2,4,1,1,
GCF_001659025.fna.gz,sepidermidis,2,7,1,2,2,4,1,1,
GCF_001659045.fna.gz,sepidermidis,1050,7,1,2,53,4,1,1,
GCF_001659065.fna.gz,sepidermidis,2,7,1,2,2,4,1,1,
GCF_001659075.fna.gz,sepidermidis,2,7,1,2,2,4,1,1,
GCF_001659105.fna.gz,sepidermidis,2,7,1,2,2,4,1,1,
GCF_001659125.fna.gz,sepidermidis,2,7,1,2,2,4,1,1,
GCF_001659145.fna.gz,sepidermidis,2,7,1,2,2,4,1,1,
GCF_001659165.fna.gz,sepidermidis,2,7,1,2,2,4,1,1,
GCF_001659185.fna.gz,sepidermidis,2,7,1,2,2,4,1,1,
GCF_001659205.fna.gz,sepidermidis,2,7,1,2,2,4,1,1,
GCF_001659225.fna.gz,sepidermidis,2,7,1,2,2,4,1,1,
GCF_001659235.fna.gz,sepidermidis,2,7,1,2,2,4,1,1,
GCF_001659245.fna.gz,sepidermidis,2,7,1,2,2,4,1,1,
GCF_001659255.fna.gz,sepidermidis,5,1,1,1,2,2,1,1,
GCF_001659305.fna.gz,sepidermidis,2,7,1,2,2,4,1,1,
GCF_001659315.fna.gz,sepidermidis,2,7,1,2,2,4,1,1,
GCF_001659345.fna.gz,sepidermidis,2,7,1,2,2,4,1,1,
GCF_001659355.fna.gz,sepidermidis,5,1,1,1,2,2,1,1,
GCF_001659395.fna.gz,sepidermidis,5,1,1,1,2,2,1,1,
GCF_001659425.fna.gz,sepidermidis,5,1,1,1,2,2,1,1,
GCF_001659475.fna.gz,sepidermidis,59,2,1,1,1,2,1,1,
GCF_001659505.fna.gz,sepidermidis,59,2,1,1,1,2,1,1,
GCF_001659515.fna.gz,sepidermidis,59,2,1,1,1,2,1,1,
GCF_001662145.fna.gz,sepidermidis,2,7,1,2,2,4,1,1,
GCF_001662155.fna.gz,sepidermidis,2,7,1,2,2,4,1,1,
GCF_001662165.fna.gz,sepidermidis,2,7,1,2,2,4,1,1,
GCF_001662175.fna.gz,sepidermidis,2,7,1,2,2,4,1,1,
GCF_001662225.fna.gz,sepidermidis,2,7,1,2,2,4,1,1,
GCF_001662985.fna.gz,sepidermidis,2,7,1,2,2,4,1,1,
GCF_001663015.fna.gz,sepidermidis,2,7,1,2,2,4,1,1,
GCF_001663025.fna.gz,sepidermidis,2,7,1,2,2,4,1,1,
GCF_001683645.fna.gz,sepidermidis,5,1,1,1,2,2,1,1,
GCF_001956655.fna.gz,sepidermidis,1018,49,29,9,30,7,5,56,
GCF_001999745.fna.gz,sepidermidis,8,2,1,7,1,1,1,1,
GCF_002085695.fna.gz,sepidermidis,86,1,2,2,1,1,1,1,
GCF_002087975.fna.gz,sepidermidis,5,1,1,1,2,2,1,1,
GCF_002156425.fna.gz,sepidermidis,2,7,1,2,2,4,1,1,
GCF_002215535.fna.gz,sepidermidis,679,3,29,16,5,11,4,4,
GCF_002221835.fna.gz,sepidermidis,290,12,29,5,5,11,4,4,
GCF_002221915.fna.gz,sepidermidis,1051,1,86,1,2,2,1,1,
GCF_002221945.fna.gz,sepidermidis,22,7,1,2,2,4,7,1,
GCF_002271435.fna.gz,sepidermidis,73,1,5,2,6,2,1,6,
GCF_002288605.fna.gz,sepidermidis,-,2,1,1,1,2,-,1,
GCF_002417645.fna.gz,sepidermidis,351,1,2,6,2,1,1,10,
GCF_002749455.fna.gz,sepidermidis,new_ST,28,22,13,4,3,4,56,
GCF_002749515.fna.gz,sepidermidis,new_ST,65,3,5,5,3,22,45,
GCF_002750015.fna.gz,sepidermidis,7,1,1,1,2,4,1,1,
GCF_002750025.fna.gz,sepidermidis,846,12,29,5,5,3,33,11,
GCF_002750035.fna.gz,sepidermidis,2,7,1,2,2,4,1,1,
GCF_002750045.fna.gz,sepidermidis,130,1,1,1,2,1,1,1,
GCF_002750095.fna.gz,sepidermidis,101,1,1,2,5,2,1,1,
GCF_002750115.fna.gz,sepidermidis,83,1,2,1,2,1,1,10,
GCF_002750125.fna.gz,sepidermidis,2,7,1,2,2,4,1,1,
GCF_002750145.fna.gz,sepidermidis,2,7,1,2,2,4,1,1,
GCF_002750175.fna.gz,sepidermidis,2,7,1,2,2,4,1,1,
GCF_002750185.fna.gz,sepidermidis,88,1,1,2,1,2,1,7,
GCF_002750215.fna.gz,sepidermidis,2,7,1,2,2,4,1,1,
GCF_002750225.fna.gz,sepidermidis,2,7,1,2,2,4,1,1,
GCF_002750255.fna.gz,sepidermidis,2,7,1,2,2,4,1,1,
GCF_002750265.fna.gz,sepidermidis,290,12,29,5,5,11,4,4,
GCF_002750305.fna.gz,sepidermidis,59,2,1,1,1,2,1,1,
GCF_002750335.fna.gz,sepidermidis,2,7,1,2,2,4,1,1,
GCF_002750345.fna.gz,sepidermidis,2,7,1,2,2,4,1,1,
GCF_002750355.fna.gz,sepidermidis,2,7,1,2,2,4,1,1,
GCF_002750395.fna.gz,sepidermidis,2,7,1,2,2,4,1,1,
GCF_002752825.fna.gz,sepidermidis,358,1,1,7,1,3,30,14,
GCF_002752835.fna.gz,sepidermidis,5,1,1,1,2,2,1,1,
GCF_002799485.fna.gz,sepidermidis,2,7,1,2,2,4,1,1,
GCF_002799505.fna.gz,sepidermidis,2,7,1,2,2,4,1,1,
GCF_002799565.fna.gz,sepidermidis,2,7,1,2,2,4,1,1,
GCF_002835575.fna.gz,sepidermidis,22,7,1,2,2,4,7,1,
GCF_002850315.fna.gz,sepidermidis,2,7,1,2,2,4,1,1,
GCF_002901875.fna.gz,sepidermidis,5,1,1,1,2,2,1,1,
GCF_002944995.fna.gz,sepidermidis,5,1,1,1,2,2,1,1,
GCF_002954055.fna.gz,sepidermidis,20,1,1,2,2,1,1,3,
GCF_003035185.fna.gz,sepidermidis,2,7,1,2,2,4,1,1,
GCF_003035205.fna.gz,sepidermidis,100,2,1,1,2,20,1,1,
GCF_003035225.fna.gz,sepidermidis,new_alleles,1,1,2,2,1,1,~3,
GCF_003035245.fna.gz,sepidermidis,59,2,1,1,1,2,1,1,
GCF_003035275.fna.gz,sepidermidis,297,1,2,2,2,2,1,3,
GCF_003035305.fna.gz,sepidermidis,new_alleles,1,1,2,6,2,~16,7,
GCF_003035325.fna.gz,sepidermidis,100,2,1,1,2,20,1,1,
GCF_003035345.fna.gz,sepidermidis,57,1,1,1,1,2,1,1,
GCF_003035365.fna.gz,sepidermidis,2,7,1,2,2,4,1,1,
GCF_003035385.fna.gz,sepidermidis,1053,2,1,1,54,20,1,1,
GCF_003035405.fna.gz,sepidermidis,100,2,1,1,2,20,1,1,
GCF_003035425.fna.gz,sepidermidis,1053,2,1,1,54,20,1,1,
GCF_003035645.fna.gz,sepidermidis,100,2,1,1,2,20,1,1,
GCF_003035685.fna.gz,sepidermidis,59,2,1,1,1,2,1,1,
GCF_003035705.fna.gz,sepidermidis,570,1,1,2,6,2,16,7,
GCF_003035745.fna.gz,sepidermidis,570,1,1,2,6,2,16,7,
GCF_003038655.fna.gz,sepidermidis,23,7,1,2,1,3,3,1,
GCF_003086175.fna.gz,sepidermidis,59,2,1,1,1,2,1,1,
GCF_003119275.fna.gz,sepidermidis,769,1,1,2,1,2,1,45,
GCF_003325735.fna.gz,sepidermidis,297,1,2,2,2,2,1,3,
GCF_003384245.fna.gz,sepidermidis,59,2,1,1,1,2,1,1,
GCF_003426645.fna.gz,sepidermidis,59,2,1,1,1,2,1,1,
GCF_003577745.fna.gz,sepidermidis,100,2,1,1,2,20,1,1,
GCF_003577775.fna.gz,sepidermidis,new_ST,3,44,5,5,7,5,11,
GCF_003577785.fna.gz,sepidermidis,2,7,1,2,2,4,1,1,
GCF_003577825.fna.gz,sepidermidis,new_alleles,2,1,1,2,~20,1,1,
GCF_003577845.fna.gz,sepidermidis,57,1,1,1,1,2,1,1,
GCF_003577865.fna.gz,sepidermidis,-,7,1,-,2,4,1,1,
GCF_003578045.fna.gz,sepidermidis,100,2,1,1,2,20,1,1,
GCF_003578055.fna.gz,sepidermidis,59,2,1,1,1,2,1,1,
GCF_003578065.fna.gz,sepidermidis,100,2,1,1,2,20,1,1,
GCF_003687015.fna.gz,sepidermidis,2,7,1,2,2,4,1,1,
GCF_003687035.fna.gz,sepidermidis,2,7,1,2,2,4,1,1,
GCF_003687055.fna.gz,sepidermidis,130,1,1,1,2,1,1,1,
GCF_003687085.fna.gz,sepidermidis,2,7,1,2,2,4,1,1,
GCF_003687255.fna.gz,sepidermidis,2,7,1,2,2,4,1,1,
GCF_003687275.fna.gz,sepidermidis,2,7,1,2,2,4,1,1,
GCF_003687295.fna.gz,sepidermidis,2,7,1,2,2,4,1,1,
GCF_003687365.fna.gz,sepidermidis,2,7,1,2,2,4,1,1,
GCF_003687395.fna.gz,sepidermidis,2,7,1,2,2,4,1,1,
GCF_003725355.fna.gz,sepidermidis,1019,3,29,5,5,11,4,4,
GCF_003812425.fna.gz,sepidermidis,924,12,29,5,5,3,33,4,
GCF_003856395.fna.gz,sepidermidis,20,1,1,2,2,1,1,3,
GCF_003856455.fna.gz,sepidermidis,20,1,1,2,2,1,1,3,
GCF_003859985.fna.gz,sepidermidis,130,1,1,1,2,1,1,1,
GCF_003860105.fna.gz,sepidermidis,2,7,1,2,2,4,1,1,
GCF_003956755.fna.gz,sepidermidis,691,28,41,5,5,38,34,4,
GCF_003956765.fna.gz,sepidermidis,691,28,41,5,5,38,34,4,
GCF_003956775.fna.gz,sepidermidis,-,28,41,5,5,38,-,4,
GCF_003956785.fna.gz,sepidermidis,691,28,41,5,5,38,34,4,
GCF_003956805.fna.gz,sepidermidis,691,28,41,5,5,38,34,4,
GCF_003956855.fna.gz,sepidermidis,691,28,41,5,5,38,34,4,
GCF_003956865.fna.gz,sepidermidis,691,28,41,5,5,38,34,4,
GCF_003956875.fna.gz,sepidermidis,691,28,41,5,5,38,34,4,
GCF_003956885.fna.gz,sepidermidis,691,28,41,5,5,38,34,4,
GCF_003956905.fna.gz,sepidermidis,-,28,41,-,5,38,34,4,
GCF_003956955.fna.gz,sepidermidis,691,28,41,5,5,38,34,4,
GCF_003956965.fna.gz,sepidermidis,691,28,41,5,5,38,34,4,
GCF_003956975.fna.gz,sepidermidis,691,28,41,5,5,38,34,4,
GCF_003956995.fna.gz,sepidermidis,691,28,41,5,5,38,34,4,
GCF_003957035.fna.gz,sepidermidis,691,28,41,5,5,38,34,4,
GCF_003979615.fna.gz,sepidermidis,171,25,19,17,4,9,10,2,
GCF_003979655.fna.gz,sepidermidis,59,2,1,1,1,2,1,1,
GCF_003979695.fna.gz,sepidermidis,59,2,1,1,1,2,1,1,
GCF_003979705.fna.gz,sepidermidis,59,2,1,1,1,2,1,1,
GCF_003979715.fna.gz,sepidermidis,-,2,1,-,1,2,1,1,
GCF_003979775.fna.gz,sepidermidis,691,28,41,5,5,38,34,4,
GCF_003979795.fna.gz,sepidermidis,691,28,41,5,5,38,34,4,
GCF_003979805.fna.gz,sepidermidis,691,28,41,5,5,38,34,4,
GCF_003979825.fna.gz,sepidermidis,691,28,41,5,5,38,34,4,
GCF_003979855.fna.gz,sepidermidis,691,28,41,5,5,38,34,4,
GCF_003979865.fna.gz,sepidermidis,691,28,41,5,5,38,34,4,
GCF_003979875.fna.gz,sepidermidis,691,28,41,5,5,38,34,4,
GCF_003979885.fna.gz,sepidermidis,384,1,1,22,2,2,1,25,
GCF_003979905.fna.gz,sepidermidis,691,28,41,5,5,38,34,4,
GCF_003979955.fna.gz,sepidermidis,691,28,41,5,5,38,34,4,
GCF_003979965.fna.gz,sepidermidis,691,28,41,5,5,38,34,4,
GCF_003979975.fna.gz,sepidermidis,384,1,1,22,2,2,1,25,
GCF_003979985.fna.gz,sepidermidis,384,1,1,22,2,2,1,25,
GCF_003980005.fna.gz,sepidermidis,691,28,41,5,5,38,34,4,
GCF_003980055.fna.gz,sepidermidis,691,28,41,5,5,38,34,4,
GCF_003980075.fna.gz,sepidermidis,691,28,41,5,5,38,34,4,
GCF_003980085.fna.gz,sepidermidis,-,28,41,-,5,38,34,4,
GCF_003980095.fna.gz,sepidermidis,691,28,41,5,5,38,34,4,
GCF_003980105.fna.gz,sepidermidis,691,28,41,5,5,38,34,4,
GCF_003980155.fna.gz,sepidermidis,384,1,1,22,2,2,1,25,
GCF_003980175.fna.gz,sepidermidis,384,1,1,22,2,2,1,25,
GCF_003980185.fna.gz,sepidermidis,new_ST,1,1,22,2,1,1,25,
GCF_003980195.fna.gz,sepidermidis,384,1,1,22,2,2,1,25,
GCF_003980205.fna.gz,sepidermidis,691,28,41,5,5,38,34,4,
GCF_003980255.fna.gz,sepidermidis,691,28,41,5,5,38,34,4,
GCF_003980275.fna.gz,sepidermidis,-,28,41,5,5,38,-,4,
GCF_003980285.fna.gz,sepidermidis,691,28,41,5,5,38,34,4,
GCF_004323055.fna.gz,sepidermidis,87,7,1,1,2,2,1,1,
GCF_004323075.fna.gz,sepidermidis,5,1,1,1,2,2,1,1,
GCF_004323085.fna.gz,sepidermidis,5,1,1,1,2,2,1,1,
GCF_004329085.fna.gz,sepidermidis,86,1,2,2,1,1,1,1,
GCF_004329135.fna.gz,sepidermidis,130,1,1,1,2,1,1,1,
GCF_004329455.fna.gz,sepidermidis,115,1,1,2,1,2,1,6,
GCF_004329475.fna.gz,sepidermidis,115,1,1,2,1,2,1,6,
GCF_004374765.fna.gz,sepidermidis,1054,2,1,2,2,4,70,1,
GCF_004374775.fna.gz,sepidermidis,23,7,1,2,1,3,3,1,
GCF_004374795.fna.gz,sepidermidis,2,7,1,2,2,4,1,1,
GCF_004374805.fna.gz,sepidermidis,2,7,1,2,2,4,1,1,
GCF_004374835.fna.gz,sepidermidis,2,7,1,2,2,4,1,1,
GCF_004374865.fna.gz,sepidermidis,2,7,1,2,2,4,1,1,
GCF_004374875.fna.gz,sepidermidis,81,2,17,1,1,2,1,1,
GCF_004374885.fna.gz,sepidermidis,5,1,1,1,2,2,1,1,
GCF_004374915.fna.gz,sepidermidis,2,7,1,2,2,4,1,1,
GCF_004374925.fna.gz,sepidermidis,5,1,1,1,2,2,1,1,
GCF_004374965.fna.gz,sepidermidis,5,1,1,1,2,2,1,1,
GCF_004374975.fna.gz,sepidermidis,23,7,1,2,1,3,3,1,
GCF_004374995.fna.gz,sepidermidis,59,2,1,1,1,2,1,1,
GCF_004375005.fna.gz,sepidermidis,new_alleles,65,48,5,5,8,5,~11,
GCF_004375015.fna.gz,sepidermidis,23,7,1,2,1,3,3,1,
GCF_004375065.fna.gz,sepidermidis,59,2,1,1,1,2,1,1,
GCF_004376155.fna.gz,sepidermidis,89,1,1,2,1,2,1,1,
GCF_004920265.fna.gz,sepidermidis,871,24,22,6,4,29,56,13,
GCF_005760475.fna.gz,sepidermidis,59,2,1,1,1,2,1,1,
GCF_005760495.fna.gz,sepidermidis,83,1,2,1,2,1,1,10,
GCF_006094375.fna.gz,sepidermidis,5,1,1,1,2,2,1,1,
GCF_006151885.fna.gz,sepidermidis,73,1,5,2,6,2,1,6,
GCF_006337185.fna.gz,sepidermidis,87,7,1,1,2,2,1,1,
GCF_006337205.fna.gz,sepidermidis,23,7,1,2,1,3,3,1,
GCF_006337225.fna.gz,sepidermidis,87,7,1,1,2,2,1,1,
GCF_006742205.fna.gz,sepidermidis,5,1,1,1,2,2,1,1,
GCF_007665715.fna.gz,sepidermidis,329,12,29,9,8,6,5,8,
GCF_007665785.fna.gz,sepidermidis,1010,30,29,9,8,6,5,8,
GCF_007665825.fna.gz,sepidermidis,35,2,1,2,2,4,1,1,
GCF_007666105.fna.gz,sepidermidis,57,1,1,1,1,2,1,1,
GCF_007666125.fna.gz,sepidermidis,57,1,1,1,1,2,1,1,
GCF_007666195.fna.gz,sepidermidis,14,1,1,2,1,1,1,1,
GCF_007666305.fna.gz,sepidermidis,256,1,1,2,6,2,1,33,
GCF_007666345.fna.gz,sepidermidis,81,2,17,1,1,2,1,1,
GCF_007666395.fna.gz,sepidermidis,1025,12,48,5,5,13,5,21,
GCF_007666445.fna.gz,sepidermidis,878,8,24,4,4,9,57,68,
GCF_007666585.fna.gz,sepidermidis,14,1,1,2,1,1,1,1,
GCF_007666595.fna.gz,sepidermidis,329,12,29,9,8,6,5,8,
GCF_007666645.fna.gz,sepidermidis,878,8,24,4,4,9,57,68,
GCF_007666715.fna.gz,sepidermidis,329,12,29,9,8,6,5,8,
GCF_007666855.fna.gz,sepidermidis,130,1,1,1,2,1,1,1,
GCF_007666885.fna.gz,sepidermidis,520,1,1,2,1,1,1,33,
GCF_007666895.fna.gz,sepidermidis,256,1,1,2,6,2,1,33,
GCF_007666905.fna.gz,sepidermidis,878,8,24,4,4,9,57,68,
GCF_007666985.fna.gz,sepidermidis,878,8,24,4,4,9,57,68,
GCF_007667095.fna.gz,sepidermidis,new_alleles,12,29,~9,8,6,5,8,
GCF_007667145.fna.gz,sepidermidis,329,12,29,9,8,6,5,8,
GCF_007667225.fna.gz,sepidermidis,new_alleles,12,29,9,8,6,~5,8,
GCF_007667235.fna.gz,sepidermidis,new_alleles,12,29,~9,8,6,5,8,
GCF_007667255.fna.gz,sepidermidis,16,2,1,2,2,15,1,1,
GCF_007667315.fna.gz,sepidermidis,329,12,29,9,8,6,5,8,
GCF_007667525.fna.gz,sepidermidis,57,1,1,1,1,2,1,1,
GCF_007667545.fna.gz,sepidermidis,57,1,1,1,1,2,1,1,
GCF_007667755.fna.gz,sepidermidis,297,1,2,2,2,2,1,3,
GCF_007667855.fna.gz,sepidermidis,new_alleles,1,5,2,6,~2,1,6,
GCF_007668135.fna.gz,sepidermidis,256,1,1,2,6,2,1,33,
GCF_007672405.fna.gz,sepidermidis,new_ST,12,29,8,5,11,4,56,
GCF_007672455.fna.gz,sepidermidis,54,1,1,2,2,4,1,1,
GCF_007672775.fna.gz,sepidermidis,73,1,5,2,6,2,1,6,
GCF_007672815.fna.gz,sepidermidis,256,1,1,2,6,2,1,33,
GCF_007672825.fna.gz,sepidermidis,new_alleles,30,44,5,5,11,~5,4,
GCF_007672855.fna.gz,sepidermidis,14,1,1,2,1,1,1,1,
GCF_007672915.fna.gz,sepidermidis,203,3,16,9,5,3,4,5,
GCF_007672965.fna.gz,sepidermidis,73,1,5,2,6,2,1,6,
GCF_007673315.fna.gz,sepidermidis,57,1,1,1,1,2,1,1,
GCF_007673495.fna.gz,sepidermidis,new_alleles,~12,29,9,8,6,5,8,
GCF_007673505.fna.gz,sepidermidis,208,3,3,13,5,7,4,4,
GCF_007673555.fna.gz,sepidermidis,328,12,29,5,5,7,5,4,
GCF_007673575.fna.gz,sepidermidis,16,2,1,2,2,15,1,1,
GCF_007673625.fna.gz,sepidermidis,16,2,1,2,2,15,1,1,
GCF_007673635.fna.gz,sepidermidis,16,2,1,2,2,15,1,1,
GCF_007673825.fna.gz,sepidermidis,487,1,1,1,5,2,1,1,
GCF_007673845.fna.gz,sepidermidis,57,1,1,1,1,2,1,1,
GCF_007673895.fna.gz,sepidermidis,487,1,1,1,5,2,1,1,
GCF_007673995.fna.gz,sepidermidis,487,1,1,1,5,2,1,1,
GCF_007674005.fna.gz,sepidermidis,57,1,1,1,1,2,1,1,
GCF_007674085.fna.gz,sepidermidis,869,65,3,74,5,8,22,11,
GCF_007674185.fna.gz,sepidermidis,5,1,1,1,2,2,1,1,
GCF_007676715.fna.gz,sepidermidis,559,12,44,5,5,3,4,20,
GCF_007677005.fna.gz,sepidermidis,130,1,1,1,2,1,1,1,
GCF_007677025.fna.gz,sepidermidis,130,1,1,1,2,1,1,1,
GCF_007677215.fna.gz,sepidermidis,2,7,1,2,2,4,1,1,
GCF_007677235.fna.gz,sepidermidis,278,1,1,1,1,1,1,14,
GCF_007677245.fna.gz,sepidermidis,35,2,1,2,2,4,1,1,
GCF_007677255.fna.gz,sepidermidis,73,1,5,2,6,2,1,6,
GCF_007677315.fna.gz,sepidermidis,329,12,29,9,8,6,5,8,
GCF_007677575.fna.gz,sepidermidis,57,1,1,1,1,2,1,1,
GCF_007677635.fna.gz,sepidermidis,73,1,5,2,6,2,1,6,
GCF_007677655.fna.gz,sepidermidis,86,1,2,2,1,1,1,1,
GCF_007678005.fna.gz,sepidermidis,22,7,1,2,2,4,7,1,
GCF_007678095.fna.gz,sepidermidis,new_alleles,1,~1,1,2,1,1,1,
GCF_007678155.fna.gz,sepidermidis,new_alleles,8,7,12,4,12,~46,2,
GCF_007678185.fna.gz,sepidermidis,967,1,19,17,4,9,65,2,
GCF_007678235.fna.gz,sepidermidis,329,12,29,9,8,6,5,8,
GCF_007678315.fna.gz,sepidermidis,new_alleles,1,2,~2,1,1,1,1,
GCF_007678355.fna.gz,sepidermidis,323,1,1,7,6,2,1,41,
GCF_007678415.fna.gz,sepidermidis,986,1,1,1,2,2,1,22,
GCF_007678685.fna.gz,sepidermidis,16,2,1,2,2,15,1,1,
GCF_007678735.fna.gz,sepidermidis,173,1,6,6,1,2,1,10,
GCF_007678985.fna.gz,sepidermidis,89,1,1,2,1,2,1,1,
GCF_007679125.fna.gz,sepidermidis,884,3,29,5,5,7,4,4,
GCF_007679405.fna.gz,sepidermidis,16,2,1,2,2,15,1,1,
GCF_008726255.fna.gz,sepidermidis,7,1,1,1,2,4,1,1,
GCF_008726465.fna.gz,sepidermidis,88,1,1,2,1,2,1,7,
GCF_008726735.fna.gz,sepidermidis,1020,2,1,1,2,2,1,7,
GCF_008726775.fna.gz,sepidermidis,167,1,6,1,6,2,1,22,
GCF_008726905.fna.gz,sepidermidis,32,1,1,7,1,3,5,14,
GCF_008727015.fna.gz,sepidermidis,32,1,1,7,1,3,5,14,
GCF_008728125.fna.gz,sepidermidis,984,28,29,5,5,3,4,4,
GCF_008868245.fna.gz,sepidermidis,8,2,1,7,1,1,1,1,
GCF_008922045.fna.gz,sepidermidis,2,7,1,2,2,4,1,1,
GCF_008922095.fna.gz,sepidermidis,48,7,1,2,2,4,1,4,
GCF_008922115.fna.gz,sepidermidis,2,7,1,2,2,4,1,1,
GCF_008922155.fna.gz,sepidermidis,1021,1,1,3,1,2,5,29,
GCF_008922165.fna.gz,sepidermidis,2,7,1,2,2,4,1,1,
GCF_008922175.fna.gz,sepidermidis,204,2,1,2,6,2,1,7,
GCF_008922205.fna.gz,sepidermidis,2,7,1,2,2,4,1,1,
GCF_008922245.fna.gz,sepidermidis,19,8,7,12,4,12,2,2,
GCF_008922265.fna.gz,sepidermidis,2,7,1,2,2,4,1,1,
GCF_008922285.fna.gz,sepidermidis,2,7,1,2,2,4,1,1,
GCF_008922315.fna.gz,sepidermidis,2,7,1,2,2,4,1,1,
GCF_008922345.fna.gz,sepidermidis,83,1,2,1,2,1,1,10,
GCF_008922365.fna.gz,sepidermidis,2,7,1,2,2,4,1,1,
GCF_008922375.fna.gz,sepidermidis,5,1,1,1,2,2,1,1,
GCF_008922385.fna.gz,sepidermidis,2,7,1,2,2,4,1,1,
GCF_008922415.fna.gz,sepidermidis,5,1,1,1,2,2,1,1,
GCF_008922445.fna.gz,sepidermidis,2,7,1,2,2,4,1,1,
GCF_008922455.fna.gz,sepidermidis,559,12,44,5,5,3,4,20,
GCF_008922485.fna.gz,sepidermidis,48,7,1,2,2,4,1,4,
GCF_008922505.fna.gz,sepidermidis,48,7,1,2,2,4,1,4,
GCF_008922525.fna.gz,sepidermidis,2,7,1,2,2,4,1,1,
GCF_008922545.fna.gz,sepidermidis,2,7,1,2,2,4,1,1,
GCF_008922555.fna.gz,sepidermidis,2,7,1,2,2,4,1,1,
GCF_008922565.fna.gz,sepidermidis,2,7,1,2,2,4,1,1,
GCF_008922605.fna.gz,sepidermidis,2,7,1,2,2,4,1,1,
GCF_008922615.fna.gz,sepidermidis,2,7,1,2,2,4,1,1,
GCF_008922645.fna.gz,sepidermidis,2,7,1,2,2,4,1,1,
GCF_008922655.fna.gz,sepidermidis,2,7,1,2,2,4,1,1,
GCF_008922665.fna.gz,sepidermidis,915,1,1,2,2,4,1,3,
GCF_008922695.fna.gz,sepidermidis,2,7,1,2,2,4,1,1,
GCF_008922725.fna.gz,sepidermidis,2,7,1,2,2,4,1,1,
GCF_008922745.fna.gz,sepidermidis,2,7,1,2,2,4,1,1,
GCF_008922755.fna.gz,sepidermidis,210,1,1,1,2,2,1,25,
GCF_008922785.fna.gz,sepidermidis,73,1,5,2,6,2,1,6,
GCF_008922795.fna.gz,sepidermidis,2,7,1,2,2,4,1,1,
GCF_008922805.fna.gz,sepidermidis,1022,1,19,2,37,9,10,2,
GCF_008922845.fna.gz,sepidermidis,210,1,1,1,2,2,1,25,
GCF_008922855.fna.gz,sepidermidis,54,1,1,2,2,4,1,1,
GCF_008922885.fna.gz,sepidermidis,2,7,1,2,2,4,1,1,
GCF_008922895.fna.gz,sepidermidis,2,7,1,2,2,4,1,1,
GCF_008922925.fna.gz,sepidermidis,2,7,1,2,2,4,1,1,
GCF_008922945.fna.gz,sepidermidis,528,1,1,7,2,2,1,29,
GCF_008922955.fna.gz,sepidermidis,2,7,1,2,2,4,1,1,
GCF_008922985.fna.gz,sepidermidis,23,7,1,2,1,3,3,1,
GCF_008922995.fna.gz,sepidermidis,2,7,1,2,2,4,1,1,
GCF_008923005.fna.gz,sepidermidis,2,7,1,2,2,4,1,1,
GCF_008923045.fna.gz,sepidermidis,5,1,1,1,2,2,1,1,
GCF_008923065.fna.gz,sepidermidis,5,1,1,1,2,2,1,1,
GCF_008923075.fna.gz,sepidermidis,59,2,1,1,1,2,1,1,
GCF_008923085.fna.gz,sepidermidis,48,7,1,2,2,4,1,4,
GCF_008923125.fna.gz,sepidermidis,35,2,1,2,2,4,1,1,
GCF_008923145.fna.gz,sepidermidis,2,7,1,2,2,4,1,1,
GCF_009026045.fna.gz,sepidermidis,2,7,1,2,2,4,1,1,
GCF_009026065.fna.gz,sepidermidis,54,1,1,2,2,4,1,1,
GCF_009026095.fna.gz,sepidermidis,210,1,1,1,2,2,1,25,
GCF_009648365.fna.gz,sepidermidis,59,2,1,1,1,2,1,1,
GCF_009663955.fna.gz,sepidermidis,307,2,1,3,2,4,1,7,
GCF_009685135.fna.gz,sepidermidis,2,7,1,2,2,4,1,1,
GCF_009757155.fna.gz,sepidermidis,88,1,1,2,1,2,1,7,
GCF_009757165.fna.gz,sepidermidis,5,1,1,1,2,2,1,1,
GCF_009757185.fna.gz,sepidermidis,5,1,1,1,2,2,1,1,
GCF_009765515.fna.gz,sepidermidis,1012,1,62,9,5,1,1,8,
GCF_009769015.fna.gz,sepidermidis,198,7,1,6,2,2,1,1,
GCF_009769125.fna.gz,sepidermidis,673,8,24,12,23,49,46,58,
GCF_009873455.fna.gz,sepidermidis,8,2,1,7,1,1,1,1,
GCF_009896645.fna.gz,sepidermidis,5,1,1,1,2,2,1,1,
GCF_009896875.fna.gz,sepidermidis,1056,12,29,9,5,68,5,8,
GCF_009896905.fna.gz,sepidermidis,1057,2,1,85,2,4,1,1,
GCF_009896915.fna.gz,sepidermidis,225,1,13,7,2,2,1,29,
GCF_009896965.fna.gz,sepidermidis,6,1,1,2,2,2,1,1,
GCF_009896975.fna.gz,sepidermidis,6,1,1,2,2,2,1,1,
GCF_009897005.fna.gz,sepidermidis,490,8,30,17,23,9,6,9,
GCF_009897025.fna.gz,sepidermidis,6,1,1,2,2,2,1,1,
GCF_009897035.fna.gz,sepidermidis,307,2,1,3,2,4,1,7,
GCF_009897065.fna.gz,sepidermidis,35,2,1,2,2,4,1,1,
GCF_009897075.fna.gz,sepidermidis,307,2,1,3,2,4,1,7,
GCF_009897085.fna.gz,sepidermidis,54,1,1,2,2,4,1,1,
GCF_009897125.fna.gz,sepidermidis,307,2,1,3,2,4,1,7,
GCF_009897145.fna.gz,sepidermidis,5,1,1,1,2,2,1,1,
GCF_009897165.fna.gz,sepidermidis,5,1,1,1,2,2,1,1,
GCF_009897185.fna.gz,sepidermidis,5,1,1,1,2,2,1,1,
GCF_009897195.fna.gz,sepidermidis,5,1,1,1,2,2,1,1,
GCF_009897225.fna.gz,sepidermidis,5,1,1,1,2,2,1,1,
GCF_009897235.fna.gz,sepidermidis,749,1,2,2,46,2,1,3,
GCF_009897265.fna.gz,sepidermidis,153,2,1,6,2,2,1,1,
GCF_009897305.fna.gz,sepidermidis,153,2,1,6,2,2,1,1,
GCF_009897315.fna.gz,sepidermidis,88,1,1,2,1,2,1,7,
GCF_009897335.fna.gz,sepidermidis,57,1,1,1,1,2,1,1,
GCF_009897365.fna.gz,sepidermidis,57,1,1,1,1,2,1,1,
GCF_009897375.fna.gz,sepidermidis,32,1,1,7,1,3,5,14,
GCF_009897425.fna.gz,sepidermidis,57,1,1,1,1,2,1,1,
GCF_009897435.fna.gz,sepidermidis,32,1,1,7,1,3,5,14,
GCF_009897505.fna.gz,sepidermidis,1058,2,1,6,2,2,71,1,
GCF_009897515.fna.gz,sepidermidis,73,1,5,2,6,2,1,6,
GCF_009897605.fna.gz,sepidermidis,35,2,1,2,2,4,1,1,
GCF_009897625.fna.gz,sepidermidis,81,2,17,1,1,2,1,1,
GCF_009897655.fna.gz,sepidermidis,173,1,6,6,1,2,1,10,
GCF_009897685.fna.gz,sepidermidis,130,1,1,1,2,1,1,1,
GCF_009897805.fna.gz,sepidermidis,153,2,1,6,2,2,1,1,
GCF_009897825.fna.gz,sepidermidis,153,2,1,6,2,2,1,1,
GCF_009897905.fna.gz,sepidermidis,190,1,1,1,2,5,1,1,
GCF_009897925.fna.gz,sepidermidis,769,1,1,2,1,2,1,45,
GCF_009897935.fna.gz,sepidermidis,769,1,1,2,1,2,1,45,
GCF_009897945.fna.gz,sepidermidis,190,1,1,1,2,5,1,1,
GCF_009897975.fna.gz,sepidermidis,769,1,1,2,1,2,1,45,
GCF_009898005.fna.gz,sepidermidis,769,1,1,2,1,2,1,45,
GCF_009898025.fna.gz,sepidermidis,1059,1,87,1,5,2,1,1,
GCF_009898035.fna.gz,sepidermidis,769,1,1,2,1,2,1,45,
GCF_009898055.fna.gz,sepidermidis,130,1,1,1,2,1,1,1,
GCF_009898075.fna.gz,sepidermidis,769,1,1,2,1,2,1,45,
GCF_009898115.fna.gz,sepidermidis,5,1,1,1,2,2,1,1,
GCF_009898145.fna.gz,sepidermidis,769,1,1,2,1,2,1,45,
GCF_009932695.fna.gz,sepidermidis,19,8,7,12,4,12,2,2,
GCF_011038575.fna.gz,sepidermidis,23,7,1,2,1,3,3,1,
GCF_011306595.fna.gz,sepidermidis,487,1,1,1,5,2,1,1,
GCF_011306775.fna.gz,sepidermidis,60,1,1,2,6,2,1,16,
GCF_011307015.fna.gz,sepidermidis,640,28,3,13,5,8,9,11,
GCF_011307235.fna.gz,sepidermidis,new_ST,28,3,8,5,7,5,4,
GCF_011307475.fna.gz,sepidermidis,73,1,5,2,6,2,1,6,
GCF_011307595.fna.gz,sepidermidis,487,1,1,1,5,2,1,1,
GCF_011307695.fna.gz,sepidermidis,73,1,5,2,6,2,1,6,
GCF_011307715.fna.gz,sepidermidis,218,1,1,2,6,2,16,1,
GCF_012029805.fna.gz,sepidermidis,323,1,1,7,6,2,1,41,
GCF_012029995.fna.gz,sepidermidis,329,12,29,9,8,6,5,8,
GCF_012030625.fna.gz,sepidermidis,487,1,1,1,5,2,1,1,
GCF_012102495.fna.gz,sepidermidis,101,1,1,2,5,2,1,1,
GCF_012641685.fna.gz,sepidermidis,59,2,1,1,1,2,1,1,
GCF_012843325.fna.gz,sepidermidis,130,1,1,1,2,1,1,1,
GCF_013317125.fna.gz,sepidermidis,2,7,1,2,2,4,1,1,
GCF_014156385.fna.gz,sepidermidis,new_alleles,19,3,9,32,8,~22,12,
GCF_014265185.fna.gz,sepidermidis,73,1,5,2,6,2,1,6,
GCF_014265205.fna.gz,sepidermidis,153,2,1,6,2,2,1,1,
GCF_014265225.fna.gz,sepidermidis,73,1,5,2,6,2,1,6,
GCF_014265235.fna.gz,sepidermidis,73,1,5,2,6,2,1,6,
GCF_014265285.fna.gz,sepidermidis,17,1,1,6,2,2,1,1,
GCF_014265305.fna.gz,sepidermidis,73,1,5,2,6,2,1,6,
GCF_014265315.fna.gz,sepidermidis,345,1,5,2,6,2,1,16,
GCF_014265325.fna.gz,sepidermidis,329,12,29,9,8,6,5,8,
GCF_014265335.fna.gz,sepidermidis,73,1,5,2,6,2,1,6,
GCF_014265365.fna.gz,sepidermidis,171,25,19,17,4,9,10,2,
GCF_014265405.fna.gz,sepidermidis,73,1,5,2,6,2,1,6,
GCF_014265445.fna.gz,sepidermidis,73,1,5,2,6,2,1,6,
GCF_014265485.fna.gz,sepidermidis,73,1,5,2,6,2,1,6,
GCF_014265545.fna.gz,sepidermidis,32,1,1,7,1,3,5,14,
GCF_014265645.fna.gz,sepidermidis,73,1,5,2,6,2,1,6,
GCF_014265655.fna.gz,sepidermidis,153,2,1,6,2,2,1,1,
GCF_014265665.fna.gz,sepidermidis,153,2,1,6,2,2,1,1,
GCF_014265785.fna.gz,sepidermidis,17,1,1,6,2,2,1,1,
GCF_014265825.fna.gz,sepidermidis,297,1,2,2,2,2,1,3,
GCF_014265845.fna.gz,sepidermidis,73,1,5,2,6,2,1,6,
GCF_014265865.fna.gz,sepidermidis,73,1,5,2,6,2,1,6,
GCF_014265905.fna.gz,sepidermidis,5,1,1,1,2,2,1,1,
GCF_014266035.fna.gz,sepidermidis,73,1,5,2,6,2,1,6,
GCF_014266135.fna.gz,sepidermidis,73,1,5,2,6,2,1,6,
GCF_014266265.fna.gz,sepidermidis,73,1,5,2,6,2,1,6,
GCF_014266325.fna.gz,sepidermidis,329,12,29,9,8,6,5,8,
GCF_014266335.fna.gz,sepidermidis,73,1,5,2,6,2,1,6,
GCF_014266415.fna.gz,sepidermidis,86,1,2,2,1,1,1,1,
GCF_014266425.fna.gz,sepidermidis,171,25,19,17,4,9,10,2,
GCF_014266535.fna.gz,sepidermidis,32,1,1,7,1,3,5,14,
GCF_014266565.fna.gz,sepidermidis,73,1,5,2,6,2,1,6,
GCF_014266605.fna.gz,sepidermidis,5,1,1,1,2,2,1,1,
GCF_014266795.fna.gz,sepidermidis,73,1,5,2,6,2,1,6,
GCF_014267055.fna.gz,sepidermidis,19,8,7,12,4,12,2,2,
GCF_014267185.fna.gz,sepidermidis,73,1,5,2,6,2,1,6,
GCF_014267225.fna.gz,sepidermidis,329,12,29,9,8,6,5,8,
GCF_014323365.fna.gz,sepidermidis,73,1,5,2,6,2,1,6,
GCF_014323385.fna.gz,sepidermidis,345,1,5,2,6,2,1,16,
GCF_014334295.fna.gz,sepidermidis,72,8,2,2,4,9,6,9,
GCF_014436665.fna.gz,sepidermidis,65,1,19,17,4,9,10,2,
GCF_014489335.fna.gz,sepidermidis,35,2,1,2,2,4,1,1,
GCF_014490515.fna.gz,sepidermidis,924,12,29,5,5,3,33,4,
GCF_015070365.fna.gz,sepidermidis,-,8,70,56,4,9,55,-,
GCF_015070395.fna.gz,sepidermidis,226,28,3,5,5,8,19,11,
GCF_015070555.fna.gz,sepidermidis,48,7,1,2,2,4,1,4,
GCF_015070585.fna.gz,sepidermidis,994,65,29,8,5,11,4,11,
GCF_015070605.fna.gz,sepidermidis,993,12,29,5,5,11,33,4,
GCF_015070675.fna.gz,sepidermidis,490,8,30,17,23,9,6,9,
GCF_015070735.fna.gz,sepidermidis,490,8,30,17,23,9,6,9,
GCF_015221215.fna.gz,sepidermidis,490,8,30,17,23,9,6,9,
GCF_015221265.fna.gz,sepidermidis,2,7,1,2,2,4,1,1,
GCF_015221365.fna.gz,sepidermidis,new_alleles,~24,2,6,2,9,~10,9,
GCF_015273045.fna.gz,sepidermidis,57,1,1,1,1,2,1,1,
GCF_015273085.fna.gz,sepidermidis,57,1,1,1,1,2,1,1,
GCF_015273105.fna.gz,sepidermidis,57,1,1,1,1,2,1,1,
GCF_015273135.fna.gz,sepidermidis,57,1,1,1,1,2,1,1,
GCF_015273145.fna.gz,sepidermidis,57,1,1,1,1,2,1,1,
GCF_015273175.fna.gz,sepidermidis,679,3,29,16,5,11,4,4,
GCF_015273185.fna.gz,sepidermidis,57,1,1,1,1,2,1,1,
GCF_015273195.fna.gz,sepidermidis,558,3,29,5,5,11,4,11,
GCF_015273235.fna.gz,sepidermidis,679,3,29,16,5,11,4,4,
GCF_015273245.fna.gz,sepidermidis,679,3,29,16,5,11,4,4,
GCF_015273275.fna.gz,sepidermidis,679,3,29,16,5,11,4,4,
GCF_015273285.fna.gz,sepidermidis,487,1,1,1,5,2,1,1,
GCF_015273295.fna.gz,sepidermidis,new_alleles,1,6,2,2,4,~1,1,
GCF_015273335.fna.gz,sepidermidis,1091,19,16,55,5,3,75,5,
GCF_015273345.fna.gz,sepidermidis,987,12,29,15,5,7,4,4,
GCF_015273365.fna.gz,sepidermidis,110,1,1,1,6,2,1,1,
GCF_015273385.fna.gz,sepidermidis,110,1,1,1,6,2,1,1,
GCF_015273415.fna.gz,sepidermidis,110,1,1,1,6,2,1,1,
GCF_015273495.fna.gz,sepidermidis,35,2,1,2,2,4,1,1,
GCF_015273505.fna.gz,sepidermidis,35,2,1,2,2,4,1,1,
GCF_015273525.fna.gz,sepidermidis,35,2,1,2,2,4,1,1,
GCF_015273535.fna.gz,sepidermidis,35,2,1,2,2,4,1,1,
GCF_015273575.fna.gz,sepidermidis,35,2,1,2,2,4,1,1,
GCF_015273585.fna.gz,sepidermidis,20,1,1,2,2,1,1,3,
GCF_015273595.fna.gz,sepidermidis,35,2,1,2,2,4,1,1,
GCF_015273605.fna.gz,sepidermidis,59,2,1,1,1,2,1,1,
GCF_015273655.fna.gz,sepidermidis,20,1,1,2,2,1,1,3,
GCF_015273665.fna.gz,sepidermidis,20,1,1,2,2,1,1,3,
GCF_015273735.fna.gz,sepidermidis,558,3,29,5,5,11,4,11,
GCF_015273785.fna.gz,sepidermidis,59,2,1,1,1,2,1,1,
GCF_015273805.fna.gz,sepidermidis,290,12,29,5,5,11,4,4,
GCF_015273815.fna.gz,sepidermidis,640,28,3,13,5,8,9,11,
GCF_015273855.fna.gz,sepidermidis,59,2,1,1,1,2,1,1,
GCF_015273865.fna.gz,sepidermidis,2,7,1,2,2,4,1,1,
GCF_015273875.fna.gz,sepidermidis,153,2,1,6,2,2,1,1,
GCF_015273895.fna.gz,sepidermidis,153,2,1,6,2,2,1,1,
GCF_015274155.fna.gz,sepidermidis,59,2,1,1,1,2,1,1,
GCF_015274195.fna.gz,sepidermidis,59,2,1,1,1,2,1,1,
GCF_015274235.fna.gz,sepidermidis,59,2,1,1,1,2,1,1,
GCF_015274255.fna.gz,sepidermidis,59,2,1,1,1,2,1,1,
GCF_015274265.fna.gz,sepidermidis,59,2,1,1,1,2,1,1,
GCF_015274275.fna.gz,sepidermidis,new_alleles,28,~29,5,5,7,5,11,
GCF_015274285.fna.gz,sepidermidis,new_alleles,28,~29,5,5,7,5,11,
GCF_015274325.fna.gz,sepidermidis,new_alleles,28,~29,5,5,7,5,11,
GCF_015274355.fna.gz,sepidermidis,new_alleles,28,~29,5,5,7,5,11,
GCF_015274385.fna.gz,sepidermidis,558,3,29,5,5,11,4,11,
GCF_015274425.fna.gz,sepidermidis,558,3,29,5,5,11,4,11,
GCF_015274455.fna.gz,sepidermidis,new_alleles,28,~29,5,5,7,5,11,
GCF_015274475.fna.gz,sepidermidis,59,2,1,1,1,2,1,1,
GCF_015274485.fna.gz,sepidermidis,new_alleles,28,~29,5,5,7,5,11,
GCF_015274505.fna.gz,sepidermidis,558,3,29,5,5,11,4,11,
GCF_015274555.fna.gz,sepidermidis,new_alleles,28,~29,5,5,7,5,11,
GCF_015274575.fna.gz,sepidermidis,59,2,1,1,1,2,1,1,
GCF_015274615.fna.gz,sepidermidis,59,2,1,1,1,2,1,1,
GCF_015274625.fna.gz,sepidermidis,59,2,1,1,1,2,1,1,
GCF_015274735.fna.gz,sepidermidis,59,2,1,1,1,2,1,1,
GCF_015274775.fna.gz,sepidermidis,332,28,29,5,5,11,4,4,
GCF_015274785.fna.gz,sepidermidis,59,2,1,1,1,2,1,1,
GCF_015274795.fna.gz,sepidermidis,672,50,58,55,4,29,10,9,
GCF_015274835.fna.gz,sepidermidis,332,28,29,5,5,11,4,4,
GCF_015274905.fna.gz,sepidermidis,332,28,29,5,5,11,4,4,
GCF_015551345.fna.gz,sepidermidis,new_ST,12,29,15,5,3,4,4,
GCF_015645075.fna.gz,sepidermidis,59,2,1,1,1,2,1,1,
GCF_015645085.fna.gz,sepidermidis,35,2,1,2,2,4,1,1,
GCF_015645175.fna.gz,sepidermidis,35,2,1,2,2,4,1,1,
GCF_015645215.fna.gz,sepidermidis,59,2,1,1,1,2,1,1,
GCF_015670055.fna.gz,sepidermidis,130,1,1,1,2,1,1,1,
GCF_015698425.fna.gz,sepidermidis,2,7,1,2,2,4,1,1,
GCF_015698435.fna.gz,sepidermidis,59,2,1,1,1,2,1,1,
GCF_015698485.fna.gz,sepidermidis,-,2,1,1,1,-,1,1,
GCF_015698535.fna.gz,sepidermidis,210,1,1,1,2,2,1,25,
GCF_015698545.fna.gz,sepidermidis,83,1,2,1,2,1,1,10,
GCF_015698585.fna.gz,sepidermidis,54,1,1,2,2,4,1,1,
GCF_015698595.fna.gz,sepidermidis,54,1,1,2,2,4,1,1,
GCF_015698625.fna.gz,sepidermidis,-,1|7,15,-,2,2,1,22,
GCF_015698645.fna.gz,sepidermidis,-,3,29,-,5,2|11,-,11,
GCF_015730505.fna.gz,sepidermidis,-,1,-,1,2,-,1,22,
GCF_015730515.fna.gz,sepidermidis,-,28,3,-,5,8,9,11,
GCF_016026915.fna.gz,sepidermidis,8,2,1,7,1,1,1,1,
GCF_016107415.fna.gz,sepidermidis,329,12,29,9,8,6,5,8,
GCF_016107425.fna.gz,sepidermidis,329,12,29,9,8,6,5,8,
GCF_016406225.fna.gz,sepidermidis,-,-,6,2,1,1,16,1,
GCF_016406625.fna.gz,sepidermidis,387,1,1,7,6,2,1,33,
GCF_016727385.fna.gz,sepidermidis,626,2,1,1,1,19,1,7,
GCF_016808435.fna.gz,sepidermidis,170,25,19,17,4,23,10,2,
GCF_016808455.fna.gz,sepidermidis,130,1,1,1,2,1,1,1,
GCF_016808475.fna.gz,sepidermidis,14,1,1,2,1,1,1,1,
GCF_016808495.fna.gz,sepidermidis,19,8,7,12,4,12,2,2,
GCF_016808515.fna.gz,sepidermidis,638,13,5,2,6,2,1,4,
GCF_016808535.fna.gz,sepidermidis,73,1,5,2,6,2,1,6,
GCF_016808555.fna.gz,sepidermidis,81,2,17,1,1,2,1,1,
GCF_016808565.fna.gz,sepidermidis,5,1,1,1,2,2,1,1,
GCF_016808595.fna.gz,sepidermidis,-,-,1,2,6,2,1,33,
GCF_016808615.fna.gz,sepidermidis,89,1,1,2,1,2,1,1,
GCF_016808655.fna.gz,sepidermidis,73,1,5,2,6,2,1,6,
GCF_016808675.fna.gz,sepidermidis,329,12,29,9,8,6,5,8,
GCF_016808695.fna.gz,sepidermidis,73,1,5,2,6,2,1,6,
GCF_016808735.fna.gz,sepidermidis,130,1,1,1,2,1,1,1,
GCF_016808755.fna.gz,sepidermidis,183,8,19,17,4,9,10,2,
GCF_016808775.fna.gz,sepidermidis,218,1,1,2,6,2,16,1,
GCF_016808795.fna.gz,sepidermidis,218,1,1,2,6,2,16,1,
GCF_016808815.fna.gz,sepidermidis,73,1,5,2,6,2,1,6,
GCF_016808825.fna.gz,sepidermidis,73,1,5,2,6,2,1,6,
GCF_016808855.fna.gz,sepidermidis,73,1,5,2,6,2,1,6,
GCF_016808875.fna.gz,sepidermidis,19,8,7,12,4,12,2,2,
GCF_016808925.fna.gz,sepidermidis,19,8,7,12,4,12,2,2,
GCF_016808955.fna.gz,sepidermidis,19,8,7,12,4,12,2,2,
GCF_016808975.fna.gz,sepidermidis,19,8,7,12,4,12,2,2,
GCF_016809015.fna.gz,sepidermidis,153,2,1,6,2,2,1,1,
GCF_016809035.fna.gz,sepidermidis,1019,3,29,5,5,11,4,4,
GCF_016809055.fna.gz,sepidermidis,14,1,1,2,1,1,1,1,
GCF_016809075.fna.gz,sepidermidis,59,2,1,1,1,2,1,1,
GCF_016809095.fna.gz,sepidermidis,171,25,19,17,4,9,10,2,
GCF_016809105.fna.gz,sepidermidis,73,1,5,2,6,2,1,6,
GCF_016809135.fna.gz,sepidermidis,328,12,29,5,5,7,5,4,
GCF_016809155.fna.gz,sepidermidis,19,8,7,12,4,12,2,2,
GCF_016809175.fna.gz,sepidermidis,60,1,1,2,6,2,1,16,
GCF_016809185.fna.gz,sepidermidis,171,25,19,17,4,9,10,2,
GCF_016809195.fna.gz,sepidermidis,1025,12,48,5,5,13,5,21,
GCF_016809235.fna.gz,sepidermidis,new_ST,3,16,16,5,3,19,12,
GCF_016809255.fna.gz,sepidermidis,153,2,1,6,2,2,1,1,
GCF_016809275.fna.gz,sepidermidis,17,1,1,6,2,2,1,1,
GCF_016809295.fna.gz,sepidermidis,new_alleles,28,3,~8,5,7,5,4,
GCF_016809315.fna.gz,sepidermidis,7,1,1,1,2,4,1,1,
GCF_016809325.fna.gz,sepidermidis,183,8,19,17,4,9,10,2,
GCF_016809365.fna.gz,sepidermidis,256,1,1,2,6,2,1,33,
GCF_016809395.fna.gz,sepidermidis,73,1,5,2,6,2,1,6,
GCF_016809415.fna.gz,sepidermidis,387,1,1,7,6,2,1,33,
GCF_016809435.fna.gz,sepidermidis,184,16,1,2,1,2,1,1,
GCF_016809455.fna.gz,sepidermidis,89,1,1,2,1,2,1,1,
GCF_016809475.fna.gz,sepidermidis,203,3,16,9,5,3,4,5,
GCF_016834475.fna.gz,sepidermidis,218,1,1,2,6,2,16,1,
GCF_016834495.fna.gz,sepidermidis,130,1,1,1,2,1,1,1,
GCF_016889165.fna.gz,sepidermidis,487,1,1,1,5,2,1,1,
GCF_016903555.fna.gz,sepidermidis,487,1,1,1,5,2,1,1,
GCF_016903575.fna.gz,sepidermidis,new_ST,2,30,2,1,9,10,1,
GCF_016904135.fna.gz,sepidermidis,153,2,1,6,2,2,1,1,
GCF_017167385.fna.gz,sepidermidis,490,8,30,17,23,9,6,9,
GCF_017315545.fna.gz,sepidermidis,73,1,5,2,6,2,1,6,
GCF_017315595.fna.gz,sepidermidis,19,8,7,12,4,12,2,2,
GCF_017498735.fna.gz,sepidermidis,5,1,1,1,2,2,1,1,
GCF_017583025.fna.gz,sepidermidis,487,1,1,1,5,2,1,1,
GCF_018407685.fna.gz,sepidermidis,54,1,1,2,2,4,1,1,
GCF_018407805.fna.gz,sepidermidis,new_ST,1,1,6,6,2,16,1,
GCF_018407885.fna.gz,sepidermidis,35,2,1,2,2,4,1,1,
GCF_018407945.fna.gz,sepidermidis,190,1,1,1,2,5,1,1,
GCF_018408135.fna.gz,sepidermidis,35,2,1,2,2,4,1,1,
GCF_018919325.fna.gz,sepidermidis,57,1,1,1,1,2,1,1,
GCF_018919425.fna.gz,sepidermidis,769,1,1,2,1,2,1,45,
GCF_019100515.fna.gz,sepidermidis,new_ST,1,1,2,48,2,16,1,
GCF_019149045.fna.gz,sepidermidis,new_alleles,1,~1,1,6,2,1,7,
GCF_019149245.fna.gz,sepidermidis,new_ST,1,1,3,6,2,5,69,
GCF_019165085.fna.gz,sepidermidis,924,12,29,5,5,3,33,4,
GCF_900086615.fna.gz,sepidermidis,2,7,1,2,2,4,1,1,
GCF_900108795.fna.gz,sepidermidis,626,2,1,1,1,19,1,7,
GCF_900113395.fna.gz,sepidermidis,65,1,19,17,4,9,10,2,
GCF_900169475.fna.gz,sepidermidis,2,7,1,2,2,4,1,1,
GCF_900199525.fna.gz,sepidermidis,88,1,1,2,1,2,1,7,
GCF_900199615.fna.gz,sepidermidis,5,1,1,1,2,2,1,1,
GCF_900205795.fna.gz,sepidermidis,487,1,1,1,5,2,1,1,
GCF_900205815.fna.gz,sepidermidis,7,1,1,1,2,4,1,1,
GCF_900205825.fna.gz,sepidermidis,87,7,1,1,2,2,1,1,
GCF_900205845.fna.gz,sepidermidis,88,1,1,2,1,2,1,7,
GCF_900458515.fna.gz,sepidermidis,8,2,1,7,1,1,1,1,
GCF_900458535.fna.gz,sepidermidis,-,-,6,2,1,1,1,3,
GCF_900458575.fna.gz,sepidermidis,488,1,2,2,1,1,1,3,
GCF_900458585.fna.gz,sepidermidis,656,64,1,54,2,2,16,29,
GCF_900458605.fna.gz,sepidermidis,5,1,1,1,2,2,1,1,
GCF_900458645.fna.gz,sepidermidis,1060,86,3,5,5,8,22,11,
GCF_900458655.fna.gz,sepidermidis,1061,1,1,1,6,2,71,1,
GCF_900638695.fna.gz,sepidermidis,2,7,1,2,2,4,1,1,
GCF_902159375.fna.gz,sepidermidis,88,1,1,2,1,2,1,7,
GCF_902159385.fna.gz,sepidermidis,439,28,41,5,5,38,5,11,
GCF_902159425.fna.gz,sepidermidis,1062,87,1,6,2,2,1,1,
GCF_902164795.fna.gz,sepidermidis,35,2,1,2,2,4,1,1,
GCF_902166085.fna.gz,sepidermidis,130,1,1,1,2,1,1,1,
GCF_902363495.fna.gz,sepidermidis,60,1,1,2,6,2,1,16,
GCF_902509485.fna.gz,sepidermidis,89,1,1,2,1,2,1,1,
GCF_902509495.fna.gz,sepidermidis,368,12,29,5,5,3,4,11,
GCF_902509505.fna.gz,sepidermidis,2,7,1,2,2,4,1,1,
GCF_902509515.fna.gz,sepidermidis,5,1,1,1,2,2,1,1,
GCF_902509525.fna.gz,sepidermidis,10,1,1,1,1,3,1,1,
GCF_902509535.fna.gz,sepidermidis,59,2,1,1,1,2,1,1,
GCF_905397425.fna.gz,sepidermidis,new_alleles,1,~5,2,6,2,1,6,
GCF_910576215.fna.gz,sepidermidis,59,2,1,1,1,2,1,1,
GCF_910589805.fna.gz,sepidermidis,2,7,1,2,2,4,1,1,
GCF_910589835.fna.gz,sepidermidis,59,2,1,1,1,2,1,1,
GCF_910589875.fna.gz,sepidermidis,87,7,1,1,2,2,1,1,
GCF_910589905.fna.gz,sepidermidis,2,7,1,2,2,4,1,1,
GCF_910589925.fna.gz,sepidermidis,2,7,1,2,2,4,1,1,
GCF_910589935.fna.gz,sepidermidis,new_alleles,2,17,1,1,~16,1,1,
GCF_910589945.fna.gz,sepidermidis,2,7,1,2,2,4,1,1,
GCF_910589955.fna.gz,sepidermidis,5,1,1,1,2,2,1,1,
GCF_910590035.fna.gz,sepidermidis,35,2,1,2,2,4,1,1,
GCF_910590045.fna.gz,sepidermidis,59,2,1,1,1,2,1,1,
GCF_910590055.fna.gz,sepidermidis,2,7,1,2,2,4,1,1,
GCF_910590065.fna.gz,sepidermidis,83,1,2,1,2,1,1,10,
GCF_910590075.fna.gz,sepidermidis,2,7,1,2,2,4,1,1,
GCF_910590085.fna.gz,sepidermidis,35,2,1,2,2,4,1,1,
GCF_910590115.fna.gz,sepidermidis,87,7,1,1,2,2,1,1,
GCF_910590125.fna.gz,sepidermidis,5,1,1,1,2,2,1,1,
GCF_910590165.fna.gz,sepidermidis,83,1,2,1,2,1,1,10,
GCF_910590195.fna.gz,sepidermidis,new_alleles,2,17,1,1,~16,1,1,
GCF_910590235.fna.gz,sepidermidis,731,7,1,2,2,58,1,1,
GCF_910590245.fna.gz,sepidermidis,2,7,1,2,2,4,1,1,
GCF_910590255.fna.gz,sepidermidis,731,7,1,2,2,58,1,1,
GCF_910590265.fna.gz,sepidermidis,87,7,1,1,2,2,1,1,
GCF_910590275.fna.gz,sepidermidis,2,7,1,2,2,4,1,1,
GCF_910590285.fna.gz,sepidermidis,2,7,1,2,2,4,1,1,
GCF_910590295.fna.gz,sepidermidis,2,7,1,2,2,4,1,1,
GCF_910590305.fna.gz,sepidermidis,new_alleles,7,1,~2,2,4,1,1,
GCF_910590315.fna.gz,sepidermidis,new_alleles,7,1,~2,2,4,1,1,
GCF_910590325.fna.gz,sepidermidis,new_alleles,7,1,~2,2,4,1,1,
GCF_910590335.fna.gz,sepidermidis,731,7,1,2,2,58,1,1,
GCF_910590345.fna.gz,sepidermidis,2,7,1,2,2,4,1,1,
GCF_910590355.fna.gz,sepidermidis,2,7,1,2,2,4,1,1,
GCF_910590365.fna.gz,sepidermidis,87,7,1,1,2,2,1,1,
GCF_910590375.fna.gz,sepidermidis,731,7,1,2,2,58,1,1,
GCF_910590385.fna.gz,sepidermidis,2,7,1,2,2,4,1,1,
GCF_910591375.fna.gz,sepidermidis,2,7,1,2,2,4,1,1,
GCF_910591385.fna.gz,sepidermidis,810,52,16,9,5,8,16,12,
GCF_910591395.fna.gz,sepidermidis,2,7,1,2,2,4,1,1,
GCF_910591405.fna.gz,sepidermidis,810,52,16,9,5,8,16,12,
GCF_910591415.fna.gz,sepidermidis,2,7,1,2,2,4,1,1,
GCF_910591575.fna.gz,sepidermidis,new_alleles,7,1,~2,2,4,1,1,
