Genome,Scheme,ST,adk,gyrB,mdh,metE,pntA,purM,pyrC,clonal_complex
GCF_000006745.fna.gz,vcholerae,69,7,11,4,37,12,1,20,
GCF_000016245.fna.gz,vcholerae,73,7,11,4,9,12,1,38,
GCF_000021605.fna.gz,vcholerae,71,7,11,4,37,12,1,38,
GCF_000021625.fna.gz,vcholerae,73,7,11,4,9,12,1,38,
GCF_000022585.fna.gz,vcholerae,69,7,11,4,37,12,1,20,
GCF_000152425.fna.gz,vcholerae,69,7,11,4,37,12,1,20,
GCF_000152445.fna.gz,vcholerae,-,2,-,18,45,4,8,48,
GCF_000152465.fna.gz,vcholerae,42,25,5,22,16,21,8,11,
GCF_000153785.fna.gz,vcholerae,29,2,5,13,19,6,6,5,
GCF_000153865.fna.gz,vcholerae,-,7,11,4,37,12,-,38,
GCF_000153945.fna.gz,vcholerae,71,7,11,4,37,12,1,38,
GCF_000153965.fna.gz,vcholerae,69,7,11,4,37,12,1,20,
GCF_000153985.fna.gz,vcholerae,28,2,23,15,42,18,13,10,
GCF_000154005.fna.gz,vcholerae,32,20,41,5,3,18,2,4,
GCF_000166455.fna.gz,vcholerae,69,7,11,4,37,12,1,20,
GCF_000166475.fna.gz,vcholerae,69,7,11,4,37,12,1,20,
GCF_000166495.fna.gz,vcholerae,69,7,11,4,37,12,1,20,
GCF_000167935.fna.gz,vcholerae,68,7,11,4,17,23,1,35,
GCF_000168895.fna.gz,vcholerae,748,14,6,29,2,25,1,3,
GCF_000168915.fna.gz,vcholerae,75,7,2,4,37,12,1,38,
GCF_000168935.fna.gz,vcholerae,65,4,23,28,13,25,1,9,
GCF_000174115.fna.gz,vcholerae,16,14,31,20,39,16,1,13,
GCF_000174255.fna.gz,vcholerae,48,26,5,14,54,28,14,45,
GCF_000174275.fna.gz,vcholerae,69,7,11,4,37,12,1,20,
GCF_000174295.fna.gz,vcholerae,79,9,25,3,41,6,1,5,
GCF_000174315.fna.gz,vcholerae,69,7,11,4,37,12,1,20,
GCF_000174335.fna.gz,vcholerae,70,7,11,4,37,12,1,37,
GCF_000175695.fna.gz,vcholerae,69,7,11,4,37,12,1,20,
GCF_000176395.fna.gz,vcholerae,73,7,11,4,9,12,1,38,
GCF_000176435.fna.gz,vcholerae,new_alleles,7,11,4,37,12,1,20?,
GCF_000220725.fna.gz,vcholerae,69,7,11,4,37,12,1,20,
GCF_000220745.fna.gz,vcholerae,69,7,11,4,37,12,1,20,
GCF_000220765.fna.gz,vcholerae,733,19,1,14,66,39,1,45,
GCF_000220785.fna.gz,vcholerae,739,45,46,3,264,95,1,123,
GCF_000221365.fna.gz,vcholerae,69,7,11,4,37,12,1,20,
GCF_000221385.fna.gz,vcholerae,69,7,11,4,37,12,1,20,
GCF_000221405.fna.gz,vcholerae,918,23,46,26,32,37,10,29,
GCF_000221425.fna.gz,vcholerae,69,7,11,4,37,12,1,20,
GCF_000221445.fna.gz,vcholerae,740,110,36,14,40,30,14,4,
GCF_000221465.fna.gz,vcholerae,1414,13,30,14,44,3,1,39,
GCF_000221485.fna.gz,vcholerae,69,7,11,4,37,12,1,20,
GCF_000223095.fna.gz,vcholerae,48,26,5,14,54,28,14,45,
GCF_000234375.fna.gz,vcholerae,69,7,11,4,37,12,1,20,
GCF_000234395.fna.gz,vcholerae,69,7,11,4,37,12,1,20,
GCF_000234415.fna.gz,vcholerae,69,7,11,4,37,12,1,20,
GCF_000234435.fna.gz,vcholerae,69,7,11,4,37,12,1,20,
GCF_000234455.fna.gz,vcholerae,69,7,11,4,37,12,1,20,
GCF_000234865.fna.gz,vcholerae,69,7,11,4,37,12,1,20,
GCF_000234885.fna.gz,vcholerae,69,7,11,4,37,12,1,20,
GCF_000234905.fna.gz,vcholerae,69,7,11,4,37,12,1,20,
GCF_000234925.fna.gz,vcholerae,69,7,11,4,37,12,1,20,
GCF_000234945.fna.gz,vcholerae,69,7,11,4,37,12,1,20,
GCF_000234965.fna.gz,vcholerae,69,7,11,4,37,12,1,20,
GCF_000237405.fna.gz,vcholerae,69,7,11,4,37,12,1,20,
GCF_000237425.fna.gz,vcholerae,69,7,11,4,37,12,1,20,
GCF_000237445.fna.gz,vcholerae,69,7,11,4,37,12,1,20,
GCF_000237465.fna.gz,vcholerae,69,7,11,4,37,12,1,20,
GCF_000237485.fna.gz,vcholerae,69,7,11,4,37,12,1,20,
GCF_000237505.fna.gz,vcholerae,-,7,11,4,-,12,1,20,
GCF_000237525.fna.gz,vcholerae,69,7,11,4,37,12,1,20,
GCF_000237545.fna.gz,vcholerae,69,7,11,4,37,12,1,20,
GCF_000237565.fna.gz,vcholerae,69,7,11,4,37,12,1,20,
GCF_000237585.fna.gz,vcholerae,69,7,11,4,37,12,1,20,
GCF_000237605.fna.gz,vcholerae,69,7,11,4,37,12,1,20,
GCF_000237645.fna.gz,vcholerae,69,7,11,4,37,12,1,20,
GCF_000237665.fna.gz,vcholerae,69,7,11,4,37,12,1,20,
GCF_000237685.fna.gz,vcholerae,69,7,11,4,37,12,1,20,
GCF_000237705.fna.gz,vcholerae,69,7,11,4,37,12,1,20,
GCF_000237725.fna.gz,vcholerae,69,7,11,4,37,12,1,20,
GCF_000237765.fna.gz,vcholerae,69,7,11,4,37,12,1,20,
GCF_000237785.fna.gz,vcholerae,69,7,11,4,37,12,1,20,
GCF_000250855.fna.gz,vcholerae,69,7,11,4,37,12,1,20,
GCF_000257415.fna.gz,vcholerae,69,7,11,4,37,12,1,20,
GCF_000275645.fna.gz,vcholerae,69,7,11,4,37,12,1,20,
GCF_000279185.fna.gz,vcholerae,69,7,11,4,37,12,1,20,
GCF_000279205.fna.gz,vcholerae,69,7,11,4,37,12,1,20,
GCF_000279245.fna.gz,vcholerae,515,7,11,4,206,12,1,20,
GCF_000279265.fna.gz,vcholerae,745,2,5,44,19,6,1,51,
GCF_000279285.fna.gz,vcholerae,730,1,5,14,50,31,14,12,
GCF_000279305.fna.gz,vcholerae,69,7,11,4,37,12,1,20,
GCF_000279325.fna.gz,vcholerae,69,7,11,4,37,12,1,20,
GCF_000279345.fna.gz,vcholerae,69,7,11,4,37,12,1,20,
GCF_000279375.fna.gz,vcholerae,69,7,11,4,37,12,1,20,
GCF_000279395.fna.gz,vcholerae,69,7,11,4,37,12,1,20,
GCF_000279415.fna.gz,vcholerae,69,7,11,4,37,12,1,20,
GCF_000279435.fna.gz,vcholerae,736,26,5,127,50,31,14,45,
GCF_000279455.fna.gz,vcholerae,69,7,11,4,37,12,1,20,
GCF_000279555.fna.gz,vcholerae,69,7,11,4,37,12,1,20,
GCF_000279785.fna.gz,vcholerae,69,7,11,4,37,12,1,20,
GCF_000279955.fna.gz,vcholerae,69,7,11,4,37,12,1,20,
GCF_000281655.fna.gz,vcholerae,69,7,11,4,37,12,1,20,
GCF_000299495.fna.gz,vcholerae,166,56,31,56,66,68,48,13,
GCF_000299515.fna.gz,vcholerae,69,7,11,4,37,12,1,20,
GCF_000299535.fna.gz,vcholerae,69,7,11,4,37,12,1,20,
GCF_000302755.fna.gz,vcholerae,69,7,11,4,37,12,1,20,
GCF_000302775.fna.gz,vcholerae,69,7,11,4,37,12,1,20,
GCF_000302835.fna.gz,vcholerae,740,110,36,14,40,30,14,4,
GCF_000302855.fna.gz,vcholerae,740,110,36,14,40,30,14,4,
GCF_000302875.fna.gz,vcholerae,740,110,36,14,40,30,14,4,
GCF_000302895.fna.gz,vcholerae,740,110,36,14,40,30,14,4,
GCF_000302965.fna.gz,vcholerae,173,7,57,15,96,2,1,75,
GCF_000302985.fna.gz,vcholerae,515,7,11,4,206,12,1,20,
GCF_000303005.fna.gz,vcholerae,740,110,36,14,40,30,14,4,
GCF_000303045.fna.gz,vcholerae,69,7,11,4,37,12,1,20,
GCF_000303065.fna.gz,vcholerae,69,7,11,4,37,12,1,20,
GCF_000303085.fna.gz,vcholerae,1349,23,34,26,78,36,10,29,
GCF_000303105.fna.gz,vcholerae,740,110,36,14,40,30,14,4,
GCF_000303125.fna.gz,vcholerae,69,7,11,4,37,12,1,20,
GCF_000304755.fna.gz,vcholerae,69,7,11,4,37,12,1,20,
GCF_000304775.fna.gz,vcholerae,740,110,36,14,40,30,14,4,
GCF_000304795.fna.gz,vcholerae,740,110,36,14,40,30,14,4,
GCF_000304915.fna.gz,vcholerae,737,26,5,2,50,30,18,45,
GCF_000304935.fna.gz,vcholerae,69,7,11,4,37,12,1,20,
GCF_000304955.fna.gz,vcholerae,736,26,5,127,50,31,14,45,
GCF_000304995.fna.gz,vcholerae,69,7,11,4,37,12,1,20,
GCF_000305015.fna.gz,vcholerae,740,110,36,14,40,30,14,4,
GCF_000305055.fna.gz,vcholerae,740,110,36,14,40,30,14,4,
GCF_000305075.fna.gz,vcholerae,69,7,11,4,37,12,1,20,
GCF_000305095.fna.gz,vcholerae,69,7,11,4,37,12,1,20,
GCF_000305115.fna.gz,vcholerae,733,19,1,14,66,39,1,45,
GCF_000305135.fna.gz,vcholerae,733,19,1,14,66,39,1,45,
GCF_000305195.fna.gz,vcholerae,740,110,36,14,40,30,14,4,
GCF_000305525.fna.gz,vcholerae,740,110,36,14,40,30,14,4,
GCF_000305545.fna.gz,vcholerae,740,110,36,14,40,30,14,4,
GCF_000305565.fna.gz,vcholerae,736,26,5,127,50,31,14,45,
GCF_000305585.fna.gz,vcholerae,69,7,11,4,37,12,1,20,
GCF_000305605.fna.gz,vcholerae,736,26,5,127,50,31,14,45,
GCF_000305625.fna.gz,vcholerae,69,7,11,4,37,12,1,20,
GCF_000305645.fna.gz,vcholerae,740,110,36,14,40,30,14,4,
GCF_000305675.fna.gz,vcholerae,69,7,11,4,37,12,1,20,
GCF_000305695.fna.gz,vcholerae,69,7,11,4,37,12,1,20,
GCF_000318075.fna.gz,vcholerae,1388,128,5,14,130,66,102,165,
GCF_000318485.fna.gz,vcholerae,69,7,11,4,37,12,1,20,
GCF_000318505.fna.gz,vcholerae,69,7,11,4,37,12,1,20,
GCF_000327105.fna.gz,vcholerae,69,7,11,4,37,12,1,20,
GCF_000327125.fna.gz,vcholerae,69,7,11,4,37,12,1,20,
GCF_000327145.fna.gz,vcholerae,69,7,11,4,37,12,1,20,
GCF_000327165.fna.gz,vcholerae,69,7,11,4,37,12,1,20,
GCF_000327185.fna.gz,vcholerae,69,7,11,4,37,12,1,20,
GCF_000327205.fna.gz,vcholerae,69,7,11,4,37,12,1,20,
GCF_000327225.fna.gz,vcholerae,740,110,36,14,40,30,14,4,
GCF_000327245.fna.gz,vcholerae,69,7,11,4,37,12,1,20,
GCF_000330905.fna.gz,vcholerae,69,7,11,4,37,12,1,20,
GCF_000338075.fna.gz,vcholerae,69,7,11,4,37,12,1,20,
GCF_000338215.fna.gz,vcholerae,75,7,2,4,37,12,1,38,
GCF_000348045.fna.gz,vcholerae,69,7,11,4,37,12,1,20,
GCF_000348065.fna.gz,vcholerae,48,26,5,14,54,28,14,45,
GCF_000348085.fna.gz,vcholerae,37,23,34,26,57,37,10,25,
GCF_000348105.fna.gz,vcholerae,73,7,11,4,9,12,1,38,
GCF_000348125.fna.gz,vcholerae,69,7,11,4,37,12,1,20,
GCF_000348145.fna.gz,vcholerae,69,7,11,4,37,12,1,20,
GCF_000348165.fna.gz,vcholerae,69,7,11,4,37,12,1,20,
GCF_000348185.fna.gz,vcholerae,69,7,11,4,37,12,1,20,
GCF_000348205.fna.gz,vcholerae,69,7,11,4,37,12,1,20,
GCF_000348225.fna.gz,vcholerae,69,7,11,4,37,12,1,20,
GCF_000348245.fna.gz,vcholerae,69,7,11,4,37,12,1,20,
GCF_000348265.fna.gz,vcholerae,69,7,11,4,37,12,1,20,
GCF_000348285.fna.gz,vcholerae,69,7,11,4,37,12,1,20,
GCF_000348305.fna.gz,vcholerae,69,7,11,4,37,12,1,20,
GCF_000348325.fna.gz,vcholerae,69,7,11,4,37,12,1,20,
GCF_000348345.fna.gz,vcholerae,new_alleles,1,90,108,~183,59,1,~158,
GCF_000348365.fna.gz,vcholerae,69,7,11,4,37,12,1,20,
GCF_000348385.fna.gz,vcholerae,69,7,11,4,37,12,1,20,
GCF_000348405.fna.gz,vcholerae,69,7,11,4,37,12,1,20,
GCF_000348425.fna.gz,vcholerae,743,113,90,46,19,18,1,205,
GCF_000348445.fna.gz,vcholerae,69,7,11,4,37,12,1,20,
GCF_000348465.fna.gz,vcholerae,69,7,11,4,37,12,1,20,
GCF_000348485.fna.gz,vcholerae,69,7,11,4,37,12,1,20,
GCF_000348505.fna.gz,vcholerae,69,7,11,4,37,12,1,20,
GCF_000387585.fna.gz,vcholerae,754,25,124,22,16,21,97,204,
GCF_000387605.fna.gz,vcholerae,754,25,124,22,16,21,97,204,
GCF_000387625.fna.gz,vcholerae,754,25,124,22,16,21,97,204,
GCF_000387645.fna.gz,vcholerae,754,25,124,22,16,21,97,204,
GCF_000387665.fna.gz,vcholerae,754,25,124,22,16,21,97,204,
GCF_000387685.fna.gz,vcholerae,754,25,124,22,16,21,97,204,
GCF_000387705.fna.gz,vcholerae,754,25,124,22,16,21,97,204,
GCF_000387725.fna.gz,vcholerae,754,25,124,22,16,21,97,204,
GCF_000438805.fna.gz,vcholerae,1413,17,33,51,31,120,10,29,
GCF_000474965.fna.gz,vcholerae,740,110,36,14,40,30,14,4,
GCF_000487955.fna.gz,vcholerae,69,7,11,4,37,12,1,20,
GCF_000500675.fna.gz,vcholerae,69,7,11,4,37,12,1,20,
GCF_000500695.fna.gz,vcholerae,69,7,11,4,37,12,1,20,
GCF_000500715.fna.gz,vcholerae,69,7,11,4,37,12,1,20,
GCF_000500735.fna.gz,vcholerae,69,7,11,4,37,12,1,20,
GCF_000569115.fna.gz,vcholerae,69,7,11,4,37,12,1,20,
GCF_000621645.fna.gz,vcholerae,73,7,11,4,9,12,1,38,
GCF_000710155.fna.gz,vcholerae,729,1,11,14,17,23,1,69,
GCF_000710445.fna.gz,vcholerae,69,7,11,4,37,12,1,20,
GCF_000710455.fna.gz,vcholerae,69,7,11,4,37,12,1,20,
GCF_000736765.fna.gz,vcholerae,755,24,126,8,55,157,1,45,
GCF_000736775.fna.gz,vcholerae,11,12,5,3,33,31,18,26,
GCF_000736785.fna.gz,vcholerae,15,14,23,6,47,11,1,36,
GCF_000736795.fna.gz,vcholerae,756,26,127,14,50,31,14,45,
GCF_000736845.fna.gz,vcholerae,69,7,11,4,37,12,1,20,
GCF_000736855.fna.gz,vcholerae,-,26,5,14,162,29,14,-,
GCF_000736865.fna.gz,vcholerae,69,7,11,4,37,12,1,20,
GCF_000736875.fna.gz,vcholerae,1010,2,5,3,50,30,45,45,
GCF_000736925.fna.gz,vcholerae,74,7,12,14,37,12,1,36,
GCF_000736935.fna.gz,vcholerae,5,1,42,4,60,20,1,12,
GCF_000736945.fna.gz,vcholerae,17,14,38,14,43,8,21,11,
GCF_000737005.fna.gz,vcholerae,42,25,5,22,16,21,8,11,
GCF_000737015.fna.gz,vcholerae,1103,26,46,26,57,63,10,29,
GCF_000737025.fna.gz,vcholerae,555,24,5,98,196,14,6,45,
GCF_000754625.fna.gz,vcholerae,73,7,11,4,9,12,1,38,
GCF_000763075.fna.gz,vcholerae,69,7,11,4,37,12,1,20,
GCF_000765415.fna.gz,vcholerae,69,7,11,4,37,12,1,20,
GCF_000788415.fna.gz,vcholerae,69,7,11,4,37,12,1,20,
GCF_000788425.fna.gz,vcholerae,69,7,11,4,37,12,1,20,
GCF_000788435.fna.gz,vcholerae,69,7,11,4,37,12,1,20,
GCF_000788495.fna.gz,vcholerae,757,55,5,3,265,64,1,206,
GCF_000788515.fna.gz,vcholerae,new_alleles,19,38,~14,356,18,~1,280,
GCF_000788535.fna.gz,vcholerae,69,7,11,4,37,12,1,20,
GCF_000788555.fna.gz,vcholerae,69,7,11,4,37,12,1,20,
GCF_000788575.fna.gz,vcholerae,69,7,11,4,37,12,1,20,
GCF_000788595.fna.gz,vcholerae,69,7,11,4,37,12,1,20,
GCF_000788615.fna.gz,vcholerae,69,7,11,4,37,12,1,20,
GCF_000788635.fna.gz,vcholerae,69,7,11,4,37,12,1,20,
GCF_000788655.fna.gz,vcholerae,69,7,11,4,37,12,1,20,
GCF_000788675.fna.gz,vcholerae,758,1,44,1,278,4,8,207,
GCF_000788695.fna.gz,vcholerae,-,-,11,4,37,12,1,20,
GCF_000788715.fna.gz,vcholerae,173,7,57,15,96,2,1,75,
GCF_000788735.fna.gz,vcholerae,69,7,11,4,37,12,1,20,
GCF_000788755.fna.gz,vcholerae,752,24,36,14,22,30,1,45,
GCF_000788775.fna.gz,vcholerae,new_alleles,19,38,~14,356,18,~1,280,
GCF_000788795.fna.gz,vcholerae,69,7,11,4,37,12,1,20,
GCF_000788815.fna.gz,vcholerae,69,7,11,4,37,12,1,20,
GCF_000788835.fna.gz,vcholerae,69,7,11,4,37,12,1,20,
GCF_000788855.fna.gz,vcholerae,69,7,11,4,37,12,1,20,
GCF_000788875.fna.gz,vcholerae,69,7,11,4,37,12,1,20,
GCF_000788895.fna.gz,vcholerae,69,7,11,4,37,12,1,20,
GCF_000788915.fna.gz,vcholerae,69,7,11,4,37,12,1,20,
GCF_000788935.fna.gz,vcholerae,69,7,11,4,37,12,1,20,
GCF_000788955.fna.gz,vcholerae,69,7,11,4,37,12,1,20,
GCF_000788975.fna.gz,vcholerae,69,7,11,4,37,12,1,20,
GCF_000788995.fna.gz,vcholerae,69,7,11,4,37,12,1,20,
GCF_000789015.fna.gz,vcholerae,69,7,11,4,37,12,1,20,
GCF_000789035.fna.gz,vcholerae,69,7,11,4,37,12,1,20,
GCF_000789055.fna.gz,vcholerae,69,7,11,4,37,12,1,20,
GCF_000789075.fna.gz,vcholerae,69,7,11,4,37,12,1,20,
GCF_000789095.fna.gz,vcholerae,69,7,11,4,37,12,1,20,
GCF_000789115.fna.gz,vcholerae,69,7,11,4,37,12,1,20,
GCF_000789135.fna.gz,vcholerae,69,7,11,4,37,12,1,20,
GCF_000789155.fna.gz,vcholerae,69,7,11,4,37,12,1,20,
GCF_000812045.fna.gz,vcholerae,new_alleles,51,~4,14,~407,~220,59,108,
GCF_000818865.fna.gz,vcholerae,75,7,2,4,37,12,1,38,
GCF_000829215.fna.gz,vcholerae,75,7,2,4,37,12,1,38,
GCF_000963555.fna.gz,vcholerae,69,7,11,4,37,12,1,20,
GCF_000969235.fna.gz,vcholerae,14,14,14,4,53,22,17,35,
GCF_000969265.fna.gz,vcholerae,741,111,125,14,1,19,1,59,
GCF_001027485.fna.gz,vcholerae,69,7,11,4,37,12,1,20,
GCF_001027495.fna.gz,vcholerae,69,7,11,4,37,12,1,20,
GCF_001027505.fna.gz,vcholerae,69,7,11,4,37,12,1,20,
GCF_001029975.fna.gz,vcholerae,69,7,11,4,37,12,1,20,
GCF_001030015.fna.gz,vcholerae,69,7,11,4,37,12,1,20,
GCF_001030035.fna.gz,vcholerae,69,7,11,4,37,12,1,20,
GCF_001184775.fna.gz,vcholerae,69,7,11,4,37,12,1,20,
GCF_001186485.fna.gz,vcholerae,69,7,11,4,37,12,1,20,
GCF_001186495.fna.gz,vcholerae,69,7,11,4,37,12,1,20,
GCF_001186505.fna.gz,vcholerae,69,7,11,4,37,12,1,20,
GCF_001186515.fna.gz,vcholerae,69,7,11,4,37,12,1,20,
GCF_001186565.fna.gz,vcholerae,69,7,11,4,37,12,1,20,
GCF_001186575.fna.gz,vcholerae,69,7,11,4,37,12,1,20,
GCF_001186585.fna.gz,vcholerae,69,7,11,4,37,12,1,20,
GCF_001186595.fna.gz,vcholerae,69,7,11,4,37,12,1,20,
GCF_001186645.fna.gz,vcholerae,69,7,11,4,37,12,1,20,
GCF_001186655.fna.gz,vcholerae,69,7,11,4,37,12,1,20,
GCF_001186665.fna.gz,vcholerae,69,7,11,4,37,12,1,20,
GCF_001186675.fna.gz,vcholerae,69,7,11,4,37,12,1,20,
GCF_001186725.fna.gz,vcholerae,69,7,11,4,37,12,1,20,
GCF_001186735.fna.gz,vcholerae,69,7,11,4,37,12,1,20,
GCF_001186755.fna.gz,vcholerae,69,7,11,4,37,12,1,20,
GCF_001186785.fna.gz,vcholerae,69,7,11,4,37,12,1,20,
GCF_001186805.fna.gz,vcholerae,69,7,11,4,37,12,1,20,
GCF_001186825.fna.gz,vcholerae,69,7,11,4,37,12,1,20,
GCF_001186835.fna.gz,vcholerae,69,7,11,4,37,12,1,20,
GCF_001186855.fna.gz,vcholerae,69,7,11,4,37,12,1,20,
GCF_001186885.fna.gz,vcholerae,69,7,11,4,37,12,1,20,
GCF_001186905.fna.gz,vcholerae,69,7,11,4,37,12,1,20,
GCF_001186915.fna.gz,vcholerae,69,7,11,4,37,12,1,20,
GCF_001186925.fna.gz,vcholerae,69,7,11,4,37,12,1,20,
GCF_001186965.fna.gz,vcholerae,69,7,11,4,37,12,1,20,
GCF_001186985.fna.gz,vcholerae,69,7,11,4,37,12,1,20,
GCF_001186995.fna.gz,vcholerae,69,7,11,4,37,12,1,20,
GCF_001187015.fna.gz,vcholerae,69,7,11,4,37,12,1,20,
GCF_001187025.fna.gz,vcholerae,69,7,11,4,37,12,1,20,
GCF_001187065.fna.gz,vcholerae,69,7,11,4,37,12,1,20,
GCF_001187085.fna.gz,vcholerae,69,7,11,4,37,12,1,20,
GCF_001187095.fna.gz,vcholerae,69,7,11,4,37,12,1,20,
GCF_001187105.fna.gz,vcholerae,69,7,11,4,37,12,1,20,
GCF_001187145.fna.gz,vcholerae,69,7,11,4,37,12,1,20,
GCF_001187165.fna.gz,vcholerae,69,7,11,4,37,12,1,20,
GCF_001187175.fna.gz,vcholerae,69,7,11,4,37,12,1,20,
GCF_001187185.fna.gz,vcholerae,69,7,11,4,37,12,1,20,
GCF_001187225.fna.gz,vcholerae,69,7,11,4,37,12,1,20,
GCF_001187245.fna.gz,vcholerae,69,7,11,4,37,12,1,20,
GCF_001187255.fna.gz,vcholerae,69,7,11,4,37,12,1,20,
GCF_001187265.fna.gz,vcholerae,69,7,11,4,37,12,1,20,
GCF_001247245.fna.gz,vcholerae,69,7,11,4,37,12,1,20,
GCF_001247525.fna.gz,vcholerae,69,7,11,4,37,12,1,20,
GCF_001247835.fna.gz,vcholerae,69,7,11,4,37,12,1,20,
GCF_001247885.fna.gz,vcholerae,69,7,11,4,37,12,1,20,
GCF_001248195.fna.gz,vcholerae,73,7,11,4,9,12,1,38,
GCF_001248465.fna.gz,vcholerae,69,7,11,4,37,12,1,20,
GCF_001248505.fna.gz,vcholerae,69,7,11,4,37,12,1,20,
GCF_001248645.fna.gz,vcholerae,69,7,11,4,37,12,1,20,
GCF_001248905.fna.gz,vcholerae,73,7,11,4,9,12,1,38,
GCF_001249085.fna.gz,vcholerae,69,7,11,4,37,12,1,20,
GCF_001249315.fna.gz,vcholerae,69,7,11,4,37,12,1,20,
GCF_001249515.fna.gz,vcholerae,-,7,11,4,37,12,-,20,
GCF_001249715.fna.gz,vcholerae,69,7,11,4,37,12,1,20,
GCF_001249795.fna.gz,vcholerae,69,7,11,4,37,12,1,20,
GCF_001249995.fna.gz,vcholerae,69,7,11,4,37,12,1,20,
GCF_001250035.fna.gz,vcholerae,69,7,11,4,37,12,1,20,
GCF_001250235.fna.gz,vcholerae,69,7,11,4,37,12,1,20,
GCF_001250435.fna.gz,vcholerae,69,7,11,4,37,12,1,20,
GCF_001250455.fna.gz,vcholerae,69,7,11,4,37,12,1,20,
GCF_001250615.fna.gz,vcholerae,69,7,11,4,37,12,1,20,
GCF_001250795.fna.gz,vcholerae,69,7,11,4,37,12,1,20,
GCF_001251435.fna.gz,vcholerae,69,7,11,4,37,12,1,20,
GCF_001251495.fna.gz,vcholerae,-,7,11,4,9,12,1,-,
GCF_001251935.fna.gz,vcholerae,69,7,11,4,37,12,1,20,
GCF_001252055.fna.gz,vcholerae,69,7,11,4,37,12,1,20,
GCF_001252075.fna.gz,vcholerae,69,7,11,4,37,12,1,20,
GCF_001252495.fna.gz,vcholerae,69,7,11,4,37,12,1,20,
GCF_001252675.fna.gz,vcholerae,69,7,11,4,37,12,1,20,
GCF_001252775.fna.gz,vcholerae,69,7,11,4,37,12,1,20,
GCF_001252855.fna.gz,vcholerae,69,7,11,4,37,12,1,20,
GCF_001252875.fna.gz,vcholerae,69,7,11,4,37,12,1,20,
GCF_001252895.fna.gz,vcholerae,69,7,11,4,37,12,1,20,
GCF_001253035.fna.gz,vcholerae,69,7,11,4,37,12,1,20,
GCF_001253055.fna.gz,vcholerae,69,7,11,4,37,12,1,20,
GCF_001253155.fna.gz,vcholerae,69,7,11,4,37,12,1,20,
GCF_001253235.fna.gz,vcholerae,69,7,11,4,37,12,1,20,
GCF_001253575.fna.gz,vcholerae,73,7,11,4,9,12,1,38,
GCF_001253695.fna.gz,vcholerae,69,7,11,4,37,12,1,20,
GCF_001254055.fna.gz,vcholerae,new_alleles,~7,11,4,37,12,1,20,
GCF_001254095.fna.gz,vcholerae,new_alleles,3,5,11,~190,66,~73,137,
GCF_001254335.fna.gz,vcholerae,69,7,11,4,37,12,1,20,
GCF_001254355.fna.gz,vcholerae,69,7,11,4,37,12,1,20,
GCF_001254435.fna.gz,vcholerae,69,7,11,4,37,12,1,20,
GCF_001254535.fna.gz,vcholerae,73,7,11,4,9,12,1,38,
GCF_001254635.fna.gz,vcholerae,69,7,11,4,37,12,1,20,
GCF_001254655.fna.gz,vcholerae,69,7,11,4,37,12,1,20,
GCF_001254675.fna.gz,vcholerae,69,7,11,4,37,12,1,20,
GCF_001254815.fna.gz,vcholerae,69,7,11,4,37,12,1,20,
GCF_001254895.fna.gz,vcholerae,69,7,11,4,37,12,1,20,
GCF_001255155.fna.gz,vcholerae,69,7,11,4,37,12,1,20,
GCF_001255575.fna.gz,vcholerae,69,7,11,4,37,12,1,20,
GCF_001255835.fna.gz,vcholerae,69,7,11,4,37,12,1,20,
GCF_001255915.fna.gz,vcholerae,69,7,11,4,37,12,1,20,
GCF_001256015.fna.gz,vcholerae,69,7,11,4,37,12,1,20,
GCF_001256355.fna.gz,vcholerae,69,7,11,4,37,12,1,20,
GCF_001257035.fna.gz,vcholerae,69,7,11,4,37,12,1,20,
GCF_001257075.fna.gz,vcholerae,69,7,11,4,37,12,1,20,
GCF_001257215.fna.gz,vcholerae,69,7,11,4,37,12,1,20,
GCF_001257835.fna.gz,vcholerae,69,7,11,4,37,12,1,20,
GCF_001257895.fna.gz,vcholerae,69,7,11,4,37,12,1,20,
GCF_001257975.fna.gz,vcholerae,69,7,11,4,37,12,1,20,
GCF_001258495.fna.gz,vcholerae,69,7,11,4,37,12,1,20,
GCF_001258535.fna.gz,vcholerae,69,7,11,4,37,12,1,20,
GCF_001258555.fna.gz,vcholerae,69,7,11,4,37,12,1,20,
GCF_001258995.fna.gz,vcholerae,69,7,11,4,37,12,1,20,
GCF_001259055.fna.gz,vcholerae,69,7,11,4,37,12,1,20,
GCF_001259135.fna.gz,vcholerae,69,7,11,4,37,12,1,20,
GCF_001259235.fna.gz,vcholerae,69,7,11,4,37,12,1,20,
GCF_001259475.fna.gz,vcholerae,69,7,11,4,37,12,1,20,
GCF_001259495.fna.gz,vcholerae,73,7,11,4,9,12,1,38,
GCF_001259555.fna.gz,vcholerae,73,7,11,4,9,12,1,38,
GCF_001259635.fna.gz,vcholerae,73,7,11,4,9,12,1,38,
GCF_001259715.fna.gz,vcholerae,69,7,11,4,37,12,1,20,
GCF_001259875.fna.gz,vcholerae,69,7,11,4,37,12,1,20,
GCF_001259995.fna.gz,vcholerae,new_alleles,73,5,89,~190,66,73,137,
GCF_001260175.fna.gz,vcholerae,69,7,11,4,37,12,1,20,
GCF_001260295.fna.gz,vcholerae,69,7,11,4,37,12,1,20,
GCF_001260335.fna.gz,vcholerae,69,7,11,4,37,12,1,20,
GCF_001260695.fna.gz,vcholerae,69,7,11,4,37,12,1,20,
GCF_001260915.fna.gz,vcholerae,73,7,11,4,9,12,1,38,
GCF_001260995.fna.gz,vcholerae,69,7,11,4,37,12,1,20,
GCF_001261075.fna.gz,vcholerae,69,7,11,4,37,12,1,20,
GCF_001261335.fna.gz,vcholerae,69,7,11,4,37,12,1,20,
GCF_001261535.fna.gz,vcholerae,69,7,11,4,37,12,1,20,
GCF_001261555.fna.gz,vcholerae,69,7,11,4,37,12,1,20,
GCF_001281585.fna.gz,vcholerae,69,7,11,4,37,12,1,20,
GCF_001281595.fna.gz,vcholerae,69,7,11,4,37,12,1,20,
GCF_001281665.fna.gz,vcholerae,69,7,11,4,37,12,1,20,
GCF_001282605.fna.gz,vcholerae,69,7,11,4,37,12,1,20,
GCF_001292745.fna.gz,vcholerae,163,26,5,45,50,31,14,45,
GCF_001292785.fna.gz,vcholerae,759,26,5,14,50,158,14,45,
GCF_001318185.fna.gz,vcholerae,69,7,11,4,37,12,1,20,
GCF_001402185.fna.gz,vcholerae,747,13,5,15,56,66,69,39,
GCF_001402255.fna.gz,vcholerae,335,14,81,14,43,99,71,132,
GCF_001402265.fna.gz,vcholerae,749,14,1,14,130,6,9,39,
GCF_001402275.fna.gz,vcholerae,335,14,81,14,43,99,71,132,
GCF_001402285.fna.gz,vcholerae,1396,1,1,4,4,29,17,231,
GCF_001402335.fna.gz,vcholerae,747,13,5,15,56,66,69,39,
GCF_001402365.fna.gz,vcholerae,750,14,1,14,130,6,8,39,
GCF_001402375.fna.gz,vcholerae,335,14,81,14,43,99,71,132,
GCF_001402415.fna.gz,vcholerae,749,14,1,14,130,6,9,39,
GCF_001402425.fna.gz,vcholerae,463,18,5,15,48,17,1,45,
GCF_001402435.fna.gz,vcholerae,747,13,5,15,56,66,69,39,
GCF_001402445.fna.gz,vcholerae,749,14,1,14,130,6,9,39,
GCF_001402535.fna.gz,vcholerae,749,14,1,14,130,6,9,39,
GCF_001402545.fna.gz,vcholerae,1396,1,1,4,4,29,17,231,
GCF_001402575.fna.gz,vcholerae,463,18,5,15,48,17,1,45,
GCF_001402585.fna.gz,vcholerae,335,14,81,14,43,99,71,132,
GCF_001402595.fna.gz,vcholerae,749,14,1,14,130,6,9,39,
GCF_001402605.fna.gz,vcholerae,463,18,5,15,48,17,1,45,
GCF_001402655.fna.gz,vcholerae,1396,1,1,4,4,29,17,231,
GCF_001411585.fna.gz,vcholerae,335,14,81,14,43,99,71,132,
GCF_001471455.fna.gz,vcholerae,73,7,11,4,9,12,1,38,
GCF_001471585.fna.gz,vcholerae,new_ST,15,29,14,18,10,1,22,
GCF_001517845.fna.gz,vcholerae,69,7,11,4,37,12,1,20,
GCF_001517855.fna.gz,vcholerae,69,7,11,4,37,12,1,20,
GCF_001525525.fna.gz,vcholerae,68,7,11,4,17,23,1,35,
GCF_001543465.fna.gz,vcholerae,69,7,11,4,37,12,1,20,
GCF_001617675.fna.gz,vcholerae,69,7,11,4,37,12,1,20,
GCF_001637575.fna.gz,vcholerae,75,7,2,4,37,12,1,38,
GCF_001639085.fna.gz,vcholerae,69,7,11,4,37,12,1,20,
GCF_001641685.fna.gz,vcholerae,75,7,2,4,37,12,1,38,
GCF_001641705.fna.gz,vcholerae,75,7,2,4,37,12,1,38,
GCF_001683415.fna.gz,vcholerae,75,7,2,4,37,12,1,38,
GCF_001718095.fna.gz,vcholerae,762,60,38,14,280,38,53,90,
GCF_001718105.fna.gz,vcholerae,763,100,1,130,281,6,94,187,
GCF_001729125.fna.gz,vcholerae,new_alleles,73,5,89,~190,66,73,137,
GCF_001729155.fna.gz,vcholerae,28,2,23,15,42,18,13,10,
GCF_001729185.fna.gz,vcholerae,75,7,2,4,37,12,1,38,
GCF_001729195.fna.gz,vcholerae,new_alleles,1,31,56,~392,3,1,235,
GCF_001735565.fna.gz,vcholerae,764,114,36,76,282,66,99,209,
GCF_001743085.fna.gz,vcholerae,3,1,15,19,15,24,5,14,
GCF_001854425.fna.gz,vcholerae,173,7,57,15,96,2,1,75,
GCF_001857145.fna.gz,vcholerae,75,7,2,4,37,12,1,38,
GCF_001857155.fna.gz,vcholerae,new_alleles,~139,75,~73,45,~50,8,100,
GCF_001857165.fna.gz,vcholerae,735,25,124,22,16,21,8,204,
GCF_001857175.fna.gz,vcholerae,new_alleles,~139,75,~73,45,~50,8,100,
GCF_001857225.fna.gz,vcholerae,738,26,5,14,50,28,14,45,
GCF_001857245.fna.gz,vcholerae,75,7,2,4,37,12,1,38,
GCF_001857265.fna.gz,vcholerae,742,112,15,126,15,24,5,14,
GCF_001857285.fna.gz,vcholerae,new_alleles,73,5,89,~190,66,73,137,
GCF_001857305.fna.gz,vcholerae,731,1,15,126,15,24,5,14,
GCF_001857325.fna.gz,vcholerae,75,7,2,4,37,12,1,38,
GCF_001857345.fna.gz,vcholerae,731,1,15,126,15,24,5,14,
GCF_001857355.fna.gz,vcholerae,75,7,2,4,37,12,1,38,
GCF_001857365.fna.gz,vcholerae,3,1,15,19,15,24,5,14,
GCF_001857405.fna.gz,vcholerae,48,26,5,14,54,28,14,45,
GCF_001857425.fna.gz,vcholerae,738,26,5,14,50,28,14,45,
GCF_001857435.fna.gz,vcholerae,69,7,11,4,37,12,1,20,
GCF_001857455.fna.gz,vcholerae,1389,73,32,24,20,33,1,27,
GCF_001857485.fna.gz,vcholerae,new_alleles,~163,~36,184,~187,3,61,200,
GCF_001857505.fna.gz,vcholerae,734,25,123,22,16,21,8,11,
GCF_001857515.fna.gz,vcholerae,1351,24,5,3,22,31,18,45,
GCF_001857545.fna.gz,vcholerae,68,7,11,4,17,23,1,35,
GCF_001858445.fna.gz,vcholerae,69,7,11,4,37,12,1,20,
GCF_001858455.fna.gz,vcholerae,69,7,11,4,37,12,1,20,
GCF_001858465.fna.gz,vcholerae,69,7,11,4,37,12,1,20,
GCF_001858475.fna.gz,vcholerae,69,7,11,4,37,12,1,20,
GCF_001858585.fna.gz,vcholerae,-,-,11,4,37,12,1,20,
GCF_001860225.fna.gz,vcholerae,69,7,11,4,37,12,1,20,
GCF_001860265.fna.gz,vcholerae,69,7,11,4,37,12,1,20,
GCF_001860285.fna.gz,vcholerae,69,7,11,4,37,12,1,20,
GCF_001860295.fna.gz,vcholerae,-,7,-,4,37,12,1,20,
GCF_001860315.fna.gz,vcholerae,69,7,11,4,37,12,1,20,
GCF_001860345.fna.gz,vcholerae,69,7,11,4,37,12,1,20,
GCF_001860365.fna.gz,vcholerae,69,7,11,4,37,12,1,20,
GCF_001860385.fna.gz,vcholerae,69,7,11,4,37,12,1,20,
GCF_001860395.fna.gz,vcholerae,69,7,11,4,37,12,1,20,
GCF_001860425.fna.gz,vcholerae,69,7,11,4,37,12,1,20,
GCF_001860445.fna.gz,vcholerae,69,7,11,4,37,12,1,20,
GCF_001860465.fna.gz,vcholerae,69,7,11,4,37,12,1,20,
GCF_001860485.fna.gz,vcholerae,69,7,11,4,37,12,1,20,
GCF_001887395.fna.gz,vcholerae,69,7,11,4,37,12,1,20,
GCF_001887415.fna.gz,vcholerae,71,7,11,4,37,12,1,38,
GCF_001887435.fna.gz,vcholerae,69,7,11,4,37,12,1,20,
GCF_001887455.fna.gz,vcholerae,69,7,11,4,37,12,1,20,
GCF_001887475.fna.gz,vcholerae,75,7,2,4,37,12,1,38,
GCF_001887495.fna.gz,vcholerae,69,7,11,4,37,12,1,20,
GCF_001887515.fna.gz,vcholerae,71,7,11,4,37,12,1,38,
GCF_001887615.fna.gz,vcholerae,71,7,11,4,37,12,1,38,
GCF_001887635.fna.gz,vcholerae,70,7,11,4,37,12,1,37,
GCF_001887655.fna.gz,vcholerae,69,7,11,4,37,12,1,20,
GCF_001899465.fna.gz,vcholerae,69,7,11,4,37,12,1,20,
GCF_002073335.fna.gz,vcholerae,69,7,11,4,37,12,1,20,
GCF_002076155.fna.gz,vcholerae,69,7,11,4,37,12,1,20,
GCF_002076165.fna.gz,vcholerae,69,7,11,4,37,12,1,20,
GCF_002076175.fna.gz,vcholerae,69,7,11,4,37,12,1,20,
GCF_002076185.fna.gz,vcholerae,69,7,11,4,37,12,1,20,
GCF_002076235.fna.gz,vcholerae,69,7,11,4,37,12,1,20,
GCF_002076245.fna.gz,vcholerae,69,7,11,4,37,12,1,20,
GCF_002076255.fna.gz,vcholerae,515,7,11,4,206,12,1,20,
GCF_002076265.fna.gz,vcholerae,69,7,11,4,37,12,1,20,
GCF_002076315.fna.gz,vcholerae,69,7,11,4,37,12,1,20,
GCF_002076415.fna.gz,vcholerae,69,7,11,4,37,12,1,20,
GCF_002076425.fna.gz,vcholerae,69,7,11,4,37,12,1,20,
GCF_002076455.fna.gz,vcholerae,69,7,11,4,37,12,1,20,
GCF_002076465.fna.gz,vcholerae,69,7,11,4,37,12,1,20,
GCF_002076475.fna.gz,vcholerae,515,7,11,4,206,12,1,20,
GCF_002076485.fna.gz,vcholerae,69,7,11,4,37,12,1,20,
GCF_002076535.fna.gz,vcholerae,515,7,11,4,206,12,1,20,
GCF_002076545.fna.gz,vcholerae,69,7,11,4,37,12,1,20,
GCF_002076575.fna.gz,vcholerae,69,7,11,4,37,12,1,20,
GCF_002076585.fna.gz,vcholerae,69,7,11,4,37,12,1,20,
GCF_002076615.fna.gz,vcholerae,69,7,11,4,37,12,1,20,
GCF_002076635.fna.gz,vcholerae,69,7,11,4,37,12,1,20,
GCF_002076645.fna.gz,vcholerae,69,7,11,4,37,12,1,20,
GCF_002076665.fna.gz,vcholerae,69,7,11,4,37,12,1,20,
GCF_002076695.fna.gz,vcholerae,69,7,11,4,37,12,1,20,
GCF_002076705.fna.gz,vcholerae,69,7,11,4,37,12,1,20,
GCF_002076735.fna.gz,vcholerae,69,7,11,4,37,12,1,20,
GCF_002076745.fna.gz,vcholerae,69,7,11,4,37,12,1,20,
GCF_002076775.fna.gz,vcholerae,515,7,11,4,206,12,1,20,
GCF_002076785.fna.gz,vcholerae,69,7,11,4,37,12,1,20,
GCF_002078055.fna.gz,vcholerae,515,7,11,4,206,12,1,20,
GCF_002078595.fna.gz,vcholerae,515,7,11,4,206,12,1,20,
GCF_002078635.fna.gz,vcholerae,69,7,11,4,37,12,1,20,
GCF_002078695.fna.gz,vcholerae,69,7,11,4,37,12,1,20,
GCF_002078705.fna.gz,vcholerae,69,7,11,4,37,12,1,20,
GCF_002078715.fna.gz,vcholerae,69,7,11,4,37,12,1,20,
GCF_002078755.fna.gz,vcholerae,69,7,11,4,37,12,1,20,
GCF_002078795.fna.gz,vcholerae,69,7,11,4,37,12,1,20,
GCF_002078815.fna.gz,vcholerae,69,7,11,4,37,12,1,20,
GCF_002078825.fna.gz,vcholerae,69,7,11,4,37,12,1,20,
GCF_002097735.fna.gz,vcholerae,766,2,129,131,284,160,1,167,
GCF_002097745.fna.gz,vcholerae,733,19,1,14,66,39,1,45,
GCF_002097755.fna.gz,vcholerae,1346,17,5,25,31,36,10,29,
GCF_002097765.fna.gz,vcholerae,69,7,11,4,37,12,1,20,
GCF_002097815.fna.gz,vcholerae,1347,23,46,26,32,63,10,25,
GCF_002097825.fna.gz,vcholerae,69,7,11,4,37,12,1,20,
GCF_002097835.fna.gz,vcholerae,69,7,11,4,37,12,1,20,
GCF_002097845.fna.gz,vcholerae,69,7,11,4,37,12,1,20,
GCF_002097895.fna.gz,vcholerae,69,7,11,4,37,12,1,20,
GCF_002097905.fna.gz,vcholerae,69,7,11,4,37,12,1,20,
GCF_002097915.fna.gz,vcholerae,69,7,11,4,37,12,1,20,
GCF_002097925.fna.gz,vcholerae,69,7,11,4,37,12,1,20,
GCF_002097975.fna.gz,vcholerae,69,7,11,4,37,12,1,20,
GCF_002097985.fna.gz,vcholerae,69,7,11,4,37,12,1,20,
GCF_002097995.fna.gz,vcholerae,69,7,11,4,37,12,1,20,
GCF_002098005.fna.gz,vcholerae,69,7,11,4,37,12,1,20,
GCF_002098055.fna.gz,vcholerae,69,7,11,4,37,12,1,20,
GCF_002098065.fna.gz,vcholerae,69,7,11,4,37,12,1,20,
GCF_002098075.fna.gz,vcholerae,69,7,11,4,37,12,1,20,
GCF_002098085.fna.gz,vcholerae,69,7,11,4,37,12,1,20,
GCF_002098135.fna.gz,vcholerae,69,7,11,4,37,12,1,20,
GCF_002098145.fna.gz,vcholerae,69,7,11,4,37,12,1,20,
GCF_002098155.fna.gz,vcholerae,69,7,11,4,37,12,1,20,
GCF_002098195.fna.gz,vcholerae,69,7,11,4,37,12,1,20,
GCF_002098215.fna.gz,vcholerae,69,7,11,4,37,12,1,20,
GCF_002098225.fna.gz,vcholerae,69,7,11,4,37,12,1,20,
GCF_002098235.fna.gz,vcholerae,69,7,11,4,37,12,1,20,
GCF_002098255.fna.gz,vcholerae,69,7,11,4,37,12,1,20,
GCF_002098295.fna.gz,vcholerae,69,7,11,4,37,12,1,20,
GCF_002098305.fna.gz,vcholerae,69,7,11,4,37,12,1,20,
GCF_002098335.fna.gz,vcholerae,69,7,11,4,37,12,1,20,
GCF_002098345.fna.gz,vcholerae,69,7,11,4,37,12,1,20,
GCF_002098355.fna.gz,vcholerae,69,7,11,4,37,12,1,20,
GCF_002098365.fna.gz,vcholerae,69,7,11,4,37,12,1,20,
GCF_002098415.fna.gz,vcholerae,69,7,11,4,37,12,1,20,
GCF_002098425.fna.gz,vcholerae,69,7,11,4,37,12,1,20,
GCF_002098435.fna.gz,vcholerae,69,7,11,4,37,12,1,20,
GCF_002098445.fna.gz,vcholerae,69,7,11,4,37,12,1,20,
GCF_002098495.fna.gz,vcholerae,69,7,11,4,37,12,1,20,
GCF_002098515.fna.gz,vcholerae,69,7,11,4,37,12,1,20,
GCF_002098525.fna.gz,vcholerae,69,7,11,4,37,12,1,20,
GCF_002098535.fna.gz,vcholerae,69,7,11,4,37,12,1,20,
GCF_002098555.fna.gz,vcholerae,69,7,11,4,37,12,1,20,
GCF_002098595.fna.gz,vcholerae,69,7,11,4,37,12,1,20,
GCF_002098605.fna.gz,vcholerae,69,7,11,4,37,12,1,20,
GCF_002098625.fna.gz,vcholerae,69,7,11,4,37,12,1,20,
GCF_002098655.fna.gz,vcholerae,69,7,11,4,37,12,1,20,
GCF_002098675.fna.gz,vcholerae,69,7,11,4,37,12,1,20,
GCF_002098695.fna.gz,vcholerae,69,7,11,4,37,12,1,20,
GCF_002098705.fna.gz,vcholerae,69,7,11,4,37,12,1,20,
GCF_002098715.fna.gz,vcholerae,69,7,11,4,37,12,1,20,
GCF_002098755.fna.gz,vcholerae,69,7,11,4,37,12,1,20,
GCF_002098765.fna.gz,vcholerae,69,7,11,4,37,12,1,20,
GCF_002098795.fna.gz,vcholerae,69,7,11,4,37,12,1,20,
GCF_002098805.fna.gz,vcholerae,69,7,11,4,37,12,1,20,
GCF_002098835.fna.gz,vcholerae,69,7,11,4,37,12,1,20,
GCF_002098845.fna.gz,vcholerae,69,7,11,4,37,12,1,20,
GCF_002098875.fna.gz,vcholerae,69,7,11,4,37,12,1,20,
GCF_002098885.fna.gz,vcholerae,69,7,11,4,37,12,1,20,
GCF_002098915.fna.gz,vcholerae,69,7,11,4,37,12,1,20,
GCF_002098935.fna.gz,vcholerae,69,7,11,4,37,12,1,20,
GCF_002098955.fna.gz,vcholerae,69,7,11,4,37,12,1,20,
GCF_002098965.fna.gz,vcholerae,69,7,11,4,37,12,1,20,
GCF_002098995.fna.gz,vcholerae,69,7,11,4,37,12,1,20,
GCF_002099015.fna.gz,vcholerae,69,7,11,4,37,12,1,20,
GCF_002099035.fna.gz,vcholerae,69,7,11,4,37,12,1,20,
GCF_002099055.fna.gz,vcholerae,69,7,11,4,37,12,1,20,
GCF_002099065.fna.gz,vcholerae,69,7,11,4,37,12,1,20,
GCF_002099095.fna.gz,vcholerae,69,7,11,4,37,12,1,20,
GCF_002099115.fna.gz,vcholerae,69,7,11,4,37,12,1,20,
GCF_002099125.fna.gz,vcholerae,69,7,11,4,37,12,1,20,
GCF_002102575.fna.gz,vcholerae,69,7,11,4,37,12,1,20,
GCF_002114205.fna.gz,vcholerae,753,62,5,7,188,78,1,24,
GCF_002194155.fna.gz,vcholerae,69,7,11,4,37,12,1,20,
GCF_002194165.fna.gz,vcholerae,69,7,11,4,37,12,1,20,
GCF_002194185.fna.gz,vcholerae,69,7,11,4,37,12,1,20,
GCF_002194215.fna.gz,vcholerae,69,7,11,4,37,12,1,20,
GCF_002194235.fna.gz,vcholerae,69,7,11,4,37,12,1,20,
GCF_002194245.fna.gz,vcholerae,69,7,11,4,37,12,1,20,
GCF_002194265.fna.gz,vcholerae,69,7,11,4,37,12,1,20,
GCF_002194295.fna.gz,vcholerae,69,7,11,4,37,12,1,20,
GCF_002194305.fna.gz,vcholerae,69,7,11,4,37,12,1,20,
GCF_002194335.fna.gz,vcholerae,69,7,11,4,37,12,1,20,
GCF_002196055.fna.gz,vcholerae,178,1,31,56,99,70,48,13,
GCF_002196065.fna.gz,vcholerae,75,7,2,4,37,12,1,38,
GCF_002196095.fna.gz,vcholerae,178,1,31,56,99,70,48,13,
GCF_002196105.fna.gz,vcholerae,69,7,11,4,37,12,1,20,
GCF_002196135.fna.gz,vcholerae,69,7,11,4,37,12,1,20,
GCF_002196155.fna.gz,vcholerae,69,7,11,4,37,12,1,20,
GCF_002196165.fna.gz,vcholerae,767,2,23,14,106,57,1,210,
GCF_002196175.fna.gz,vcholerae,69,7,11,4,37,12,1,20,
GCF_002196185.fna.gz,vcholerae,-,7,11,4,37,-,1,20,
GCF_002196225.fna.gz,vcholerae,178,1,31,56,99,70,48,13,
GCF_002196255.fna.gz,vcholerae,75,7,2,4,37,12,1,38,
GCF_002196305.fna.gz,vcholerae,3,1,15,19,15,24,5,14,
GCF_002196375.fna.gz,vcholerae,new_alleles,2,38,112,201,~190,88,~181,
GCF_002204075.fna.gz,vcholerae,69,7,11,4,37,12,1,20,
GCF_002204085.fna.gz,vcholerae,75,7,2,4,37,12,1,38,
GCF_002204095.fna.gz,vcholerae,69,7,11,4,37,12,1,20,
GCF_002204105.fna.gz,vcholerae,75,7,2,4,37,12,1,38,
GCF_002251495.fna.gz,vcholerae,-,-,44,11,64,3,8,43,
GCF_002284075.fna.gz,vcholerae,747,13,5,15,56,66,69,39,
GCF_002284095.fna.gz,vcholerae,335,14,81,14,43,99,71,132,
GCF_002284115.fna.gz,vcholerae,335,14,81,14,43,99,71,132,
GCF_002284125.fna.gz,vcholerae,new_alleles,3,48,29,36,25,3,~345,
GCF_002284155.fna.gz,vcholerae,768,73,81,14,285,161,101,211,
GCF_002284175.fna.gz,vcholerae,749,14,1,14,130,6,9,39,
GCF_002284185.fna.gz,vcholerae,751,14,78,63,128,61,1,163,
GCF_002284205.fna.gz,vcholerae,new_alleles,~114,44,109,~45,3,1,331,
GCF_002284235.fna.gz,vcholerae,769,14,5,29,47,22,1,212,
GCF_002284245.fna.gz,vcholerae,750,14,1,14,130,6,8,39,
GCF_002284255.fna.gz,vcholerae,1398,51,92,109,36,66,9,45,
GCF_002284265.fna.gz,vcholerae,747,13,5,15,56,66,69,39,
GCF_002284315.fna.gz,vcholerae,463,18,5,15,48,17,1,45,
GCF_002284325.fna.gz,vcholerae,770,13,44,11,286,3,102,213,
GCF_002284355.fna.gz,vcholerae,1398,51,92,109,36,66,9,45,
GCF_002284365.fna.gz,vcholerae,463,18,5,15,48,17,1,45,
GCF_002284395.fna.gz,vcholerae,771,14,130,14,287,3,9,214,
GCF_002284415.fna.gz,vcholerae,750,14,1,14,130,6,8,39,
GCF_002284425.fna.gz,vcholerae,new_ST,128,93,14,459,3,1,200,
GCF_002284455.fna.gz,vcholerae,773,1,97,14,288,3,9,215,
GCF_002284475.fna.gz,vcholerae,772,7,1,15,64,25,103,41,
GCF_002284495.fna.gz,vcholerae,773,1,97,14,288,3,9,215,
GCF_002313005.fna.gz,vcholerae,69,7,11,4,37,12,1,20,
GCF_002313025.fna.gz,vcholerae,746,12,5,2,1,30,6,40,
GCF_002407455.fna.gz,vcholerae,-,7,-,4,37,12,1,20,
GCF_002749635.fna.gz,vcholerae,69,7,11,4,37,12,1,20,
GCF_002807705.fna.gz,vcholerae,69,7,11,4,37,12,1,20,
GCF_002807725.fna.gz,vcholerae,69,7,11,4,37,12,1,20,
GCF_002807735.fna.gz,vcholerae,69,7,11,4,37,12,1,20,
GCF_002807765.fna.gz,vcholerae,69,7,11,4,37,12,1,20,
GCF_002807785.fna.gz,vcholerae,69,7,11,4,37,12,1,20,
GCF_002807805.fna.gz,vcholerae,69,7,11,4,37,12,1,20,
GCF_002807825.fna.gz,vcholerae,69,7,11,4,37,12,1,20,
GCF_002807835.fna.gz,vcholerae,69,7,11,4,37,12,1,20,
GCF_002807865.fna.gz,vcholerae,69,7,11,4,37,12,1,20,
GCF_002807875.fna.gz,vcholerae,69,7,11,4,37,12,1,20,
GCF_002807895.fna.gz,vcholerae,69,7,11,4,37,12,1,20,
GCF_002807925.fna.gz,vcholerae,69,7,11,4,37,12,1,20,
GCF_002807945.fna.gz,vcholerae,69,7,11,4,37,12,1,20,
GCF_002807965.fna.gz,vcholerae,69,7,11,4,37,12,1,20,
GCF_002807975.fna.gz,vcholerae,69,7,11,4,37,12,1,20,
GCF_002807985.fna.gz,vcholerae,69,7,11,4,37,12,1,20,
GCF_002808065.fna.gz,vcholerae,69,7,11,4,37,12,1,20,
GCF_002808075.fna.gz,vcholerae,69,7,11,4,37,12,1,20,
GCF_002808105.fna.gz,vcholerae,69,7,11,4,37,12,1,20,
GCF_002808125.fna.gz,vcholerae,69,7,11,4,37,12,1,20,
GCF_002808145.fna.gz,vcholerae,69,7,11,4,37,12,1,20,
GCF_002808155.fna.gz,vcholerae,69,7,11,4,37,12,1,20,
GCF_002808165.fna.gz,vcholerae,69,7,11,4,37,12,1,20,
GCF_002808205.fna.gz,vcholerae,69,7,11,4,37,12,1,20,
GCF_002808215.fna.gz,vcholerae,69,7,11,4,37,12,1,20,
GCF_002808225.fna.gz,vcholerae,69,7,11,4,37,12,1,20,
GCF_002808265.fna.gz,vcholerae,69,7,11,4,37,12,1,20,
GCF_002808275.fna.gz,vcholerae,69,7,11,4,37,12,1,20,
GCF_002808305.fna.gz,vcholerae,69,7,11,4,37,12,1,20,
GCF_002808325.fna.gz,vcholerae,69,7,11,4,37,12,1,20,
GCF_002808345.fna.gz,vcholerae,69,7,11,4,37,12,1,20,
GCF_002808355.fna.gz,vcholerae,69,7,11,4,37,12,1,20,
GCF_002808365.fna.gz,vcholerae,69,7,11,4,37,12,1,20,
GCF_002808405.fna.gz,vcholerae,69,7,11,4,37,12,1,20,
GCF_002808415.fna.gz,vcholerae,69,7,11,4,37,12,1,20,
GCF_002808435.fna.gz,vcholerae,69,7,11,4,37,12,1,20,
GCF_002808465.fna.gz,vcholerae,69,7,11,4,37,12,1,20,
GCF_002808485.fna.gz,vcholerae,69,7,11,4,37,12,1,20,
GCF_002843255.fna.gz,vcholerae,1438,19,5,1,1,30,6,40,
GCF_002890525.fna.gz,vcholerae,774,6,114,132,289,66,1,216,
GCF_002892855.fna.gz,vcholerae,69,7,11,4,37,12,1,20,
GCF_002899735.fna.gz,vcholerae,759,26,5,14,50,158,14,45,
GCF_002911455.fna.gz,vcholerae,69,7,11,4,37,12,1,20,
GCF_002918335.fna.gz,vcholerae,69,7,11,4,37,12,1,20,
GCF_002918345.fna.gz,vcholerae,69,7,11,4,37,12,1,20,
GCF_002946655.fna.gz,vcholerae,69,7,11,4,37,12,1,20,
GCF_002997215.fna.gz,vcholerae,69,7,11,4,37,12,1,20,
GCF_003013485.fna.gz,vcholerae,69,7,11,4,37,12,1,20,
GCF_003015005.fna.gz,vcholerae,69,7,11,4,37,12,1,20,
GCF_003056705.fna.gz,vcholerae,69,7,11,4,37,12,1,20,
GCF_003056955.fna.gz,vcholerae,775,7,11,133,37,12,1,38,
GCF_003056975.fna.gz,vcholerae,75,7,2,4,37,12,1,38,
GCF_003056995.fna.gz,vcholerae,3,1,15,19,15,24,5,14,
GCF_003057015.fna.gz,vcholerae,776,115,38,14,290,89,104,24,
GCF_003057035.fna.gz,vcholerae,760,14,5,128,13,109,98,38,
GCF_003057055.fna.gz,vcholerae,75,7,2,4,37,12,1,38,
GCF_003057075.fna.gz,vcholerae,75,7,2,4,37,12,1,38,
GCF_003057085.fna.gz,vcholerae,75,7,2,4,37,12,1,38,
GCF_003057115.fna.gz,vcholerae,744,1,31,56,99,68,48,13,
GCF_003057775.fna.gz,vcholerae,-,17,34,26,272,34,-,26,
GCF_003063785.fna.gz,vcholerae,69,7,11,4,37,12,1,20,
GCF_003063885.fna.gz,vcholerae,438,2,44,11,64,3,8,43,
GCF_003096115.fna.gz,vcholerae,75,7,2,4,37,12,1,38,
GCF_003096135.fna.gz,vcholerae,new_ST,14,5,146,273,237,1,12,
GCF_003097695.fna.gz,vcholerae,69,7,11,4,37,12,1,20,
GCF_003205555.fna.gz,vcholerae,515,7,11,4,206,12,1,20,
GCF_003205565.fna.gz,vcholerae,515,7,11,4,206,12,1,20,
GCF_003205635.fna.gz,vcholerae,69,7,11,4,37,12,1,20,
GCF_003205655.fna.gz,vcholerae,515,7,11,4,206,12,1,20,
GCF_003205675.fna.gz,vcholerae,515,7,11,4,206,12,1,20,
GCF_003205685.fna.gz,vcholerae,69,7,11,4,37,12,1,20,
GCF_003205705.fna.gz,vcholerae,515,7,11,4,206,12,1,20,
GCF_003205735.fna.gz,vcholerae,515,7,11,4,206,12,1,20,
GCF_003205755.fna.gz,vcholerae,515,7,11,4,206,12,1,20,
GCF_003205765.fna.gz,vcholerae,69,7,11,4,37,12,1,20,
GCF_003260135.fna.gz,vcholerae,618,62,5,7,214,78,1,173,
GCF_003312945.fna.gz,vcholerae,new_ST,106,44,14,44,66,56,200,
GCF_003347715.fna.gz,vcholerae,new_ST,14,5,45,19,201,1,39,
GCF_003347725.fna.gz,vcholerae,1270,53,5,14,9,51,1,47,
GCF_003347755.fna.gz,vcholerae,1277,7,155,14,88,128,128,35,
GCF_003347775.fna.gz,vcholerae,1339,1,74,21,273,2,1,65,
GCF_003347785.fna.gz,vcholerae,1270,53,5,14,9,51,1,47,
GCF_003347815.fna.gz,vcholerae,new_alleles,6,41,45,~126,18,1,~305,
GCF_003347835.fna.gz,vcholerae,1299,13,1,21,201,3,9,39,
GCF_003347855.fna.gz,vcholerae,1336,1,74,21,227,38,6,65,
GCF_003347865.fna.gz,vcholerae,new_ST,14,5,45,19,201,1,39,
GCF_003347895.fna.gz,vcholerae,1265,60,114,164,214,117,1,90,
GCF_003347905.fna.gz,vcholerae,1330,14,88,14,59,117,56,154,
GCF_003347915.fna.gz,vcholerae,1265,60,114,164,214,117,1,90,
GCF_003347935.fna.gz,vcholerae,1265,60,114,164,214,117,1,90,
GCF_003347945.fna.gz,vcholerae,1265,60,114,164,214,117,1,90,
GCF_003347995.fna.gz,vcholerae,1277,7,155,14,88,128,128,35,
GCF_003348015.fna.gz,vcholerae,new_alleles,58,8,135,~107,234,85,90,
GCF_003348035.fna.gz,vcholerae,new_alleles,58,8,135,~107,234,85,90,
GCF_003348055.fna.gz,vcholerae,1074,14,36,188,79,57,1,75,
GCF_003348065.fna.gz,vcholerae,1316,14,5,29,79,22,1,212,
GCF_003348095.fna.gz,vcholerae,1318,2,36,14,47,13,1,47,
GCF_003348115.fna.gz,vcholerae,1316,14,5,29,79,22,1,212,
GCF_003348135.fna.gz,vcholerae,1277,7,155,14,88,128,128,35,
GCF_003348145.fna.gz,vcholerae,1265,60,114,164,214,117,1,90,
GCF_003348175.fna.gz,vcholerae,1265,60,114,164,214,117,1,90,
GCF_003348195.fna.gz,vcholerae,67,6,4,14,35,15,3,46,
GCF_003348215.fna.gz,vcholerae,new_alleles,6,41,45,~126,18,1,~305,
GCF_003348235.fna.gz,vcholerae,new_ST,14,5,196,43,3,9,128,
GCF_003348245.fna.gz,vcholerae,new_alleles,6,41,45,~126,18,1,~305,
GCF_003348265.fna.gz,vcholerae,1270,53,5,14,9,51,1,47,
GCF_003348295.fna.gz,vcholerae,1265,60,114,164,214,117,1,90,
GCF_003348305.fna.gz,vcholerae,new_alleles,157,137,21,227,94,129,~286,
GCF_003348335.fna.gz,vcholerae,new_ST,14,5,45,19,201,1,39,
GCF_003348355.fna.gz,vcholerae,1265,60,114,164,214,117,1,90,
GCF_003348365.fna.gz,vcholerae,1299,13,1,21,201,3,9,39,
GCF_003348395.fna.gz,vcholerae,1265,60,114,164,214,117,1,90,
GCF_003348405.fna.gz,vcholerae,1277,7,155,14,88,128,128,35,
GCF_003348415.fna.gz,vcholerae,-,2,115,1,-,49,1,68,
GCF_003348445.fna.gz,vcholerae,1270,53,5,14,9,51,1,47,
GCF_003348465.fna.gz,vcholerae,new_alleles,58,8,135,~107,234,85,90,
GCF_003348485.fna.gz,vcholerae,1074,14,36,188,79,57,1,75,
GCF_003348515.fna.gz,vcholerae,1265,60,114,164,214,117,1,90,
GCF_003348535.fna.gz,vcholerae,1265,60,114,164,214,117,1,90,
GCF_003348545.fna.gz,vcholerae,1268,60,75,73,123,87,1,223,
GCF_003348575.fna.gz,vcholerae,1268,60,75,73,123,87,1,223,
GCF_003348585.fna.gz,vcholerae,new_alleles,58,8,135,~107,234,85,90,
GCF_003348595.fna.gz,vcholerae,1265,60,114,164,214,117,1,90,
GCF_003348635.fna.gz,vcholerae,1270,53,5,14,9,51,1,47,
GCF_003348655.fna.gz,vcholerae,1106,44,89,28,274,98,1,231,
GCF_003348665.fna.gz,vcholerae,1265,60,114,164,214,117,1,90,
GCF_003348675.fna.gz,vcholerae,1270,53,5,14,9,51,1,47,
GCF_003348715.fna.gz,vcholerae,1268,60,75,73,123,87,1,223,
GCF_003348735.fna.gz,vcholerae,new_alleles,13,48,7,104,49,129,~242,
GCF_003348745.fna.gz,vcholerae,335,14,81,14,43,99,71,132,
GCF_003348755.fna.gz,vcholerae,new_alleles,~14,58,181,~241,16,1,~209,
GCF_003348795.fna.gz,vcholerae,747,13,5,15,56,66,69,39,
GCF_003348815.fna.gz,vcholerae,1394,13,90,14,43,16,8,39,
GCF_003348825.fna.gz,vcholerae,750,14,1,14,130,6,8,39,
GCF_003348835.fna.gz,vcholerae,747,13,5,15,56,66,69,39,
GCF_003348875.fna.gz,vcholerae,747,13,5,15,56,66,69,39,
GCF_003348885.fna.gz,vcholerae,747,13,5,15,56,66,69,39,
GCF_003348905.fna.gz,vcholerae,747,13,5,15,56,66,69,39,
GCF_003348925.fna.gz,vcholerae,750,14,1,14,130,6,8,39,
GCF_003348955.fna.gz,vcholerae,747,13,5,15,56,66,69,39,
GCF_003348965.fna.gz,vcholerae,747,13,5,15,56,66,69,39,
GCF_003348985.fna.gz,vcholerae,new_alleles,14,90,~70,285,16,9,~213,
GCF_003348995.fna.gz,vcholerae,749,14,1,14,130,6,9,39,
GCF_003349035.fna.gz,vcholerae,768,73,81,14,285,161,101,211,
GCF_003349045.fna.gz,vcholerae,749,14,1,14,130,6,9,39,
GCF_003349055.fna.gz,vcholerae,new_alleles,13,1,14,130,3,~165,200,
GCF_003349065.fna.gz,vcholerae,1394,13,90,14,43,16,8,39,
GCF_003349115.fna.gz,vcholerae,new_alleles,14,90,~70,285,16,9,~213,
GCF_003349125.fna.gz,vcholerae,750,14,1,14,130,6,8,39,
GCF_003349145.fna.gz,vcholerae,751,14,78,63,128,61,1,163,
GCF_003349155.fna.gz,vcholerae,-,7,1,15,64,57,-,-,
GCF_003349195.fna.gz,vcholerae,-,14,1,14,130,-,9,39,
GCF_003349205.fna.gz,vcholerae,463,18,5,15,48,17,1,45,
GCF_003349215.fna.gz,vcholerae,747,13,5,15,56,66,69,39,
GCF_003349245.fna.gz,vcholerae,new_ST,3,130,14,437,190,9,214,
GCF_003349265.fna.gz,vcholerae,new_alleles,~114,44,109,~45,3,1,331,
GCF_003349275.fna.gz,vcholerae,769,14,5,29,47,22,1,212,
GCF_003349315.fna.gz,vcholerae,new_alleles,~114,44,109,~45,3,1,331,
GCF_003349325.fna.gz,vcholerae,771,14,130,14,287,3,9,214,
GCF_003349335.fna.gz,vcholerae,463,18,5,15,48,17,1,45,
GCF_003349365.fna.gz,vcholerae,747,13,5,15,56,66,69,39,
GCF_003349395.fna.gz,vcholerae,771,14,130,14,287,3,9,214,
GCF_003349405.fna.gz,vcholerae,749,14,1,14,130,6,9,39,
GCF_003349435.fna.gz,vcholerae,1398,51,92,109,36,66,9,45,
GCF_003349445.fna.gz,vcholerae,771,14,130,14,287,3,9,214,
GCF_003349475.fna.gz,vcholerae,new_alleles,13,1,14,130,3,~165,200,
GCF_003349495.fna.gz,vcholerae,1394,13,90,14,43,16,8,39,
GCF_003349525.fna.gz,vcholerae,new_ST,128,93,14,459,3,1,39,
GCF_003349545.fna.gz,vcholerae,750,14,1,14,130,6,8,39,
GCF_003349575.fna.gz,vcholerae,1404,6,55,14,188,107,8,75,
GCF_003349585.fna.gz,vcholerae,335,14,81,14,43,99,71,132,
GCF_003349615.fna.gz,vcholerae,-,13,1,14,130,-,~165,200,
GCF_003349625.fna.gz,vcholerae,1398,51,92,109,36,66,9,45,
GCF_003349645.fna.gz,vcholerae,770,13,44,11,286,3,102,213,
GCF_003349665.fna.gz,vcholerae,-,14,130,14,287,3,-,214,
GCF_003349685.fna.gz,vcholerae,new_ST,6,4,14,35,104,5,46,
GCF_003349715.fna.gz,vcholerae,771,14,130,14,287,3,9,214,
GCF_003349725.fna.gz,vcholerae,-,14,130,14,287,-,-,214,
GCF_003349745.fna.gz,vcholerae,768,73,81,14,285,161,101,211,
GCF_003349755.fna.gz,vcholerae,new_alleles,14,90,~70,285,16,9,~213,
GCF_003449075.fna.gz,vcholerae,336,57,76,14,115,18,1,101,
GCF_003449115.fna.gz,vcholerae,336,57,76,14,115,18,1,101,
GCF_003449125.fna.gz,vcholerae,336,57,76,14,115,18,1,101,
GCF_003449135.fna.gz,vcholerae,336,57,76,14,115,18,1,101,
GCF_003574155.fna.gz,vcholerae,69,7,11,4,37,12,1,20,
GCF_003574775.fna.gz,vcholerae,562,26,5,45,50,14,14,40,
GCF_003585335.fna.gz,vcholerae,new_ST,12,5,14,12,31,14,12,
GCF_003585365.fna.gz,vcholerae,new_ST,2,5,1,50,31,18,54,
GCF_003585385.fna.gz,vcholerae,new_ST,23,34,26,78,37,11,29,
GCF_003585405.fna.gz,vcholerae,new_ST,12,5,1,162,30,6,40,
GCF_003585465.fna.gz,vcholerae,-,7,11,~4,~37,-,~1,~20,
GCF_003585485.fna.gz,vcholerae,new_alleles,7,11,~4,37,~12,~1,20,
GCF_003585505.fna.gz,vcholerae,new_alleles,7,~11,~4,~37,12,~1,20,
GCF_003585535.fna.gz,vcholerae,-,7,-,~4,~37,12,~88,~20,
GCF_003585545.fna.gz,vcholerae,new_alleles,7,~11,4,37,~12,~1,20,
GCF_003591575.fna.gz,vcholerae,289,46,46,1,6,39,18,2,
GCF_003594505.fna.gz,vcholerae,new_ST,1,41,46,211,109,1,20,
GCF_003594515.fna.gz,vcholerae,new_ST,157,36,15,3,74,9,65,
GCF_003594535.fna.gz,vcholerae,328,1,23,52,47,89,6,43,
GCF_003594565.fna.gz,vcholerae,new_ST,1,41,46,211,109,1,20,
GCF_003716365.fna.gz,vcholerae,1358,3,49,2,67,117,53,9,
GCF_003716425.fna.gz,vcholerae,33,21,37,23,58,35,7,28,
GCF_003716435.fna.gz,vcholerae,1258,24,67,14,50,39,72,123,
GCF_003716465.fna.gz,vcholerae,new_alleles,1,88,14,16,66,~77,207,
GCF_003716505.fna.gz,vcholerae,1264,13,1,7,9,49,1,103,
GCF_003716515.fna.gz,vcholerae,new_alleles,14,5,15,~185,66,12,~351,
GCF_003719755.fna.gz,vcholerae,69,7,11,4,37,12,1,20,
GCF_004117115.fna.gz,vcholerae,1103,26,46,26,57,63,10,29,
GCF_004120565.fna.gz,vcholerae,69,7,11,4,37,12,1,20,
GCF_004120685.fna.gz,vcholerae,69,7,11,4,37,12,1,20,
GCF_004121685.fna.gz,vcholerae,69,7,11,4,37,12,1,20,
GCF_004121695.fna.gz,vcholerae,69,7,11,4,37,12,1,20,
GCF_004121735.fna.gz,vcholerae,69,7,11,4,37,12,1,20,
GCF_004121775.fna.gz,vcholerae,69,7,11,4,37,12,1,20,
GCF_004121795.fna.gz,vcholerae,69,7,11,4,37,12,1,20,
GCF_004121805.fna.gz,vcholerae,69,7,11,4,37,12,1,20,
GCF_004121815.fna.gz,vcholerae,69,7,11,4,37,12,1,20,
GCF_004121835.fna.gz,vcholerae,69,7,11,4,37,12,1,20,
GCF_004121875.fna.gz,vcholerae,69,7,11,4,37,12,1,20,
GCF_004121895.fna.gz,vcholerae,69,7,11,4,37,12,1,20,
GCF_004121905.fna.gz,vcholerae,69,7,11,4,37,12,1,20,
GCF_004121915.fna.gz,vcholerae,69,7,11,4,37,12,1,20,
GCF_004121945.fna.gz,vcholerae,69,7,11,4,37,12,1,20,
GCF_004121965.fna.gz,vcholerae,69,7,11,4,37,12,1,20,
GCF_004121995.fna.gz,vcholerae,69,7,11,4,37,12,1,20,
GCF_004122005.fna.gz,vcholerae,69,7,11,4,37,12,1,20,
GCF_004122015.fna.gz,vcholerae,69,7,11,4,37,12,1,20,
GCF_004122025.fna.gz,vcholerae,69,7,11,4,37,12,1,20,
GCF_004123205.fna.gz,vcholerae,69,7,11,4,37,12,1,20,
GCF_004123215.fna.gz,vcholerae,69,7,11,4,37,12,1,20,
GCF_004123225.fna.gz,vcholerae,69,7,11,4,37,12,1,20,
GCF_004309765.fna.gz,vcholerae,69,7,11,4,37,12,1,20,
GCF_004309965.fna.gz,vcholerae,69,7,11,4,37,12,1,20,
GCF_004310025.fna.gz,vcholerae,759,26,5,14,50,158,14,45,
GCF_004310265.fna.gz,vcholerae,71,7,11,4,37,12,1,38,
GCF_004328575.fna.gz,vcholerae,178,1,31,56,99,70,48,13,
GCF_004358215.fna.gz,vcholerae,69,7,11,4,37,12,1,20,
GCF_004358225.fna.gz,vcholerae,69,7,11,4,37,12,1,20,
GCF_004358245.fna.gz,vcholerae,69,7,11,4,37,12,1,20,
GCF_004358285.fna.gz,vcholerae,69,7,11,4,37,12,1,20,
GCF_004358295.fna.gz,vcholerae,167,56,31,56,93,68,48,13,
GCF_004801035.fna.gz,vcholerae,69,7,11,4,37,12,1,20,
GCF_004801055.fna.gz,vcholerae,69,7,11,4,37,12,1,20,
GCF_004801065.fna.gz,vcholerae,69,7,11,4,37,12,1,20,
GCF_005636015.fna.gz,vcholerae,new_ST,101,38,2,125,18,127,95,
GCF_005636045.fna.gz,vcholerae,new_alleles,53,41,14,227,~2,76,110,
GCF_005636065.fna.gz,vcholerae,new_ST,57,38,61,125,18,54,95,
GCF_005636075.fna.gz,vcholerae,new_ST,57,38,61,125,18,54,95,
GCF_005636115.fna.gz,vcholerae,new_alleles,53,41,14,227,~2,76,110,
GCF_005636125.fna.gz,vcholerae,new_alleles,53,41,14,227,~2,76,110,
GCF_005636155.fna.gz,vcholerae,new_alleles,53,41,14,227,~2,76,110,
GCF_005636165.fna.gz,vcholerae,new_alleles,53,41,14,227,~2,76,110,
GCF_005636175.fna.gz,vcholerae,new_ST,101,38,2,125,18,127,95,
GCF_006802045.fna.gz,vcholerae,671,3,1,102,106,49,95,46,
GCF_006802075.fna.gz,vcholerae,672,57,111,116,253,140,1,189,
GCF_006802145.fna.gz,vcholerae,673,1,41,7,258,38,96,1,
GCF_006802155.fna.gz,vcholerae,674,101,111,65,245,78,1,93,
GCF_006802165.fna.gz,vcholerae,648,2,114,14,249,111,1,180,
GCF_006802195.fna.gz,vcholerae,480,62,80,49,118,78,51,47,
GCF_006802205.fna.gz,vcholerae,675,14,29,14,250,10,1,22,
GCF_006802245.fna.gz,vcholerae,480,62,80,49,118,78,51,47,
GCF_006802255.fna.gz,vcholerae,653,13,111,46,251,2,1,93,
GCF_006802275.fna.gz,vcholerae,655,2,114,14,251,111,1,180,
GCF_006802285.fna.gz,vcholerae,656,2,111,116,253,140,1,183,
GCF_006802295.fna.gz,vcholerae,657,2,114,14,123,111,1,184,
GCF_006802345.fna.gz,vcholerae,654,77,38,72,252,10,1,93,
GCF_006802355.fna.gz,vcholerae,653,13,111,46,251,2,1,93,
GCF_006802365.fna.gz,vcholerae,652,13,117,14,250,75,91,182,
GCF_006802375.fna.gz,vcholerae,650,2,115,117,247,78,1,65,
GCF_006802395.fna.gz,vcholerae,651,61,116,14,246,61,1,181,
GCF_006802445.fna.gz,vcholerae,649,53,5,7,227,49,60,119,
GCF_006802465.fna.gz,vcholerae,648,2,114,14,249,111,1,180,
GCF_006802475.fna.gz,vcholerae,646,2,5,14,239,139,90,22,
GCF_006802485.fna.gz,vcholerae,645,1,113,7,247,109,9,179,
GCF_006802495.fna.gz,vcholerae,647,98,111,116,248,94,1,180,
GCF_006802545.fna.gz,vcholerae,644,62,80,49,118,78,1,47,
GCF_006802555.fna.gz,vcholerae,643,61,112,14,246,61,1,22,
GCF_006802575.fna.gz,vcholerae,642,65,1,72,69,64,1,22,
GCF_006802595.fna.gz,vcholerae,635,1,41,49,243,78,1,176,
GCF_006802605.fna.gz,vcholerae,641,2,1,72,146,64,1,22,
GCF_006802635.fna.gz,vcholerae,639,62,5,49,188,78,1,24,
GCF_006802655.fna.gz,vcholerae,640,14,38,65,146,91,1,93,
GCF_006802685.fna.gz,vcholerae,new_ST,102,110,114,244,144,1,177,
GCF_006802695.fna.gz,vcholerae,636,77,38,65,146,91,1,93,
GCF_006802705.fna.gz,vcholerae,638,2,111,115,245,2,1,178,
GCF_006802715.fna.gz,vcholerae,635,1,41,49,243,78,1,176,
GCF_006802735.fna.gz,vcholerae,634,62,80,49,118,78,1,118,
GCF_006802785.fna.gz,vcholerae,646,2,5,14,239,139,90,22,
GCF_006802795.fna.gz,vcholerae,633,57,41,14,242,138,89,173,
GCF_006802805.fna.gz,vcholerae,635,1,41,49,243,78,1,176,
GCF_006802815.fna.gz,vcholerae,664,13,5,118,255,62,1,185,
GCF_006802865.fna.gz,vcholerae,670,86,5,14,201,92,1,188,
GCF_006802905.fna.gz,vcholerae,8,11,27,11,56,19,1,4,
GCF_006802915.fna.gz,vcholerae,669,61,81,120,257,61,1,181,
GCF_006802925.fna.gz,vcholerae,460,14,5,14,192,18,60,96,
GCF_006802935.fna.gz,vcholerae,668,2,36,116,245,140,1,184,
GCF_006802945.fna.gz,vcholerae,667,100,1,14,256,54,94,187,
GCF_006803005.fna.gz,vcholerae,666,53,36,14,201,38,16,98,
GCF_006803015.fna.gz,vcholerae,664,13,5,118,255,62,1,185,
GCF_006803025.fna.gz,vcholerae,665,41,120,119,158,143,57,186,
GCF_006803035.fna.gz,vcholerae,663,99,119,23,254,36,93,140,
GCF_006803045.fna.gz,vcholerae,664,13,5,118,255,62,1,185,
GCF_006803105.fna.gz,vcholerae,661,2,50,14,239,142,1,9,
GCF_006803115.fna.gz,vcholerae,659,14,36,14,1,19,1,59,
GCF_006803125.fna.gz,vcholerae,660,2,23,15,161,141,92,35,
GCF_006803135.fna.gz,vcholerae,662,77,118,65,146,91,1,93,
GCF_006803155.fna.gz,vcholerae,658,11,95,11,56,103,1,45,
GCF_007050355.fna.gz,vcholerae,73,7,11,4,9,12,1,38,
GCF_007050395.fna.gz,vcholerae,73,7,11,4,9,12,1,38,
GCF_007623775.fna.gz,vcholerae,-,7,11,4,37,12,1,-,
GCF_007623785.fna.gz,vcholerae,69,7,11,4,37,12,1,20,
GCF_007623805.fna.gz,vcholerae,69,7,11,4,37,12,1,20,
GCF_007623875.fna.gz,vcholerae,69,7,11,4,37,12,1,20,
GCF_007623885.fna.gz,vcholerae,69,7,11,4,37,12,1,20,
GCF_007623905.fna.gz,vcholerae,69,7,11,4,37,12,1,20,
GCF_007623925.fna.gz,vcholerae,-,7,11,4,37,12,1,-,
GCF_007623935.fna.gz,vcholerae,new_alleles,1,31,56,~31,68,48,13,
GCF_007623975.fna.gz,vcholerae,new_ST,17,34,26,57,36,10,201,
GCF_007623985.fna.gz,vcholerae,69,7,11,4,37,12,1,20,
GCF_007623995.fna.gz,vcholerae,69,7,11,4,37,12,1,20,
GCF_007624005.fna.gz,vcholerae,69,7,11,4,37,12,1,20,
GCF_007624025.fna.gz,vcholerae,69,7,11,4,37,12,1,20,
GCF_007624075.fna.gz,vcholerae,69,7,11,4,37,12,1,20,
GCF_007624095.fna.gz,vcholerae,69,7,11,4,37,12,1,20,
GCF_007624105.fna.gz,vcholerae,69,7,11,4,37,12,1,20,
GCF_007624125.fna.gz,vcholerae,69,7,11,4,37,12,1,20,
GCF_007624145.fna.gz,vcholerae,1431,17,34,23,57,36,10,201,
GCF_007624155.fna.gz,vcholerae,69,7,11,4,37,12,1,20,
GCF_007624195.fna.gz,vcholerae,69,7,11,4,37,12,1,20,
GCF_007624205.fna.gz,vcholerae,69,7,11,4,37,12,1,20,
GCF_007624215.fna.gz,vcholerae,69,7,11,4,37,12,1,20,
GCF_007624255.fna.gz,vcholerae,69,7,11,4,37,12,1,20,
GCF_007624285.fna.gz,vcholerae,69,7,11,4,37,12,1,20,
GCF_007624295.fna.gz,vcholerae,69,7,11,4,37,12,1,20,
GCF_007624305.fna.gz,vcholerae,69,7,11,4,37,12,1,20,
GCF_007624355.fna.gz,vcholerae,69,7,11,4,37,12,1,20,
GCF_007624365.fna.gz,vcholerae,69,7,11,4,37,12,1,20,
GCF_007624385.fna.gz,vcholerae,69,7,11,4,37,12,1,20,
GCF_007624405.fna.gz,vcholerae,69,7,11,4,37,12,1,20,
GCF_007624415.fna.gz,vcholerae,69,7,11,4,37,12,1,20,
GCF_007624435.fna.gz,vcholerae,164,55,5,14,94,69,8,10,
GCF_007624475.fna.gz,vcholerae,69,7,11,4,37,12,1,20,
GCF_007624485.fna.gz,vcholerae,69,7,11,4,37,12,1,20,
GCF_007624515.fna.gz,vcholerae,69,7,11,4,37,12,1,20,
GCF_007624535.fna.gz,vcholerae,69,7,11,4,37,12,1,20,
GCF_007624555.fna.gz,vcholerae,69,7,11,4,37,12,1,20,
GCF_007624565.fna.gz,vcholerae,69,7,11,4,37,12,1,20,
GCF_007624575.fna.gz,vcholerae,69,7,11,4,37,12,1,20,
GCF_007624615.fna.gz,vcholerae,69,7,11,4,37,12,1,20,
GCF_007624625.fna.gz,vcholerae,69,7,11,4,37,12,1,20,
GCF_007624635.fna.gz,vcholerae,69,7,11,4,37,12,1,20,
GCF_007624655.fna.gz,vcholerae,69,7,11,4,37,12,1,20,
GCF_007624675.fna.gz,vcholerae,69,7,11,4,37,12,1,20,
GCF_007624715.fna.gz,vcholerae,69,7,11,4,37,12,1,20,
GCF_007624735.fna.gz,vcholerae,69,7,11,4,37,12,1,20,
GCF_007624755.fna.gz,vcholerae,69,7,11,4,37,12,1,20,
GCF_007624765.fna.gz,vcholerae,69,7,11,4,37,12,1,20,
GCF_007624775.fna.gz,vcholerae,69,7,11,4,37,12,1,20,
GCF_007624785.fna.gz,vcholerae,69,7,11,4,37,12,1,20,
GCF_007624835.fna.gz,vcholerae,69,7,11,4,37,12,1,20,
GCF_007624845.fna.gz,vcholerae,69,7,11,4,37,12,1,20,
GCF_007624875.fna.gz,vcholerae,69,7,11,4,37,12,1,20,
GCF_007624895.fna.gz,vcholerae,69,7,11,4,37,12,1,20,
GCF_007624905.fna.gz,vcholerae,69,7,11,4,37,12,1,20,
GCF_007624925.fna.gz,vcholerae,69,7,11,4,37,12,1,20,
GCF_007624935.fna.gz,vcholerae,69,7,11,4,37,12,1,20,
GCF_007624975.fna.gz,vcholerae,69,7,11,4,37,12,1,20,
GCF_007624995.fna.gz,vcholerae,69,7,11,4,37,12,1,20,
GCF_008083215.fna.gz,vcholerae,160,12,5,3,97,30,14,26,
GCF_008083225.fna.gz,vcholerae,558,26,5,14,50,31,14,45,
GCF_008083245.fna.gz,vcholerae,new_ST,12,5,14,33,30,6,25,
GCF_008083255.fna.gz,vcholerae,34,22,32,24,20,33,9,27,
GCF_008083315.fna.gz,vcholerae,new_ST,23,5,14,50,30,18,26,
GCF_008083325.fna.gz,vcholerae,new_ST,26,5,45,33,30,1,45,
GCF_008083335.fna.gz,vcholerae,new_ST,17,5,45,50,36,14,45,
GCF_008083355.fna.gz,vcholerae,new_ST,2,5,26,50,14,6,45,
GCF_008083365.fna.gz,vcholerae,new_alleles,53,41,9,87,209,~43,~65,
GCF_008083415.fna.gz,vcholerae,new_alleles,157,8,69,227,2,~43,65,
GCF_008083425.fna.gz,vcholerae,366,14,56,94,198,113,1,144,
GCF_008083445.fna.gz,vcholerae,new_alleles,1,5,1,~202,139,1,123,
GCF_008083455.fna.gz,vcholerae,new_ST,2,5,14,50,31,14,45,
GCF_008083515.fna.gz,vcholerae,163,26,5,45,50,31,14,45,
GCF_008083545.fna.gz,vcholerae,new_ST,14,14,4,240,22,17,35,
GCF_008083575.fna.gz,vcholerae,31,2,7,8,22,39,1,45,
GCF_008083585.fna.gz,vcholerae,new_ST,17,33,51,31,34,11,29,
GCF_008083615.fna.gz,vcholerae,new_alleles,7,1,46,~441,13,1,144,
GCF_008083635.fna.gz,vcholerae,new_alleles,2,57,46,~139,13,85,13,
GCF_008083645.fna.gz,vcholerae,new_ST,1,5,14,50,31,14,45,
GCF_008083665.fna.gz,vcholerae,21,16,33,26,31,34,11,26,
GCF_008083685.fna.gz,vcholerae,23,17,5,25,32,36,11,29,
GCF_008083715.fna.gz,vcholerae,4,1,41,21,4,2,16,43,
GCF_008083735.fna.gz,vcholerae,new_alleles,6,~4,15,35,146,3,35,
GCF_008083755.fna.gz,vcholerae,new_ST,84,33,124,31,34,11,29,
GCF_008083785.fna.gz,vcholerae,new_ST,13,36,52,47,88,1,200,
GCF_008083835.fna.gz,vcholerae,17,14,38,14,43,8,21,11,
GCF_008083855.fna.gz,vcholerae,1359,17,34,26,78,36,10,26,
GCF_008083865.fna.gz,vcholerae,new_alleles,55,129,15,~79,65,72,4,
GCF_008083875.fna.gz,vcholerae,new_alleles,152,41,2,~43,2,76,189,
GCF_008083915.fna.gz,vcholerae,new_alleles,1,41,15,368,150,~141,12,
GCF_008083925.fna.gz,vcholerae,new_alleles,2,~89,204,~126,220,1,~6,
GCF_008083955.fna.gz,vcholerae,new_alleles,2,46,3,22,30,18,~45,
GCF_008083975.fna.gz,vcholerae,new_ST,2,57,53,79,62,1,43,
GCF_008083995.fna.gz,vcholerae,new_alleles,24,5,1,~42,95,1,123,
GCF_008084025.fna.gz,vcholerae,new_ST,2,5,14,6,30,18,2,
GCF_008084055.fna.gz,vcholerae,new_alleles,73,~39,64,~388,17,1,35,
GCF_008084075.fna.gz,vcholerae,631,16,34,26,78,36,10,23,
GCF_008084235.fna.gz,vcholerae,11,12,5,3,33,31,18,26,
GCF_008084295.fna.gz,vcholerae,558,26,5,14,50,31,14,45,
GCF_008084305.fna.gz,vcholerae,973,1,5,1,108,14,1,29,
GCF_008084315.fna.gz,vcholerae,new_alleles,2,1,14,~208,139,1,45,
GCF_008084325.fna.gz,vcholerae,630,17,46,45,57,34,45,29,
GCF_008084375.fna.gz,vcholerae,5,1,42,4,60,20,1,12,
GCF_008084395.fna.gz,vcholerae,new_ST,12,5,79,264,30,6,40,
GCF_008084425.fna.gz,vcholerae,new_alleles,1,23,1,227,~68,66,83,
GCF_008084455.fna.gz,vcholerae,1118,55,170,75,382,13,1,45,
GCF_008084465.fna.gz,vcholerae,708,26,5,2,50,30,6,40,
GCF_008084495.fna.gz,vcholerae,74,7,12,14,37,12,1,36,
GCF_008084505.fna.gz,vcholerae,622,24,67,8,208,95,1,45,
GCF_008084525.fna.gz,vcholerae,703,14,5,14,8,29,1,44,
GCF_008084545.fna.gz,vcholerae,new_alleles,26,5,14,50,31,~14,45,
GCF_008084565.fna.gz,vcholerae,699,14,49,83,36,57,1,20,
GCF_008084595.fna.gz,vcholerae,new_ST,50,34,25,78,120,10,26,
GCF_008084605.fna.gz,vcholerae,new_ST,11,85,14,149,19,1,96,
GCF_008084635.fna.gz,vcholerae,623,26,5,14,50,31,14,123,
GCF_008084645.fna.gz,vcholerae,700,1,23,14,265,9,6,51,
GCF_008084655.fna.gz,vcholerae,625,14,49,113,48,25,1,98,
GCF_008084695.fna.gz,vcholerae,-,26,5,14,162,29,14,-,
GCF_008084705.fna.gz,vcholerae,619,1,36,4,36,22,1,83,
GCF_008084755.fna.gz,vcholerae,new_ST,1,1,7,9,49,1,103,
GCF_008084795.fna.gz,vcholerae,new_alleles,7,62,55,~136,47,1,4,
GCF_008084815.fna.gz,vcholerae,new_ST,14,6,29,407,25,1,3,
GCF_008084825.fna.gz,vcholerae,18,14,6,14,7,3,20,47,
GCF_008084835.fna.gz,vcholerae,35,22,32,24,20,5,1,27,
GCF_008084855.fna.gz,vcholerae,new_alleles,14,1,~14,44,6,9,39,
GCF_008085465.fna.gz,vcholerae,38,24,5,1,6,39,18,2,
GCF_008085485.fna.gz,vcholerae,1010,2,5,3,50,30,45,45,
GCF_008085495.fna.gz,vcholerae,new_alleles,26,5,14,50,31,~14,45,
GCF_008085525.fna.gz,vcholerae,14,14,14,4,53,22,17,35,
GCF_008085535.fna.gz,vcholerae,new_ST,18,81,14,48,59,1,45,
GCF_008085575.fna.gz,vcholerae,new_alleles,14,46,14,~376,68,1,~331,
GCF_008085585.fna.gz,vcholerae,626,14,23,52,240,89,6,43,
GCF_008085615.fna.gz,vcholerae,24,18,5,14,40,17,1,1,
GCF_008085625.fna.gz,vcholerae,new_ST,1,41,14,262,55,46,61,
GCF_008085635.fna.gz,vcholerae,new_ST,53,5,54,112,100,1,65,
GCF_008085675.fna.gz,vcholerae,new_ST,2,23,15,161,141,1,35,
GCF_008087115.fna.gz,vcholerae,69,7,11,4,37,12,1,20,
GCF_008087125.fna.gz,vcholerae,69,7,11,4,37,12,1,20,
GCF_008087145.fna.gz,vcholerae,69,7,11,4,37,12,1,20,
GCF_008087195.fna.gz,vcholerae,69,7,11,4,37,12,1,20,
GCF_008269325.fna.gz,vcholerae,new_ST,2,118,112,201,47,88,174,
GCF_008269335.fna.gz,vcholerae,new_ST,2,118,112,201,47,88,174,
GCF_008269345.fna.gz,vcholerae,new_alleles,2,38,161,~230,69,1,259,
GCF_008269355.fna.gz,vcholerae,75,7,2,4,37,12,1,38,
GCF_008269365.fna.gz,vcholerae,new_alleles,2,38,14,~290,89,1,24,
GCF_008269455.fna.gz,vcholerae,776,115,38,14,290,89,104,24,
GCF_008269465.fna.gz,vcholerae,75,7,2,4,37,12,1,38,
GCF_008271195.fna.gz,vcholerae,178,1,31,56,99,70,48,13,
GCF_008271265.fna.gz,vcholerae,75,7,2,4,37,12,1,38,
GCF_008271325.fna.gz,vcholerae,75,7,2,4,37,12,1,38,
GCF_008369465.fna.gz,vcholerae,new_alleles,114,30,97,123,66,9,~147,
GCF_008369485.fna.gz,vcholerae,new_alleles,114,30,97,123,66,9,~147,
GCF_008369505.fna.gz,vcholerae,new_alleles,114,30,97,123,66,9,~147,
GCF_008369525.fna.gz,vcholerae,new_alleles,114,30,97,123,66,9,~147,
GCF_008369565.fna.gz,vcholerae,new_alleles,114,30,97,123,66,9,~147,
GCF_008369585.fna.gz,vcholerae,new_alleles,114,30,97,123,66,9,~147,
GCF_008369605.fna.gz,vcholerae,new_alleles,18,41,14,~156,71,119,35,
GCF_008369625.fna.gz,vcholerae,new_alleles,138,~202,168,~447,167,108,235,
GCF_008369865.fna.gz,vcholerae,new_alleles,114,30,97,123,66,9,~147,
GCF_008369875.fna.gz,vcholerae,new_alleles,114,30,97,123,66,9,~147,
GCF_008370415.fna.gz,vcholerae,167,56,31,56,93,68,48,13,
GCF_008370425.fna.gz,vcholerae,new_alleles,26,38,14,~19,61,1,158,
GCF_008370435.fna.gz,vcholerae,776,115,38,14,290,89,104,24,
GCF_008370445.fna.gz,vcholerae,new_ST,2,38,15,201,89,88,181,
GCF_008370515.fna.gz,vcholerae,776,115,38,14,290,89,104,24,
GCF_008370525.fna.gz,vcholerae,776,115,38,14,290,89,104,24,
GCF_008370535.fna.gz,vcholerae,75,7,2,4,37,12,1,38,
GCF_008370545.fna.gz,vcholerae,75,7,2,4,37,12,1,38,
GCF_008370595.fna.gz,vcholerae,new_alleles,~48,~114,~48,326,109,1,181,
GCF_008370875.fna.gz,vcholerae,new_alleles,26,38,14,~19,61,1,158,
GCF_008632395.fna.gz,vcholerae,69,7,11,4,37,12,1,20,
GCF_009646135.fna.gz,vcholerae,73,7,11,4,9,12,1,38,
GCF_009653605.fna.gz,vcholerae,721,2,5,9,271,14,1,45,
GCF_009653685.fna.gz,vcholerae,69,7,11,4,37,12,1,20,
GCF_009653705.fna.gz,vcholerae,69,7,11,4,37,12,1,20,
GCF_009653715.fna.gz,vcholerae,69,7,11,4,37,12,1,20,
GCF_009653755.fna.gz,vcholerae,69,7,11,4,37,12,1,20,
GCF_009653765.fna.gz,vcholerae,69,7,11,4,37,12,1,20,
GCF_009707115.fna.gz,vcholerae,69,7,11,4,37,12,1,20,
GCF_009728205.fna.gz,vcholerae,69,7,11,4,37,12,1,20,
GCF_009728225.fna.gz,vcholerae,69,7,11,4,37,12,1,20,
GCF_009728255.fna.gz,vcholerae,69,7,11,4,37,12,1,20,
GCF_009728285.fna.gz,vcholerae,69,7,11,4,37,12,1,20,
GCF_009728295.fna.gz,vcholerae,69,7,11,4,37,12,1,20,
GCF_009728325.fna.gz,vcholerae,69,7,11,4,37,12,1,20,
GCF_009728345.fna.gz,vcholerae,69,7,11,4,37,12,1,20,
GCF_009728365.fna.gz,vcholerae,69,7,11,4,37,12,1,20,
GCF_009728375.fna.gz,vcholerae,69,7,11,4,37,12,1,20,
GCF_009728405.fna.gz,vcholerae,69,7,11,4,37,12,1,20,
GCF_009728415.fna.gz,vcholerae,178,1,31,56,99,70,48,13,
GCF_009728435.fna.gz,vcholerae,69,7,11,4,37,12,1,20,
GCF_009728505.fna.gz,vcholerae,69,7,11,4,37,12,1,20,
GCF_009728525.fna.gz,vcholerae,69,7,11,4,37,12,1,20,
GCF_009729525.fna.gz,vcholerae,69,7,11,4,37,12,1,20,
GCF_009762895.fna.gz,vcholerae,42,25,5,22,16,21,8,11,
GCF_009762915.fna.gz,vcholerae,1264,13,1,7,9,49,1,103,
GCF_009762945.fna.gz,vcholerae,42,25,5,22,16,21,8,11,
GCF_009762965.fna.gz,vcholerae,new_alleles,1,88,14,16,66,~77,207,
GCF_009762985.fna.gz,vcholerae,75,7,2,4,37,12,1,38,
GCF_009763045.fna.gz,vcholerae,new_alleles,14,38,14,43,8,~21,~11,
GCF_009763065.fna.gz,vcholerae,new_alleles,14,5,15,~185,66,12,~351,
GCF_009763665.fna.gz,vcholerae,1258,24,67,14,50,39,72,123,
GCF_009763825.fna.gz,vcholerae,69,7,11,4,37,12,1,20,
GCF_009763945.fna.gz,vcholerae,69,7,11,4,37,12,1,20,
GCF_009799825.fna.gz,vcholerae,515,7,11,4,206,12,1,20,
GCF_009858355.fna.gz,vcholerae,69,7,11,4,37,12,1,20,
GCF_009858365.fna.gz,vcholerae,69,7,11,4,37,12,1,20,
GCF_009858375.fna.gz,vcholerae,69,7,11,4,37,12,1,20,
GCF_009858395.fna.gz,vcholerae,69,7,11,4,37,12,1,20,
GCF_009858405.fna.gz,vcholerae,69,7,11,4,37,12,1,20,
GCF_009858425.fna.gz,vcholerae,69,7,11,4,37,12,1,20,
GCF_009858435.fna.gz,vcholerae,69,7,11,4,37,12,1,20,
GCF_009858455.fna.gz,vcholerae,69,7,11,4,37,12,1,20,
GCF_009858475.fna.gz,vcholerae,69,7,11,4,37,12,1,20,
GCF_009858505.fna.gz,vcholerae,69,7,11,4,37,12,1,20,
GCF_009858515.fna.gz,vcholerae,69,7,11,4,37,12,1,20,
GCF_009858545.fna.gz,vcholerae,69,7,11,4,37,12,1,20,
GCF_009858565.fna.gz,vcholerae,69,7,11,4,37,12,1,20,
GCF_009858595.fna.gz,vcholerae,69,7,11,4,37,12,1,20,
GCF_009858605.fna.gz,vcholerae,69,7,11,4,37,12,1,20,
GCF_009858615.fna.gz,vcholerae,69,7,11,4,37,12,1,20,
GCF_009858635.fna.gz,vcholerae,69,7,11,4,37,12,1,20,
GCF_009858655.fna.gz,vcholerae,69,7,11,4,37,12,1,20,
GCF_009858675.fna.gz,vcholerae,69,7,11,4,37,12,1,20,
GCF_009858715.fna.gz,vcholerae,69,7,11,4,37,12,1,20,
GCF_009858725.fna.gz,vcholerae,69,7,11,4,37,12,1,20,
GCF_009858735.fna.gz,vcholerae,69,7,11,4,37,12,1,20,
GCF_009858755.fna.gz,vcholerae,69,7,11,4,37,12,1,20,
GCF_009858795.fna.gz,vcholerae,69,7,11,4,37,12,1,20,
GCF_009858805.fna.gz,vcholerae,69,7,11,4,37,12,1,20,
GCF_009858815.fna.gz,vcholerae,69,7,11,4,37,12,1,20,
GCF_009858845.fna.gz,vcholerae,69,7,11,4,37,12,1,20,
GCF_009858855.fna.gz,vcholerae,69,7,11,4,37,12,1,20,
GCF_009858925.fna.gz,vcholerae,69,7,11,4,37,12,1,20,
GCF_009858935.fna.gz,vcholerae,69,7,11,4,37,12,1,20,
GCF_009858945.fna.gz,vcholerae,69,7,11,4,37,12,1,20,
GCF_009858955.fna.gz,vcholerae,69,7,11,4,37,12,1,20,
GCF_009858985.fna.gz,vcholerae,69,7,11,4,37,12,1,20,
GCF_009858995.fna.gz,vcholerae,69,7,11,4,37,12,1,20,
GCF_009898195.fna.gz,vcholerae,1349,23,34,26,78,36,10,29,
GCF_009898205.fna.gz,vcholerae,1349,23,34,26,78,36,10,29,
GCF_009899525.fna.gz,vcholerae,new_ST,24,5,14,47,39,18,45,
GCF_009899555.fna.gz,vcholerae,new_ST,24,5,14,47,39,18,45,
GCF_009899585.fna.gz,vcholerae,new_alleles,12,5,~50,78,30,1,45,
GCF_009938115.fna.gz,vcholerae,173,7,57,15,96,2,1,75,
GCF_010686605.fna.gz,vcholerae,680,2,23,15,9,59,1,35,
GCF_011074895.fna.gz,vcholerae,69,7,11,4,37,12,1,20,
GCF_011750775.fna.gz,vcholerae,73,7,11,4,9,12,1,38,
GCF_011750835.fna.gz,vcholerae,73,7,11,4,9,12,1,38,
GCF_011750865.fna.gz,vcholerae,73,7,11,4,9,12,1,38,
GCF_012275105.fna.gz,vcholerae,338,14,36,6,193,11,1,141,
GCF_012911575.fna.gz,vcholerae,69,7,11,4,37,12,1,20,
GCF_012972715.fna.gz,vcholerae,69,7,11,4,37,12,1,20,
GCF_013085075.fna.gz,vcholerae,69,7,11,4,37,12,1,20,
GCF_013085105.fna.gz,vcholerae,69,7,11,4,37,12,1,20,
GCF_013085125.fna.gz,vcholerae,69,7,11,4,37,12,1,20,
GCF_013085145.fna.gz,vcholerae,515,7,11,4,206,12,1,20,
GCF_013085165.fna.gz,vcholerae,69,7,11,4,37,12,1,20,
GCF_013110925.fna.gz,vcholerae,new_alleles,2,62,7,413,~84,60,145,
GCF_013110955.fna.gz,vcholerae,555,24,5,98,196,14,6,45,
GCF_013110975.fna.gz,vcholerae,1417,24,36,14,50,30,60,45,
GCF_013110985.fna.gz,vcholerae,69,7,11,4,37,12,1,20,
GCF_013110995.fna.gz,vcholerae,69,7,11,4,37,12,1,20,
GCF_013111005.fna.gz,vcholerae,69,7,11,4,37,12,1,20,
GCF_013111025.fna.gz,vcholerae,69,7,11,4,37,12,1,20,
GCF_013111075.fna.gz,vcholerae,69,7,11,4,37,12,1,20,
GCF_013111085.fna.gz,vcholerae,69,7,11,4,37,12,1,20,
GCF_013111095.fna.gz,vcholerae,69,7,11,4,37,12,1,20,
GCF_013111105.fna.gz,vcholerae,1418,13,41,14,258,70,1,1,
GCF_013111125.fna.gz,vcholerae,69,7,11,4,37,12,1,20,
GCF_013111175.fna.gz,vcholerae,1419,2,5,14,47,6,1,5,
GCF_013111195.fna.gz,vcholerae,new_alleles,152,60,2,~214,2,17,189,
GCF_013111215.fna.gz,vcholerae,1420,47,1,101,80,25,1,153,
GCF_013111245.fna.gz,vcholerae,1421,17,23,14,50,31,14,45,
GCF_013111275.fna.gz,vcholerae,new_alleles,2,62,7,413,~84,60,145,
GCF_013111295.fna.gz,vcholerae,new_ST,47,6,15,362,25,88,83,
GCF_013111305.fna.gz,vcholerae,729,1,11,14,17,23,1,69,
GCF_013111315.fna.gz,vcholerae,1358,3,49,2,67,117,53,9,
GCF_013111355.fna.gz,vcholerae,1358,3,49,2,67,117,53,9,
GCF_013111375.fna.gz,vcholerae,1358,3,49,2,67,117,53,9,
GCF_013111385.fna.gz,vcholerae,729,1,11,14,17,23,1,69,
GCF_013111395.fna.gz,vcholerae,1358,3,49,2,67,117,53,9,
GCF_013111435.fna.gz,vcholerae,1358,3,49,2,67,117,53,9,
GCF_013111455.fna.gz,vcholerae,1358,3,49,2,67,117,53,9,
GCF_013111465.fna.gz,vcholerae,1358,3,49,2,67,117,53,9,
GCF_013111495.fna.gz,vcholerae,729,1,11,14,17,23,1,69,
GCF_013111515.fna.gz,vcholerae,1352,14,36,14,33,30,14,4,
GCF_013111535.fna.gz,vcholerae,1018,2,23,15,161,54,1,35,
GCF_013111545.fna.gz,vcholerae,170,7,2,4,87,12,1,38,
GCF_013111575.fna.gz,vcholerae,170,7,2,4,87,12,1,38,
GCF_013111585.fna.gz,vcholerae,new_alleles,1,15,126,~42,24,5,43,
GCF_013111605.fna.gz,vcholerae,1133,88,5,14,50,31,14,45,
GCF_013111635.fna.gz,vcholerae,173,7,57,15,96,2,1,75,
GCF_013111655.fna.gz,vcholerae,1392,1,15,14,15,24,5,14,
GCF_013111675.fna.gz,vcholerae,1392,1,15,14,15,24,5,14,
GCF_013111685.fna.gz,vcholerae,173,7,57,15,96,2,1,75,
GCF_013111695.fna.gz,vcholerae,170,7,2,4,87,12,1,38,
GCF_013111735.fna.gz,vcholerae,170,7,2,4,87,12,1,38,
GCF_013111745.fna.gz,vcholerae,170,7,2,4,87,12,1,38,
GCF_013111775.fna.gz,vcholerae,69,7,11,4,37,12,1,20,
GCF_013111795.fna.gz,vcholerae,729,1,11,14,17,23,1,69,
GCF_013111805.fna.gz,vcholerae,737,26,5,2,50,30,18,45,
GCF_013111825.fna.gz,vcholerae,new_alleles,1,31,56,~392,3,1,235,
GCF_013111855.fna.gz,vcholerae,new_alleles,1,31,56,~392,3,1,235,
GCF_013111875.fna.gz,vcholerae,1133,88,5,14,50,31,14,45,
GCF_013111885.fna.gz,vcholerae,-,7,2,4,87,-,1,38,
GCF_013111915.fna.gz,vcholerae,170,7,2,4,87,12,1,38,
GCF_013111935.fna.gz,vcholerae,1133,88,5,14,50,31,14,45,
GCF_013111945.fna.gz,vcholerae,69,7,11,4,37,12,1,20,
GCF_013111965.fna.gz,vcholerae,729,1,11,14,17,23,1,69,
GCF_013111975.fna.gz,vcholerae,1358,3,49,2,67,117,53,9,
GCF_013357605.fna.gz,vcholerae,1396,1,1,4,4,29,17,231,
GCF_013357625.fna.gz,vcholerae,new_alleles,2,44,11,~64,3,8,43,
GCF_013357645.fna.gz,vcholerae,1024,2,44,11,64,6,8,43,
GCF_013357665.fna.gz,vcholerae,new_ST,11,125,14,1,19,1,59,
GCF_013357685.fna.gz,vcholerae,new_ST,13,39,14,297,66,8,163,
GCF_013357725.fna.gz,vcholerae,new_alleles,13,74,76,185,3,9,~279,
GCF_013357745.fna.gz,vcholerae,new_ST,73,36,14,292,6,9,200,
GCF_013357765.fna.gz,vcholerae,new_alleles,14,58,14,43,~70,9,39,
GCF_013357785.fna.gz,vcholerae,new_alleles,73,58,14,~337,66,8,137,
GCF_013357805.fna.gz,vcholerae,new_alleles,73,58,14,~337,66,8,137,
GCF_013357825.fna.gz,vcholerae,new_alleles,~1,138,~14,16,4,~77,163,
GCF_013357845.fna.gz,vcholerae,new_alleles,~1,138,~14,16,4,~77,163,
GCF_013357865.fna.gz,vcholerae,new_alleles,14,88,~14,265,4,~77,~280,
GCF_013357885.fna.gz,vcholerae,new_alleles,2,48,132,~47,66,99,331,
GCF_013378485.fna.gz,vcholerae,69,7,11,4,37,12,1,20,
GCF_013378545.fna.gz,vcholerae,69,7,11,4,37,12,1,20,
GCF_013414365.fna.gz,vcholerae,new_ST,1,75,4,79,72,1,83,
GCF_013414375.fna.gz,vcholerae,new_alleles,~23,33,45,78,34,11,25,
GCF_013414385.fna.gz,vcholerae,69,7,11,4,37,12,1,20,
GCF_013414395.fna.gz,vcholerae,69,7,11,4,37,12,1,20,
GCF_013414405.fna.gz,vcholerae,new_ST,17,13,14,32,120,11,29,
GCF_013414465.fna.gz,vcholerae,69,7,11,4,37,12,1,20,
GCF_013414485.fna.gz,vcholerae,69,7,11,4,37,12,1,20,
GCF_013414495.fna.gz,vcholerae,69,7,11,4,37,12,1,20,
GCF_013414505.fna.gz,vcholerae,69,7,11,4,37,12,1,20,
GCF_013414515.fna.gz,vcholerae,69,7,11,4,37,12,1,20,
GCF_013414565.fna.gz,vcholerae,new_ST,14,1,46,79,24,96,66,
GCF_013414585.fna.gz,vcholerae,69,7,11,4,37,12,1,20,
GCF_013414605.fna.gz,vcholerae,69,7,11,4,37,12,1,20,
GCF_013414615.fna.gz,vcholerae,new_ST,1,75,4,79,72,1,83,
GCF_013462495.fna.gz,vcholerae,69,7,11,4,37,12,1,20,
GCF_014116745.fna.gz,vcholerae,1415,103,23,14,265,18,17,24,
GCF_014217395.fna.gz,vcholerae,69,7,11,4,37,12,1,20,
GCF_014281135.fna.gz,vcholerae,1304,53,142,2,273,2,1,79,
GCF_014489005.fna.gz,vcholerae,69,7,11,4,37,12,1,20,
GCF_014489035.fna.gz,vcholerae,69,7,11,4,37,12,1,20,
GCF_014489045.fna.gz,vcholerae,69,7,11,4,37,12,1,20,
GCF_014489095.fna.gz,vcholerae,69,7,11,4,37,12,1,20,
GCF_014489135.fna.gz,vcholerae,69,7,11,4,37,12,1,20,
GCF_014489145.fna.gz,vcholerae,3,1,15,19,15,24,5,14,
GCF_014489315.fna.gz,vcholerae,69,7,11,4,37,12,1,20,
GCF_014525175.fna.gz,vcholerae,-,11,5,~66,~245,-,21,11,
GCF_014634265.fna.gz,vcholerae,new_alleles,~14,~104,14,36,~6,1,~1,
GCF_014634285.fna.gz,vcholerae,new_alleles,~14,~104,14,36,~6,1,~1,
GCF_014634305.fna.gz,vcholerae,new_alleles,~14,~104,14,36,~6,1,~1,
GCF_014634325.fna.gz,vcholerae,new_alleles,~14,~104,14,36,~6,1,~1,
GCF_014634345.fna.gz,vcholerae,new_alleles,~14,~104,14,36,~6,1,~1,
GCF_014634365.fna.gz,vcholerae,new_alleles,~14,~104,14,36,~6,1,~1,
GCF_014634385.fna.gz,vcholerae,new_alleles,14,~104,14,36,~6,1,1,
GCF_014634405.fna.gz,vcholerae,new_alleles,14,~104,14,36,~6,1,1,
GCF_014634425.fna.gz,vcholerae,new_alleles,14,~104,14,36,~6,1,1,
GCF_014634445.fna.gz,vcholerae,new_alleles,14,~104,14,36,~6,1,1,
GCF_014634465.fna.gz,vcholerae,new_alleles,14,~104,14,36,~6,1,1,
GCF_014634485.fna.gz,vcholerae,new_alleles,14,~104,14,36,~6,1,1,
GCF_014634565.fna.gz,vcholerae,new_alleles,14,~104,14,36,~6,1,1,
GCF_014634625.fna.gz,vcholerae,new_alleles,14,~104,14,36,~6,1,1,
GCF_014634645.fna.gz,vcholerae,new_alleles,14,~104,14,36,~6,1,1,
GCF_014634665.fna.gz,vcholerae,new_alleles,14,~104,14,36,~6,1,1,
GCF_014634685.fna.gz,vcholerae,new_alleles,14,~104,14,36,~6,1,1,
GCF_014654495.fna.gz,vcholerae,69,7,11,4,37,12,1,20,
GCF_014654545.fna.gz,vcholerae,1301,65,114,102,430,9,164,338,
GCF_014654565.fna.gz,vcholerae,1296,2,5,11,64,3,8,43,
GCF_014654575.fna.gz,vcholerae,69,7,11,4,37,12,1,20,
GCF_014654625.fna.gz,vcholerae,69,7,11,4,37,12,1,20,
GCF_014654645.fna.gz,vcholerae,69,7,11,4,37,12,1,20,
GCF_014654695.fna.gz,vcholerae,1287,13,44,15,262,228,8,12,
GCF_015168795.fna.gz,vcholerae,835,2,5,44,56,6,36,51,
GCF_015482825.fna.gz,vcholerae,69,7,11,4,37,12,1,20,
GCF_015686715.fna.gz,vcholerae,835,2,5,44,56,6,36,51,
GCF_015686735.fna.gz,vcholerae,835,2,5,44,56,6,36,51,
GCF_015686745.fna.gz,vcholerae,835,2,5,44,56,6,36,51,
GCF_015686775.fna.gz,vcholerae,835,2,5,44,56,6,36,51,
GCF_015686785.fna.gz,vcholerae,835,2,5,44,56,6,36,51,
GCF_015686815.fna.gz,vcholerae,835,2,5,44,56,6,36,51,
GCF_015686835.fna.gz,vcholerae,835,2,5,44,56,6,36,51,
GCF_015830005.fna.gz,vcholerae,new_ST,12,5,3,97,30,14,46,
GCF_015830025.fna.gz,vcholerae,524,1,5,14,50,31,14,46,
GCF_015830035.fna.gz,vcholerae,524,1,5,14,50,31,14,46,
GCF_016103055.fna.gz,vcholerae,69,7,11,4,37,12,1,20,
GCF_016103065.fna.gz,vcholerae,69,7,11,4,37,12,1,20,
GCF_016456575.fna.gz,vcholerae,1474,103,23,14,453,18,17,24,
GCF_016456615.fna.gz,vcholerae,1474,103,23,14,453,18,17,24,
GCF_016456645.fna.gz,vcholerae,1464,165,204,154,78,239,75,159,
GCF_016456655.fna.gz,vcholerae,1474,103,23,14,453,18,17,24,
GCF_016456685.fna.gz,vcholerae,714,2,5,1,50,30,18,54,
GCF_016456695.fna.gz,vcholerae,714,2,5,1,50,30,18,54,
GCF_016456725.fna.gz,vcholerae,new_ST,24,46,14,50,14,18,45,
GCF_016456735.fna.gz,vcholerae,714,2,5,1,50,30,18,54,
GCF_016456755.fna.gz,vcholerae,714,2,5,1,50,30,18,54,
GCF_016456785.fna.gz,vcholerae,709,14,6,46,247,57,1,75,
GCF_016456805.fna.gz,vcholerae,1472,2,5,11,266,6,56,192,
GCF_016456815.fna.gz,vcholerae,383,1,44,15,59,49,6,67,
GCF_016456845.fna.gz,vcholerae,1348,7,38,196,69,128,1,41,
GCF_016456875.fna.gz,vcholerae,1248,1,1,138,74,25,1,24,
GCF_016456905.fna.gz,vcholerae,1470,2,88,14,59,117,56,154,
GCF_016456915.fna.gz,vcholerae,1330,14,88,14,59,117,56,154,
GCF_016456925.fna.gz,vcholerae,1470,2,88,14,59,117,56,154,
GCF_016456945.fna.gz,vcholerae,1468,166,36,14,452,47,54,351,
GCF_016456985.fna.gz,vcholerae,1469,103,23,14,261,98,17,24,
GCF_016456995.fna.gz,vcholerae,1466,47,5,1,123,84,60,91,
GCF_016457005.fna.gz,vcholerae,1467,1,44,15,202,49,6,67,
GCF_016457045.fna.gz,vcholerae,1330,14,88,14,59,117,56,154,
GCF_016457055.fna.gz,vcholerae,196,2,23,59,105,18,1,82,
GCF_016457065.fna.gz,vcholerae,1330,14,88,14,59,117,56,154,
GCF_016457095.fna.gz,vcholerae,196,2,23,59,105,18,1,82,
GCF_016457125.fna.gz,vcholerae,1465,18,23,14,71,109,1,350,
GCF_016457135.fna.gz,vcholerae,new_ST,2,36,14,50,30,60,123,
GCF_016457155.fna.gz,vcholerae,1348,7,38,196,69,128,1,41,
GCF_016457185.fna.gz,vcholerae,1473,18,41,14,48,65,1,4,
GCF_016457205.fna.gz,vcholerae,1348,7,38,196,69,128,1,41,
GCF_017169515.fna.gz,vcholerae,722,17,34,26,272,34,11,26,
GCF_017169525.fna.gz,vcholerae,new_alleles,16,144,103,~315,10,~113,28,
GCF_017169545.fna.gz,vcholerae,722,17,34,26,272,34,11,26,
GCF_017426745.fna.gz,vcholerae,1492,1,205,201,119,80,53,106,
GCF_017426765.fna.gz,vcholerae,1492,1,205,201,119,80,53,106,
GCF_017426785.fna.gz,vcholerae,1493,132,5,7,381,2,1,9,
GCF_017426815.fna.gz,vcholerae,1492,1,205,201,119,80,53,106,
GCF_017426825.fna.gz,vcholerae,1492,1,205,201,119,80,53,106,
GCF_017426845.fna.gz,vcholerae,1492,1,205,201,119,80,53,106,
GCF_017426885.fna.gz,vcholerae,1492,1,205,201,119,80,53,106,
GCF_017426905.fna.gz,vcholerae,1495,14,30,15,458,66,170,189,
GCF_017426915.fna.gz,vcholerae,1494,14,5,14,282,66,6,165,
GCF_017426945.fna.gz,vcholerae,1495,14,30,15,458,66,170,189,
GCF_017426965.fna.gz,vcholerae,765,13,128,14,283,66,100,98,
GCF_017426985.fna.gz,vcholerae,1496,51,30,14,459,66,9,352,
GCF_017427005.fna.gz,vcholerae,1497,14,30,15,184,66,171,189,
GCF_017814615.fna.gz,vcholerae,85,3,23,15,48,47,35,5,
GCF_017948285.fna.gz,vcholerae,69,7,11,4,37,12,1,20,
GCF_017948345.fna.gz,vcholerae,69,7,11,4,37,12,1,20,
GCF_018035165.fna.gz,vcholerae,1411,71,13,1,33,58,11,45,
GCF_018310255.fna.gz,vcholerae,1480,7,2,4,47,12,1,75,
GCF_018336415.fna.gz,vcholerae,68,7,11,4,17,23,1,35,
GCF_018398015.fna.gz,vcholerae,69,7,11,4,37,12,1,20,
GCF_018398025.fna.gz,vcholerae,69,7,11,4,37,12,1,20,
GCF_018398035.fna.gz,vcholerae,69,7,11,4,37,12,1,20,
GCF_018398045.fna.gz,vcholerae,69,7,11,4,37,12,1,20,
GCF_018398085.fna.gz,vcholerae,69,7,11,4,37,12,1,20,
GCF_018398115.fna.gz,vcholerae,69,7,11,4,37,12,1,20,
GCF_018398135.fna.gz,vcholerae,69,7,11,4,37,12,1,20,
GCF_018398155.fna.gz,vcholerae,69,7,11,4,37,12,1,20,
GCF_018398175.fna.gz,vcholerae,69,7,11,4,37,12,1,20,
GCF_018398195.fna.gz,vcholerae,69,7,11,4,37,12,1,20,
GCF_018398205.fna.gz,vcholerae,69,7,11,4,37,12,1,20,
GCF_018398235.fna.gz,vcholerae,69,7,11,4,37,12,1,20,
GCF_018398255.fna.gz,vcholerae,69,7,11,4,37,12,1,20,
GCF_018916525.fna.gz,vcholerae,69,7,11,4,37,12,1,20,
GCF_018916535.fna.gz,vcholerae,69,7,11,4,37,12,1,20,
GCF_018916555.fna.gz,vcholerae,69,7,11,4,37,12,1,20,
GCF_018916575.fna.gz,vcholerae,-,7,11,4,37,-,1,20,
GCF_018916585.fna.gz,vcholerae,69,7,11,4,37,12,1,20,
GCF_018920385.fna.gz,vcholerae,69,7,11,4,37,12,1,20,
GCF_018920395.fna.gz,vcholerae,-,26,5,14,-,-,14,45,
GCF_018920425.fna.gz,vcholerae,new_ST,26,5,14,50,31,14,159,
GCF_018929275.fna.gz,vcholerae,69,7,11,4,37,12,1,20,
GCF_018929285.fna.gz,vcholerae,69,7,11,4,37,12,1,20,
GCF_018929315.fna.gz,vcholerae,69,7,11,4,37,12,1,20,
GCF_018929375.fna.gz,vcholerae,69,7,11,4,37,12,1,20,
GCF_018929395.fna.gz,vcholerae,515,7,11,4,206,12,1,20,
GCF_018929415.fna.gz,vcholerae,69,7,11,4,37,12,1,20,
GCF_018929475.fna.gz,vcholerae,69,7,11,4,37,12,1,20,
GCF_018929575.fna.gz,vcholerae,69,7,11,4,37,12,1,20,
GCF_018929615.fna.gz,vcholerae,69,7,11,4,37,12,1,20,
GCF_018929625.fna.gz,vcholerae,69,7,11,4,37,12,1,20,
GCF_018929655.fna.gz,vcholerae,69,7,11,4,37,12,1,20,
GCF_018929675.fna.gz,vcholerae,69,7,11,4,37,12,1,20,
GCF_018929775.fna.gz,vcholerae,69,7,11,4,37,12,1,20,
GCF_018929815.fna.gz,vcholerae,69,7,11,4,37,12,1,20,
GCF_019092625.fna.gz,vcholerae,new_alleles,~99,119,~137,~251,58,93,~315,
GCF_019092665.fna.gz,vcholerae,new_alleles,~99,119,~137,~251,58,93,~315,
GCF_019092705.fna.gz,vcholerae,new_alleles,~167,119,~103,~251,58,~115,~241,
GCF_019092725.fna.gz,vcholerae,new_alleles,~99,119,~137,~251,58,93,~315,
GCF_019092735.fna.gz,vcholerae,new_alleles,~99,119,~137,~251,58,93,~315,
GCF_019092765.fna.gz,vcholerae,new_alleles,~167,119,~103,~251,58,~115,~241,
GCF_019092805.fna.gz,vcholerae,new_alleles,~99,119,~137,~456,36,~93,~241,
GCF_019092825.fna.gz,vcholerae,new_alleles,~99,38,103,~254,36,~115,~183,
GCF_019092835.fna.gz,vcholerae,new_alleles,~99,38,103,~254,36,~115,~183,
GCF_019092945.fna.gz,vcholerae,new_alleles,~99,119,~137,~31,36,93,~241,
GCF_019092965.fna.gz,vcholerae,new_alleles,~99,38,103,~254,36,~115,~183,
GCF_019092975.fna.gz,vcholerae,new_alleles,~99,38,103,~254,36,~115,~183,
GCF_019093005.fna.gz,vcholerae,1304,53,142,2,273,2,1,79,
GCF_019093025.fna.gz,vcholerae,new_alleles,~99,119,~137,~251,58,93,~29,
GCF_019093035.fna.gz,vcholerae,new_alleles,~99,119,117?,~31,58,93,~29,
GCF_019093085.fna.gz,vcholerae,new_alleles,~167,66,~182,331,~58,93,~315,
GCF_019093095.fna.gz,vcholerae,new_alleles,~167,66,~182,331,~58,93,~315,
GCF_019093125.fna.gz,vcholerae,new_alleles,~99,119,~137,~31,36,~141,~117,
GCF_019093145.fna.gz,vcholerae,new_alleles,~99,~112,~137,~31,36,93,~315,
GCF_019093165.fna.gz,vcholerae,new_alleles,~167,66,~182,331,~58,93,~315,
GCF_019093175.fna.gz,vcholerae,new_alleles,~99,38,103,~254,36,~115,~183,
GCF_019093205.fna.gz,vcholerae,new_alleles,~99,~112,~137,~31,36,93,~315,
GCF_019273615.fna.gz,vcholerae,-,18,99,1,69,146,1,-,
GCF_019273635.fna.gz,vcholerae,new_ST,14,23,45,371,25,1,41,
GCF_019273655.fna.gz,vcholerae,-,51,92,163,91,66,9,-,
GCF_019273675.fna.gz,vcholerae,new_ST,14,23,45,371,25,1,41,
GCF_900185995.fna.gz,vcholerae,514,14,5,14,43,24,1,149,
GCF_900205735.fna.gz,vcholerae,69,7,11,4,37,12,1,20,
GCF_900324425.fna.gz,vcholerae,69,7,11,4,37,12,1,20,
GCF_900324435.fna.gz,vcholerae,new_alleles,~23,33,45,78,120,45,25,
GCF_900324445.fna.gz,vcholerae,69,7,11,4,37,12,1,20,
GCF_900324455.fna.gz,vcholerae,69,7,11,4,37,12,1,20,
GCF_900538065.fna.gz,vcholerae,1206,41,175,103,31,188,45,294,
GCF_900604885.fna.gz,vcholerae,69,7,11,4,37,12,1,20,
GCF_900604895.fna.gz,vcholerae,69,7,11,4,37,12,1,20,
GCF_900604905.fna.gz,vcholerae,69,7,11,4,37,12,1,20,
GCF_900604915.fna.gz,vcholerae,69,7,11,4,37,12,1,20,
GCF_902385755.fna.gz,vcholerae,69,7,11,4,37,12,1,20,
GCF_902809915.fna.gz,vcholerae,69,7,11,4,37,12,1,20,
GCF_902809995.fna.gz,vcholerae,new_alleles,14,49,46,~211,109,1,20,
GCF_902810005.fna.gz,vcholerae,new_alleles,157,39,76,~364,3,59,~128,
GCF_902810025.fna.gz,vcholerae,338,14,36,6,193,11,1,141,
